Year,City,Category,Item,Month_2,Month_3,Month_4,Month_5,Month_6,Month_7,Month_8,Month_9,Month_10,Month_11,Month_12
2023,Bahawalpur,Apparel & Footwear,Gents Sandal Bata,0.0,0.0,0.0,500.0,0.0,0.0,56.690000000000055,243.30999999999995,0.0,0.0,0.0
2023,Bahawalpur,Apparel & Footwear,Gents Sponge Chappal Bata,0.0,0.0,0.0,220.0,0.0,0.0,0.0,0.0,0.0,0.0,0.0
2023,Bahawalpur,Apparel & Footwear,Georgette (Average Quality),23.989999999999995,23.99000000000001,23.98999999999998,26.80000000000001,0.0,0.0,0.0,6.6699999999999875,0.0,23.129999999999995,3.3500000000000227
2023,Bahawalpur,Apparel & Footwear,Ladies Sandal Bata,0.0,0.0,0.0,100.0,0.0,0.0,0.0,0.0,0.0,0.0,0.0
2023,Bahawalpur,Apparel & Footwear,Lawn Printed Gul Ahmed/Al Karam,49.93000000000001,49.93000000000001,49.93000000000001,0.0,0.0,0.0,0.0,0.0,0.0,0.0,0.0
2023,Bahawalpur,Apparel & Footwear,"Long Cloth 57"" Gul Ahmed/Al Karam",155.92000000000002,155.92000000000002,155.92000000000002,0.0,0.0,50.0,0.0,0.0,0.0,0.0,0.0
2023,Bahawalpur,Apparel & Footwear,Shirting (Average Quality),2.7100000000000364,2.7099999999999795,2.7099999999999795,0.0,0.0,209.95000000000005,0.0,0.0,0.0,0.0,0.0
2023,Bahawalpur,Food & Beverages,Bananas (Kela) Local,47.67999999999998,47.68000000000001,47.68000000000001,0.0,-59.06,-86.65,-16.060000000000002,-14.159999999999997,2.510000000000005,-4.170000000000002,-9.489999999999995
2023,Bahawalpur,Food & Beverages,Beef with Bone (Average Quality),0.0,0.0,0.0,16.789999999999964,56.99000000000001,76.30000000000007,0.0,0.0,0.0,0.0,0.0
2023,Bahawalpur,Food & Beverages,Bread plain (Small Size),2.4099999999999966,2.4099999999999966,2.4099999999999966,7.590000000000003,0.0,0.0,0.0,7.420000000000002,2.5799999999999983,0.0,0.0
2023,Bahawalpur,Food & Beverages,Chicken Farm Broiler (Live),-1.8100000000000023,-1.8100000000000023,-1.8100000000000023,42.85000000000002,14.529999999999973,-18.44999999999999,-26.879999999999995,-23.670000000000016,-19.819999999999993,-3.1299999999999955,-0.9099999999999682
2023,Bahawalpur,Food & Beverages,Chilies Powder NATIONAL 200 gm Pa,0.0,0.0,0.0,0.0,0.0,0.0,97.04000000000002,87.95999999999998,0.0,0.0,0.0
2023,Bahawalpur,Food & Beverages,Cooked Beef at Average Hotel,1.5999999999999943,1.5999999999999943,1.5999999999999943,18.180000000000007,33.390000000000015,0.0,0.0,0.0,0.0,0.0,0.0
2023,Bahawalpur,Food & Beverages,Cooked Daal at Average Hotel,1.730000000000004,1.730000000000004,1.730000000000004,11.679999999999993,6.660000000000011,0.0,0.0,0.0,0.0,0.0,0.0
2023,Bahawalpur,Food & Beverages,Cooking Oil DALDA or Other Similar,0.0,0.0,0.0,0.0,0.0,0.0,0.0,0.0,-50.0,-67.34000000000015,-57.659999999999854
2023,Bahawalpur,Food & Beverages,Cooking Oil DALDA or Other Similar B,-69.98000000000002,-69.98000000000002,-69.98000000000002,0.0,-16.36999999999989,-135.26999999999998,-48.620000000000346,0.0,0.0,0.0,0.0
2023,Bahawalpur,Food & Beverages,Curd (Dahi) Loose,5.739999999999981,5.740000000000009,5.740000000000009,7.6699999999999875,0.0,0.0,0.0,6.409999999999997,11.830000000000013,1.759999999999991,0.0
2023,Bahawalpur,Food & Beverages,Eggs Hen (Farm),29.940000000000026,29.939999999999998,29.939999999999998,12.899999999999977,-31.899999999999977,7.090000000000003,39.25999999999996,0.11000000000001364,18.720000000000027,7.4599999999999795,37.81
2023,Bahawalpur,Food & Beverages,Garlic (Lehsun),-23.540000000000134,-23.539999999999964,-23.54000000000002,-13.620000000000005,-54.77999999999997,-18.439999999999998,76.84999999999997,102.59000000000003,24.00999999999999,45.059999999999945,38.33000000000004
2023,Bahawalpur,Food & Beverages,Gur (Average Quality),24.830000000000027,24.83,24.830000000000013,38.48999999999998,3.430000000000007,20.0,3.8600000000000136,17.779999999999973,-31.059999999999974,-30.580000000000013,0.0
2023,Bahawalpur,Food & Beverages,Milk fresh (Un-boiled),4.070000000000007,4.069999999999993,4.069999999999993,6.730000000000018,2.4499999999999886,2.490000000000009,0.8400000000000034,3.359999999999985,5.810000000000002,0.8400000000000034,0.0
2023,Bahawalpur,Food & Beverages,Mustard Oil (Average Quality),-22.659999999999968,-22.659999999999968,-22.659999999999968,12.629999999999995,-40.0,-3.2799999999999727,0.0,0.0,-15.079999999999984,-25.129999999999995,0.0
2023,Bahawalpur,Food & Beverages,Mutton (Average Quality),3.3900000000001,3.3899999999998727,3.3900000000001,32.569999999999936,33.330000000000155,0.0,26.329999999999927,40.38999999999987,0.0,0.0,0.0
2023,Bahawalpur,Food & Beverages,Onions,-56.63000000000008,-56.629999999999995,-56.63000000000001,-22.619999999999997,5.189999999999998,1.6000000000000014,10.340000000000003,19.50999999999999,22.409999999999997,10.970000000000013,32.39999999999999
2023,Bahawalpur,Food & Beverages,Potatoes,15.429999999999989,15.429999999999993,15.429999999999993,13.64,25.17,-10.019999999999996,0.0,0.0,0.0,6.319999999999993,-20.459999999999994
2023,Bahawalpur,Food & Beverages,Powdered Milk NIDO 390 gm Polyba,0.0,0.0,0.0,0.0,0.0,0.0,0.0,0.0,0.0,0.0,0.0
2023,Bahawalpur,Food & Beverages,Powdered Milk NIDO 390 gm Polybag,0.0,0.0,0.0,44.51999999999998,15.480000000000018,0.0,47.00999999999999,0.0,0.0,0.0,0.0
2023,Bahawalpur,Food & Beverages,Pulse Gram,-18.430000000000007,-18.430000000000007,-18.430000000000007,11.639999999999986,-8.45999999999998,-16.710000000000008,15.469999999999999,1.3499999999999943,-13.400000000000006,-12.669999999999987,0.6200000000000045
2023,Bahawalpur,Food & Beverages,Pulse Mash (Washed),15.409999999999968,15.410000000000082,15.410000000000025,5.75,14.25,4.920000000000016,32.039999999999964,56.31999999999999,-25.039999999999964,-5.6200000000000045,10.629999999999995
2023,Bahawalpur,Food & Beverages,Pulse Masoor (Washed),-7.180000000000007,-7.180000000000007,-7.180000000000007,0.0,-15.050000000000011,1.670000000000016,20.49000000000001,50.96999999999997,-4.829999999999984,-11.410000000000025,8.160000000000025
2023,Bahawalpur,Food & Beverages,Pulse Moong (Washed),-3.170000000000016,-3.169999999999959,-3.170000000000016,0.0,-15.050000000000011,-11.769999999999982,12.689999999999998,14.879999999999995,-5.800000000000011,-8.329999999999984,7.189999999999998
2023,Bahawalpur,Food & Beverages,Rice Basmati Broken (Average Qualit,0.0,0.0,0.0,0.0,9.189999999999998,3.3700000000000045,14.280000000000001,15.72999999999999,-10.990000000000009,-15.859999999999985,0.0
2023,Bahawalpur,Food & Beverages,Rice Basmati Broken (Average Quality,0.0,0.0,0.0,12.669999999999987,0.0,0.0,0.0,0.0,0.0,0.0,0.0
2023,Bahawalpur,Food & Beverages,Rice IRRI-6/9 (Sindh/Punjab),3.3000000000000114,3.299999999999983,3.3000000000000114,3.3700000000000045,0.0,0.0,2.6599999999999966,4.069999999999993,-2.5500000000000114,-7.449999999999989,0.0
2023,Bahawalpur,Food & Beverages,Salt Powdered (NATIONAL/SHAN) 80,0.0,0.0,0.0,0.0,0.0,4.770000000000003,5.229999999999997,10.0,0.0,0.0,0.0
2023,Bahawalpur,Food & Beverages,Sugar Refined,15.519999999999996,15.519999999999996,15.519999999999996,-2.1099999999999994,1.6299999999999955,16.250000000000014,15.629999999999995,12.180000000000007,-16.610000000000014,-13.370000000000005,3.8499999999999943
2023,Bahawalpur,Food & Beverages,Tea Lipton Yellow Label 190 gm Pack,63.410000000000025,63.410000000000025,63.410000000000025,0.0,0.0,0.0,0.0,-12.010000000000105,-3.949999999999932,95.56999999999994,-95.56999999999994
2023,Bahawalpur,Food & Beverages,Tea Prepared Ordinary,0.0,0.0,0.0,0.0,0.0,0.0,0.0,0.0,0.0,5.729999999999997,4.270000000000003
2023,Bahawalpur,Food & Beverages,Tomatoes,-29.010000000000005,-29.010000000000005,-29.009999999999998,-12.909999999999997,17.4,49.34,27.33999999999999,-15.569999999999993,13.760000000000005,34.260000000000005,-51.66000000000001
2023,Bahawalpur,Food & Beverages,Vegetable Ghee DALDA/HABIB 2.5 kg,-37.30000000000018,-37.299999999999955,-37.299999999999955,0.0,0.0,-68.0,-36.11999999999989,-34.65000000000009,-1.25,-24.160000000000082,-52.88999999999987
2023,Bahawalpur,Food & Beverages,Vegetable Ghee DALDA/HABIB or Ot,0.0,0.0,0.0,0.0,0.0,0.0,0.0,0.0,-5.0499999999999545,-21.050000000000068,-11.899999999999977
2023,Bahawalpur,Food & Beverages,Vegetable Ghee DALDA/HABIB or Oth,-15.950000000000045,-15.950000000000045,-15.950000000000045,0.0,-16.350000000000023,-19.399999999999977,-14.299999999999955,0.0,0.0,0.0,0.0
2023,Bahawalpur,Food & Beverages,Wheat Flour Bag,737.8999999999999,737.8999999999999,737.8999999999999,-14.210000000000036,-40.48000000000002,293.80999999999995,37.43000000000029,26.659999999999854,-26.980000000000018,18.720000000000255,1.3899999999998727
2023,Bahawalpur,Household Equipment,Energy Saver Philips 14 Watt,0.0,0.0,0.0,0.0,0.0,0.0,40.889999999999986,31.810000000000002,0.0,0.0,0.0
2023,Bahawalpur,Household Equipment,Match Box,0.41999999999999993,0.41999999999999993,0.41999999999999993,0.0,0.0,0.0,0.0,0.2400000000000002,0.7599999999999998,0.0,0.0
2023,Bahawalpur,Housing Water & Energy,Electricity Charges upto 50 Units,-0.23999999999999932,-0.23999999999999932,-0.23999999999999932,-0.08000000000000007,0.0,0.2999999999999998,1.0899999999999999,0.03000000000000025,0.4800000000000004,-0.6500000000000004,-0.3600000000000003
2023,Bahawalpur,Housing Water & Energy,Firewood Whole,0.0,0.0,0.0,0.0,0.0,0.0,0.0,0.0,0.0,0.0,49.0
2023,Bahawalpur,Housing Water & Energy,Gas Charges upto 3.3719 MMBTU,0.0,0.0,0.0,0.0,0.0,0.0,0.0,0.0,0.0,0.0,1416.0
2023,Bahawalpur,Housing Water & Energy,LPG 11.67 kg Cylinder,112.51999999999998,112.51999999999998,112.51999999999998,-236.69999999999982,-532.0200000000004,-127.39999999999964,344.3199999999997,308.34000000000015,54.51999999999998,-99.0,44.48000000000002
2023,Bahawalpur,Miscellaneous,Cigarettes Capstan 20'S Packet,0.0,0.0,0.0,0.0,0.0,0.0,0.0,0.0,0.0,0.0,0.0
2023,Bahawalpur,Personal Care,Sufi Washing Soap 250 gm Cake,2.4299999999999926,2.430000000000007,2.430000000000007,0.8199999999999932,0.0,0.0,0.0,0.0,0.0,0.0,0.0
2023,Bahawalpur,Personal Care,Toilet Soap LIFEBUOY 115 gm,0.0,0.0,0.0,12.829999999999998,4.650000000000006,0.0,0.0,0.0,0.0,0.0,0.0
2023,Bahawalpur,Transport & Communication,Hi-Speed Diesel,5.329999999999984,5.330000000000098,5.330000000000041,-20.380000000000052,-19.629999999999967,4.010000000000019,28.189999999999998,35.25,-9.700000000000045,-11.299999999999955,-16.370000000000005
2023,Bahawalpur,Transport & Communication,Petrol Super,7.03000000000003,7.029999999999916,7.029999999999973,-1.009999999999991,-14.009999999999991,-4.53000000000003,25.829999999999984,34.860000000000014,-15.289999999999964,-20.5,-7.900000000000034
2023,Bahawalpur,Transport & Communication,Telephone Call Charges,0.0,0.0,0.0,0.0,0.0,0.0,0.0,0.0,0.0,0.0,0.0
2023,Bannu,Apparel & Footwear,Gents Sandal Bata,0.0,0.0,0.0,500.0,0.0,0.0,56.690000000000055,243.30999999999995,0.0,0.0,0.0
2023,Bannu,Apparel & Footwear,Gents Sponge Chappal Bata,0.0,0.0,0.0,220.0,0.0,0.0,0.0,0.0,0.0,0.0,0.0
2023,Bannu,Apparel & Footwear,Georgette (Average Quality),0.0,0.0,0.0,0.0,0.0,0.0,0.0,0.0,0.0,0.0,0.0
2023,Bannu,Apparel & Footwear,Ladies Sandal Bata,0.0,0.0,0.0,100.0,0.0,0.0,0.0,0.0,0.0,0.0,0.0
2023,Bannu,Apparel & Footwear,Lawn Printed Gul Ahmed/Al Karam,0.0,0.0,0.0,12.129999999999995,37.870000000000005,0.0,0.0,0.0,0.0,0.0,0.0
2023,Bannu,Apparel & Footwear,"Long Cloth 57"" Gul Ahmed/Al Karam",0.0,0.0,0.0,50.910000000000025,189.08999999999997,0.0,0.0,0.0,0.0,0.0,0.0
2023,Bannu,Apparel & Footwear,Shirting (Average Quality),0.0,0.0,0.0,11.949999999999989,38.05000000000001,0.0,0.0,0.0,0.0,0.0,0.0
2023,Bannu,Food & Beverages,Bananas (Kela) Local,65.56000000000009,65.56,65.56000000000003,-79.87000000000003,-16.629999999999995,-52.66,-32.80000000000001,-12.539999999999992,-18.58,1.2999999999999972,8.840000000000003
2023,Bannu,Food & Beverages,Beef with Bone (Average Quality),37.120000000000005,37.120000000000005,37.120000000000005,12.879999999999995,37.14999999999998,12.850000000000023,0.0,0.0,0.0,0.0,0.0
2023,Bannu,Food & Beverages,Bread plain (Small Size),0.0,0.0,0.0,0.0,0.0,0.0,0.0,0.0,0.0,0.0,0.0
2023,Bannu,Food & Beverages,Chicken Farm Broiler (Live),9.79000000000002,9.789999999999907,9.789999999999964,37.77000000000004,18.5,-33.960000000000036,-3.329999999999984,-24.079999999999984,-36.81999999999999,12.889999999999986,-10.910000000000025
2023,Bannu,Food & Beverages,Chilies Powder NATIONAL 200 gm Pa,0.0,0.0,0.0,0.0,0.0,0.0,185.0,0.0,0.0,0.0,0.0
2023,Bannu,Food & Beverages,Cooked Beef at Average Hotel,26.570000000000007,26.569999999999993,26.569999999999993,34.900000000000006,38.53,0.0,0.0,0.0,0.0,0.0,0.0
2023,Bannu,Food & Beverages,Cooked Daal at Average Hotel,0.0,0.0,0.0,0.0,0.0,0.0,0.0,20.0,0.0,0.0,0.0
2023,Bannu,Food & Beverages,Cooking Oil DALDA or Other Similar,0.0,0.0,0.0,0.0,0.0,0.0,0.0,0.0,-30.289999999999964,-124.80999999999995,16.449999999999818
2023,Bannu,Food & Beverages,Cooking Oil DALDA or Other Similar B,213.17000000000007,213.17000000000007,213.17000000000007,-218.75,-223.0,-2.150000000000091,-174.32999999999993,0.0,0.0,0.0,0.0
2023,Bannu,Food & Beverages,Curd (Dahi) Loose,0.0,0.0,0.0,0.0,3.219999999999999,10.050000000000011,0.0,3.329999999999984,0.0,0.0,0.0
2023,Bannu,Food & Beverages,Eggs Hen (Farm),8.860000000000014,8.859999999999985,8.859999999999985,12.439999999999998,5.110000000000014,-1.6399999999999864,3.2900000000000205,19.889999999999986,13.230000000000018,16.789999999999964,42.68000000000001
2023,Bannu,Food & Beverages,Garlic (Lehsun),0.0,0.0,0.0,-46.079999999999984,18.319999999999993,27.75999999999999,29.29000000000002,93.80000000000001,76.90999999999997,9.67999999999995,14.82000000000005
2023,Bannu,Food & Beverages,Gur (Average Quality),0.0,0.0,0.0,0.0,0.0,18.439999999999998,27.870000000000005,43.94999999999999,-10.240000000000009,-19.359999999999985,-3.969999999999999
2023,Bannu,Food & Beverages,Milk fresh (Un-boiled),0.0,0.0,0.0,0.0,1.7299999999999898,1.75,1.3200000000000216,5.4199999999999875,-2.5600000000000023,-0.8499999999999943,0.0
2023,Bannu,Food & Beverages,Mustard Oil (Average Quality),-46.75999999999999,-46.75999999999999,-46.759999999999934,-9.5,-40.98000000000002,2.4700000000000273,0.0,0.0,-13.770000000000039,-5.839999999999975,1.8999999999999773
2023,Bannu,Food & Beverages,Mutton (Average Quality),80.69000000000005,80.69000000000005,80.69000000000005,0.0,47.15000000000009,152.8499999999999,0.0,0.0,0.0,0.0,0.0
2023,Bannu,Food & Beverages,Onions,-56.78,-56.78,-56.78,-32.49000000000001,4.850000000000001,4.170000000000002,2.1799999999999997,19.019999999999996,15.439999999999998,24.75,25.150000000000006
2023,Bannu,Food & Beverages,Potatoes,19.64,19.639999999999997,19.64,16.72,9.36,6.159999999999997,6.920000000000002,7.6000000000000085,-17.340000000000003,3.2099999999999937,-21.89999999999999
2023,Bannu,Food & Beverages,Powdered Milk NIDO 390 gm Polyba,0.0,0.0,0.0,0.0,0.0,0.0,0.0,0.0,0.0,0.0,0.0
2023,Bannu,Food & Beverages,Powdered Milk NIDO 390 gm Polybag,0.0,0.0,0.0,7.460000000000036,32.539999999999964,10.0,90.0,0.0,0.0,0.0,0.0
2023,Bannu,Food & Beverages,Pulse Gram,-5.02000000000001,-5.019999999999982,-5.02000000000001,-6.659999999999997,-4.1200000000000045,-3.3700000000000045,-0.19999999999998863,30.110000000000014,-24.110000000000014,6.009999999999991,15.650000000000006
2023,Bannu,Food & Beverages,Pulse Mash (Washed),24.209999999999866,24.210000000000036,24.20999999999998,7.480000000000018,23.189999999999998,19.329999999999984,3.9399999999999977,36.06,0.0,-4.059999999999945,13.969999999999914
2023,Bannu,Food & Beverages,Pulse Masoor (Washed),-0.6499999999999773,-0.6500000000000057,-0.6500000000000057,22.75,4.720000000000027,-10.880000000000052,7.340000000000032,55.599999999999966,-10.159999999999968,-15.470000000000027,16.100000000000023
2023,Bannu,Food & Beverages,Pulse Moong (Washed),1.4800000000001319,1.4799999999999613,1.4800000000000182,-4.280000000000001,-20.080000000000013,0.10000000000002274,5.399999999999977,18.75999999999999,-10.629999999999967,12.539999999999992,8.189999999999998
2023,Bannu,Food & Beverages,Rice Basmati Broken (Average Qualit,0.0,0.0,0.0,0.0,0.0,4.099999999999994,16.189999999999998,9.710000000000008,-3.3899999999999864,-6.610000000000014,0.0
2023,Bannu,Food & Beverages,Rice Basmati Broken (Average Quality,0.0,0.0,0.0,12.300000000000011,0.0,0.0,0.0,0.0,0.0,0.0,0.0
2023,Bannu,Food & Beverages,Rice IRRI-6/9 (Sindh/Punjab),0.0,0.0,0.0,0.0,0.0,12.449999999999989,0.8200000000000216,5.019999999999982,-2.530000000000001,-5.759999999999991,0.0
2023,Bannu,Food & Beverages,Salt Powdered (NATIONAL/SHAN) 80,0.0,0.0,0.0,0.0,0.0,7.329999999999998,2.6700000000000017,0.0,0.0,0.0,0.0
2023,Bannu,Food & Beverages,Sugar Refined,15.549999999999997,15.549999999999997,15.549999999999997,-2.219999999999999,3.430000000000007,17.919999999999987,14.0,14.140000000000015,-14.080000000000013,-15.599999999999994,4.090000000000003
2023,Bannu,Food & Beverages,Tea Lipton Yellow Label 190 gm Pack,0.0,0.0,0.0,67.19,78.11000000000007,0.0,0.0,0.0,-8.040000000000077,-7.92999999999995,0.0
2023,Bannu,Food & Beverages,Tea Prepared Ordinary,0.0,0.0,0.0,0.0,0.0,0.0,2.1199999999999974,1.4600000000000009,0.0,0.0,0.0
2023,Bannu,Food & Beverages,Tomatoes,-1.6700000000000017,-1.6699999999999946,-1.6699999999999946,-17.36,-4.18,46.43,6.700000000000003,-20.510000000000005,-0.8900000000000006,75.4,-39.49000000000001
2023,Bannu,Food & Beverages,Vegetable Ghee DALDA/HABIB 2.5 kg,58.75999999999999,58.75999999999999,58.75999999999999,-56.72000000000003,-86.99000000000001,-0.8299999999999272,-49.17000000000007,37.319999999999936,6.380000000000109,-88.74000000000001,19.779999999999973
2023,Bannu,Food & Beverages,Vegetable Ghee DALDA/HABIB or Ot,0.0,0.0,0.0,0.0,0.0,0.0,0.0,0.0,-13.360000000000014,-6.639999999999986,0.0
2023,Bannu,Food & Beverages,Vegetable Ghee DALDA/HABIB or Oth,0.0,0.0,0.0,-15.019999999999982,-34.98000000000002,-1.2799999999999727,-12.75,0.0,0.0,0.0,0.0
2023,Bannu,Food & Beverages,Wheat Flour Bag,794.7899999999997,794.7900000000002,794.79,37.42000000000007,-392.0999999999999,146.75999999999976,-11.940000000000055,51.88999999999987,17.990000000000236,82.32999999999993,27.960000000000036
2023,Bannu,Household Equipment,Energy Saver Philips 14 Watt,0.0,0.0,0.0,0.0,0.0,0.0,0.0,0.0,0.0,0.0,0.0
2023,Bannu,Household Equipment,Match Box,0.0,0.0,0.0,0.0,0.0,0.0,0.0,0.0,0.0,0.0,0.0
2023,Bannu,Housing Water & Energy,Electricity Charges upto 50 Units,-0.23999999999999932,-0.23999999999999932,-0.23999999999999932,-0.08000000000000007,0.0,0.2999999999999998,1.0899999999999999,0.03000000000000025,0.4800000000000004,-0.6500000000000004,-0.3600000000000003
2023,Bannu,Housing Water & Energy,Firewood Whole,0.0,0.0,0.0,0.0,0.0,0.0,0.0,0.0,95.80999999999995,0.0,0.0
2023,Bannu,Housing Water & Energy,Gas Charges upto 3.3719 MMBTU,0.0,0.0,0.0,0.0,0.0,0.0,0.0,0.0,0.0,0.0,1416.0
2023,Bannu,Housing Water & Energy,LPG 11.67 kg Cylinder,-83.77999999999884,-83.7800000000002,-83.77999999999975,-22.240000000000236,-601.5299999999997,-135.22000000000025,301.7000000000003,311.15999999999985,37.2199999999998,-47.44999999999982,60.23000000000002
2023,Bannu,Miscellaneous,Cigarettes Capstan 20'S Packet,-5.060000000000002,-5.060000000000002,-5.060000000000002,-4.939999999999998,0.0,0.0,0.0,0.0,0.0,0.0,0.0
2023,Bannu,Personal Care,Sufi Washing Soap 250 gm Cake,0.0,0.0,0.0,0.0,0.0,0.0,9.900000000000006,2.5999999999999943,-3.240000000000009,-9.259999999999991,0.0
2023,Bannu,Personal Care,Toilet Soap LIFEBUOY 115 gm,0.0,0.0,0.0,0.0,18.129999999999995,13.340000000000003,0.0,0.0,0.0,0.0,0.0
2023,Bannu,Transport & Communication,Hi-Speed Diesel,5.290000000000134,5.289999999999964,5.2900000000000205,-20.410000000000025,-19.589999999999975,4.680000000000007,28.94999999999999,35.099999999999966,-9.819999999999993,-11.329999999999984,-16.409999999999968
2023,Bannu,Transport & Communication,Petrol Super,6.340000000000032,6.339999999999918,6.339999999999975,-1.0,-13.759999999999991,-3.829999999999984,26.599999999999966,34.76999999999998,-15.399999999999977,-20.54000000000002,-7.889999999999986
2023,Bannu,Transport & Communication,Telephone Call Charges,0.0,0.0,0.0,0.0,0.0,0.0,0.0,0.0,0.0,0.0,0.0
2023,Faisalabad,Apparel & Footwear,Gents Sandal Bata,0.0,0.0,0.0,500.0,0.0,0.0,56.690000000000055,243.30999999999995,0.0,0.0,0.0
2023,Faisalabad,Apparel & Footwear,Gents Sponge Chappal Bata,0.0,0.0,0.0,220.0,0.0,0.0,0.0,0.0,0.0,0.0,0.0
2023,Faisalabad,Apparel & Footwear,Georgette (Average Quality),23.710000000000008,23.70999999999998,23.710000000000008,4.930000000000007,52.22999999999999,52.83000000000001,45.06999999999999,0.0,0.0,0.0,0.0
2023,Faisalabad,Apparel & Footwear,Ladies Sandal Bata,0.0,0.0,0.0,100.0,0.0,0.0,0.0,0.0,0.0,0.0,0.0
2023,Faisalabad,Apparel & Footwear,Lawn Printed Gul Ahmed/Al Karam,57.74000000000001,57.74000000000001,57.74000000000001,12.950000000000045,0.0,0.0,0.0,0.0,0.0,0.0,0.0
2023,Faisalabad,Apparel & Footwear,"Long Cloth 57"" Gul Ahmed/Al Karam",27.649999999999864,27.650000000000034,27.649999999999977,0.0,0.0,8.259999999999991,8.400000000000034,0.0,0.0,0.0,0.0
2023,Faisalabad,Apparel & Footwear,Shirting (Average Quality),12.009999999999991,12.009999999999991,12.009999999999991,4.069999999999993,0.0,47.62000000000006,52.49000000000001,38.27999999999997,89.56999999999994,54.85000000000002,0.0
2023,Faisalabad,Food & Beverages,Bananas (Kela) Local,60.60000000000005,60.599999999999994,60.60000000000002,-21.390000000000015,-52.47999999999999,-54.83000000000001,-15.36,0.0,-2.519999999999996,-6.780000000000001,3.6400000000000006
2023,Faisalabad,Food & Beverages,Beef with Bone (Average Quality),0.0,0.0,0.0,0.0,0.0,0.0,13.300000000000068,20.389999999999986,30.309999999999945,31.460000000000036,0.0
2023,Faisalabad,Food & Beverages,Bread plain (Small Size),2.4099999999999966,2.4099999999999966,2.4099999999999966,7.590000000000003,0.0,0.0,0.0,0.0,10.0,0.0,0.0
2023,Faisalabad,Food & Beverages,Chicken Farm Broiler (Live),-17.77999999999986,-17.78000000000003,-17.779999999999973,76.00999999999999,-9.879999999999995,-36.360000000000014,-3.160000000000025,-22.019999999999982,-40.339999999999975,19.20999999999998,-8.54000000000002
2023,Faisalabad,Food & Beverages,Chilies Powder NATIONAL 200 gm Pa,0.0,0.0,0.0,0.0,0.0,36.099999999999994,148.9,0.0,0.0,0.0,0.0
2023,Faisalabad,Food & Beverages,Cooked Beef at Average Hotel,0.0,0.0,0.0,0.0,0.0,0.0,0.0,0.0,0.0,0.0,0.0
2023,Faisalabad,Food & Beverages,Cooked Daal at Average Hotel,0.0,0.0,0.0,0.0,0.0,4.909999999999997,5.090000000000003,0.0,0.0,5.9199999999999875,4.0800000000000125
2023,Faisalabad,Food & Beverages,Cooking Oil DALDA or Other Similar,0.0,0.0,0.0,0.0,0.0,0.0,0.0,0.0,0.0,-125.0,-90.0
2023,Faisalabad,Food & Beverages,Cooking Oil DALDA or Other Similar B,-151.85000000000036,-151.8499999999999,-151.8499999999999,0.0,-96.40999999999985,-93.59000000000015,-56.7800000000002,0.0,0.0,0.0,0.0
2023,Faisalabad,Food & Beverages,Curd (Dahi) Loose,0.0,0.0,0.0,2.4499999999999886,7.550000000000011,20.0,7.77000000000001,12.22999999999999,0.0,0.0,0.0
2023,Faisalabad,Food & Beverages,Eggs Hen (Farm),11.559999999999917,11.560000000000002,11.559999999999974,23.180000000000007,-26.21999999999997,-7.250000000000028,46.609999999999985,-0.08999999999997499,14.910000000000025,24.379999999999995,35.43000000000001
2023,Faisalabad,Food & Beverages,Garlic (Lehsun),-8.699999999999989,-8.699999999999989,-8.699999999999989,-47.10000000000002,14.569999999999993,28.150000000000034,76.57999999999998,69.57999999999998,33.74000000000001,46.22000000000003,31.159999999999968
2023,Faisalabad,Food & Beverages,Gur (Average Quality),6.0800000000000125,6.079999999999984,6.0800000000000125,9.849999999999994,16.289999999999992,25.120000000000005,70.05000000000001,1.990000000000009,-31.29000000000002,-42.00999999999999,0.0
2023,Faisalabad,Food & Beverages,Milk fresh (Un-boiled),0.0,0.0,0.0,2.4399999999999977,7.560000000000002,18.24000000000001,4.299999999999983,3.890000000000015,0.0,0.0,0.0
2023,Faisalabad,Food & Beverages,Mustard Oil (Average Quality),0.0,0.0,0.0,0.0,0.0,0.0,-73.80999999999995,-8.160000000000082,20.600000000000023,21.370000000000005,0.0
2023,Faisalabad,Food & Beverages,Mutton (Average Quality),24.420000000000073,24.419999999999845,24.420000000000073,100.07999999999993,75.58000000000015,0.0,0.0,0.0,96.46000000000004,101.81999999999994,0.0
2023,Faisalabad,Food & Beverages,Onions,-52.79999999999998,-52.8,-52.80000000000001,-23.889999999999993,9.71,-2.9200000000000017,10.409999999999997,19.010000000000005,20.299999999999997,21.540000000000006,37.69999999999999
2023,Faisalabad,Food & Beverages,Potatoes,16.099999999999998,16.1,16.1,8.379999999999995,4.810000000000002,9.159999999999997,3.730000000000004,4.519999999999996,0.4200000000000017,15.719999999999999,-32.599999999999994
2023,Faisalabad,Food & Beverages,Powdered Milk NIDO 390 gm Polyba,0.0,0.0,0.0,0.0,0.0,0.0,0.0,0.0,0.0,0.0,0.0
2023,Faisalabad,Food & Beverages,Powdered Milk NIDO 390 gm Polybag,0.0,0.0,0.0,44.51999999999998,15.480000000000018,0.0,63.34000000000003,0.0,0.0,0.0,0.0
2023,Faisalabad,Food & Beverages,Pulse Gram,-18.209999999999866,-18.210000000000036,-18.20999999999998,7.549999999999983,-1.799999999999983,-6.6200000000000045,4.299999999999983,4.1200000000000045,-5.060000000000002,-2.9799999999999898,5.460000000000008
2023,Faisalabad,Food & Beverages,Pulse Mash (Washed),26.599999999999966,26.600000000000023,26.600000000000023,8.409999999999968,-8.310000000000002,40.00999999999999,20.0,52.13000000000005,-20.379999999999995,0.5099999999999909,13.259999999999991
2023,Faisalabad,Food & Beverages,Pulse Masoor (Washed),17.629999999999995,17.629999999999995,17.629999999999995,0.0,-25.069999999999993,0.0,30.19999999999999,40.56,-37.870000000000005,17.760000000000048,19.569999999999993
2023,Faisalabad,Food & Beverages,Pulse Moong (Washed),-7.2099999999999795,-7.210000000000008,-7.210000000000008,14.060000000000002,-3.509999999999991,-13.01000000000002,13.210000000000008,2.339999999999975,-9.029999999999973,13.550000000000011,24.91999999999996
2023,Faisalabad,Food & Beverages,Rice Basmati Broken (Average Qualit,0.0,0.0,0.0,0.0,-16.819999999999993,0.0,0.0,-1.5999999999999943,-1.5900000000000034,0.0,0.0
2023,Faisalabad,Food & Beverages,Rice Basmati Broken (Average Quality,0.0,0.0,0.0,37.26999999999998,0.0,0.0,0.0,0.0,0.0,0.0,0.0
2023,Faisalabad,Food & Beverages,Rice IRRI-6/9 (Sindh/Punjab),6.089999999999989,6.090000000000003,6.090000000000003,0.0,0.0,6.47999999999999,10.79000000000002,2.7299999999999898,0.0,0.0,0.0
2023,Faisalabad,Food & Beverages,Salt Powdered (NATIONAL/SHAN) 80,6.219999999999999,6.219999999999999,6.219999999999999,0.0,0.0,0.0,0.0,0.0,2.3599999999999994,7.640000000000001,0.0
2023,Faisalabad,Food & Beverages,Sugar Refined,18.11,18.11,18.11,-5.189999999999998,3.069999999999993,18.150000000000006,14.909999999999997,10.689999999999998,-16.819999999999993,-9.879999999999995,0.5999999999999943
2023,Faisalabad,Food & Beverages,Tea Lipton Yellow Label 190 gm Pack,63.410000000000025,63.410000000000025,63.410000000000025,0.0,0.0,0.0,0.0,-14.030000000000086,-1.92999999999995,77.01999999999998,57.33000000000004
2023,Faisalabad,Food & Beverages,Tea Prepared Ordinary,0.0,0.0,0.0,0.0,0.0,1.1499999999999986,0.39000000000000057,0.7899999999999991,5.8700000000000045,3.6799999999999997,1.279999999999994
2023,Faisalabad,Food & Beverages,Tomatoes,-16.459999999999994,-16.460000000000008,-16.46,-17.689999999999998,7.560000000000002,45.07999999999999,23.89,-12.559999999999988,1.3599999999999994,57.389999999999986,-50.889999999999986
2023,Faisalabad,Food & Beverages,Vegetable Ghee DALDA/HABIB 2.5 kg,-39.86999999999989,-39.87000000000012,-39.86999999999989,0.0,-12.549999999999955,-12.450000000000045,-85.02999999999997,-27.529999999999973,-7.440000000000055,-25.0,-17.839999999999918
2023,Faisalabad,Food & Beverages,Vegetable Ghee DALDA/HABIB or Ot,0.0,0.0,0.0,0.0,0.0,0.0,0.0,0.0,-26.609999999999957,-15.380000000000052,0.5200000000000387
2023,Faisalabad,Food & Beverages,Vegetable Ghee DALDA/HABIB or Oth,-24.25999999999999,-24.25999999999999,-24.25999999999999,0.0,-26.75999999999999,-16.789999999999964,-23.31000000000006,0.0,0.0,0.0,0.0
2023,Faisalabad,Food & Beverages,Wheat Flour Bag,681.26,681.26,681.26,77.76000000000022,-76.57000000000016,332.55999999999995,37.69999999999982,-3.919999999999618,-64.66000000000031,124.69000000000005,57.440000000000055
2023,Faisalabad,Household Equipment,Energy Saver Philips 14 Watt,0.0,0.0,0.0,0.0,11.879999999999995,4.050000000000011,0.0,0.0,0.0,0.0,0.0
2023,Faisalabad,Household Equipment,Match Box,0.41999999999999993,0.41999999999999993,0.41999999999999993,0.0,0.0,0.0,0.0,0.0,0.0,0.0,0.0
2023,Faisalabad,Housing Water & Energy,Electricity Charges upto 50 Units,-0.23999999999999932,-0.23999999999999932,-0.23999999999999932,-0.08000000000000007,0.0,0.2999999999999998,1.0899999999999999,0.03000000000000025,0.4800000000000004,-0.6500000000000004,-0.3600000000000003
2023,Faisalabad,Housing Water & Energy,Firewood Whole,0.0,0.0,0.0,0.0,0.0,0.0,0.0,0.0,0.0,52.48000000000002,47.51999999999998
2023,Faisalabad,Housing Water & Energy,Gas Charges upto 3.3719 MMBTU,0.0,0.0,0.0,0.0,0.0,0.0,0.0,0.0,0.0,0.0,1416.0
2023,Faisalabad,Housing Water & Energy,LPG 11.67 kg Cylinder,87.42999999999984,87.43000000000029,87.42999999999984,-155.82000000000016,-548.6599999999999,-143.26999999999998,372.6100000000001,226.94000000000005,24.279999999999745,-16.639999999999873,88.00999999999976
2023,Faisalabad,Miscellaneous,Cigarettes Capstan 20'S Packet,0.0,0.0,0.0,0.0,0.0,0.0,0.0,0.0,0.0,0.0,0.0
2023,Faisalabad,Personal Care,Sufi Washing Soap 250 gm Cake,8.519999999999996,8.52000000000001,8.519999999999996,0.0,0.0,0.0,0.0,0.0,0.0,0.0,0.0
2023,Faisalabad,Personal Care,Toilet Soap LIFEBUOY 115 gm,0.0,0.0,0.0,9.090000000000003,8.379999999999995,2.530000000000001,0.0,0.0,0.0,0.0,0.0
2023,Faisalabad,Transport & Communication,Hi-Speed Diesel,5.270000000000039,5.269999999999982,5.269999999999982,-20.409999999999968,-19.590000000000032,3.990000000000009,28.230000000000018,35.26999999999998,-9.680000000000007,-11.349999999999966,-15.950000000000045
2023,Faisalabad,Transport & Communication,Petrol Super,7.0,7.0,7.0,-1.0699999999999932,-13.980000000000018,-4.539999999999964,25.869999999999948,34.88000000000005,-15.360000000000014,-20.55000000000001,-7.939999999999998
2023,Faisalabad,Transport & Communication,Telephone Call Charges,0.0,0.0,0.0,0.0,0.0,0.0,0.0,0.0,0.0,0.0,0.0
2023,Gujranwala,Apparel & Footwear,Gents Sandal Bata,0.0,0.0,0.0,500.0,0.0,0.0,56.690000000000055,243.30999999999995,0.0,0.0,0.0
2023,Gujranwala,Apparel & Footwear,Gents Sponge Chappal Bata,0.0,0.0,0.0,220.0,0.0,0.0,0.0,0.0,0.0,0.0,0.0
2023,Gujranwala,Apparel & Footwear,Georgette (Average Quality),0.0,0.0,0.0,0.0,0.0,0.0,0.0,0.0,0.0,0.0,0.0
2023,Gujranwala,Apparel & Footwear,Ladies Sandal Bata,0.0,0.0,0.0,100.0,0.0,0.0,0.0,0.0,0.0,0.0,0.0
2023,Gujranwala,Apparel & Footwear,Lawn Printed Gul Ahmed/Al Karam,16.120000000000005,16.120000000000005,16.120000000000005,0.0,0.0,0.0,0.0,0.0,0.0,0.0,0.0
2023,Gujranwala,Apparel & Footwear,"Long Cloth 57"" Gul Ahmed/Al Karam",0.0,0.0,0.0,0.0,0.0,0.0,0.0,0.0,0.0,0.0,0.0
2023,Gujranwala,Apparel & Footwear,Shirting (Average Quality),0.0,0.0,0.0,0.0,0.0,0.0,0.0,46.410000000000025,53.589999999999975,0.0,0.0
2023,Gujranwala,Food & Beverages,Bananas (Kela) Local,65.29000000000005,65.28999999999999,65.29000000000002,14.099999999999994,-42.78999999999999,-50.110000000000014,-21.090000000000003,4.090000000000003,-21.239999999999995,-3.0600000000000023,3.280000000000001
2023,Gujranwala,Food & Beverages,Beef with Bone (Average Quality),0.0,0.0,0.0,41.14999999999998,25.159999999999968,16.660000000000082,17.029999999999973,0.0,0.0,12.659999999999968,27.82000000000005
2023,Gujranwala,Food & Beverages,Bread plain (Small Size),0.0,0.0,0.0,10.0,0.0,0.0,0.0,7.420000000000002,2.5799999999999983,0.0,0.0
2023,Gujranwala,Food & Beverages,Chicken Farm Broiler (Live),-16.680000000000007,-16.680000000000007,-16.680000000000007,60.52000000000004,7.6200000000000045,-38.22000000000003,-0.35000000000002274,-29.810000000000002,-42.46999999999997,30.69999999999999,-7.039999999999964
2023,Gujranwala,Food & Beverages,Chilies Powder NATIONAL 200 gm Pa,0.0,0.0,0.0,0.0,0.0,36.099999999999994,148.9,0.0,0.0,0.0,0.0
2023,Gujranwala,Food & Beverages,Cooked Beef at Average Hotel,0.0,0.0,0.0,36.76999999999998,13.230000000000018,0.0,9.79000000000002,15.20999999999998,0.0,0.0,0.0
2023,Gujranwala,Food & Beverages,Cooked Daal at Average Hotel,0.0,0.0,0.0,14.650000000000006,5.349999999999994,0.0,7.6299999999999955,12.370000000000005,0.0,0.0,0.0
2023,Gujranwala,Food & Beverages,Cooking Oil DALDA or Other Similar,0.0,0.0,0.0,0.0,0.0,0.0,0.0,0.0,0.0,-21.15000000000009,-31.449999999999818
2023,Gujranwala,Food & Beverages,Cooking Oil DALDA or Other Similar B,-0.15999999999985448,-0.16000000000030923,-0.15999999999985448,0.0,0.0,-3.349999999999909,-10.039999999999964,0.0,0.0,0.0,0.0
2023,Gujranwala,Food & Beverages,Curd (Dahi) Loose,8.050000000000011,8.049999999999983,8.050000000000011,21.710000000000008,18.289999999999992,0.0,0.0,0.0,0.0,0.0,0.0
2023,Gujranwala,Food & Beverages,Eggs Hen (Farm),27.71000000000012,27.70999999999998,27.710000000000036,9.939999999999998,-28.400000000000034,2.2900000000000205,42.15999999999997,-0.16999999999995907,26.370000000000005,17.839999999999975,35.89999999999998
2023,Gujranwala,Food & Beverages,Garlic (Lehsun),2.670000000000016,2.6699999999999022,2.669999999999959,0.0,-6.639999999999986,0.0,47.49000000000001,89.83999999999997,12.670000000000016,58.73000000000002,51.18999999999994
2023,Gujranwala,Food & Beverages,Gur (Average Quality),12.810000000000002,12.810000000000002,12.810000000000002,12.280000000000001,7.719999999999999,7.449999999999989,10.51000000000002,12.039999999999992,0.0,-20.0,0.0
2023,Gujranwala,Food & Beverages,Milk fresh (Un-boiled),8.050000000000011,8.049999999999983,8.050000000000011,24.22999999999999,15.77000000000001,0.0,0.0,0.0,0.0,0.0,0.0
2023,Gujranwala,Food & Beverages,Mustard Oil (Average Quality),0.0,0.0,0.0,-60.0,-10.289999999999964,-29.710000000000036,0.0,-25.660000000000025,-26.859999999999957,-23.55000000000001,-3.930000000000007
2023,Gujranwala,Food & Beverages,Mutton (Average Quality),0.0,0.0,0.0,200.0,0.0,0.0,0.0,0.0,0.0,0.0,0.0
2023,Gujranwala,Food & Beverages,Onions,-53.660000000000025,-53.66,-53.66,-24.439999999999998,12.680000000000007,-7.740000000000002,8.329999999999991,25.41000000000001,15.409999999999997,21.370000000000005,53.849999999999994
2023,Gujranwala,Food & Beverages,Potatoes,18.480000000000008,18.480000000000004,18.480000000000004,15.64,0.0,4.609999999999999,5.759999999999991,3.450000000000003,8.829999999999998,13.700000000000003,-43.400000000000006
2023,Gujranwala,Food & Beverages,Powdered Milk NIDO 390 gm Polyba,0.0,0.0,0.0,0.0,0.0,0.0,0.0,0.0,0.0,0.0,0.0
2023,Gujranwala,Food & Beverages,Powdered Milk NIDO 390 gm Polybag,0.0,0.0,0.0,60.0,0.0,0.0,63.34000000000003,0.0,0.0,0.0,0.0
2023,Gujranwala,Food & Beverages,Pulse Gram,-3.9499999999999886,-3.950000000000017,-3.9499999999999886,10.740000000000009,-9.110000000000014,-1.6299999999999955,0.0,-1.259999999999991,-11.400000000000006,8.509999999999991,6.610000000000014
2023,Gujranwala,Food & Beverages,Pulse Mash (Washed),15.689999999999998,15.690000000000055,15.690000000000055,15.029999999999973,2.480000000000018,19.16999999999996,39.29000000000008,29.059999999999945,-22.809999999999945,-17.260000000000048,10.069999999999993
2023,Gujranwala,Food & Beverages,Pulse Masoor (Washed),0.48999999999995225,0.48999999999995225,0.48999999999995225,5.0,-7.4599999999999795,0.0,13.600000000000023,61.289999999999964,-27.41999999999996,8.359999999999957,4.170000000000016
2023,Gujranwala,Food & Beverages,Pulse Moong (Washed),-7.819999999999993,-7.819999999999993,-7.819999999999993,-2.5400000000000205,-18.649999999999977,6.139999999999986,9.0,20.910000000000025,-2.3899999999999864,-8.520000000000039,18.52000000000004
2023,Gujranwala,Food & Beverages,Rice Basmati Broken (Average Qualit,0.0,0.0,0.0,0.0,15.069999999999993,0.0,23.28,0.0,0.0,0.0,-14.02000000000001
2023,Gujranwala,Food & Beverages,Rice Basmati Broken (Average Quality,0.0,0.0,0.0,12.449999999999989,0.0,0.0,0.0,0.0,0.0,0.0,0.0
2023,Gujranwala,Food & Beverages,Salt Powdered (NATIONAL/SHAN) 80,0.0,0.0,0.0,0.0,0.0,7.329999999999998,2.6700000000000017,4.810000000000002,5.189999999999998,0.0,0.0
2023,Gujranwala,Food & Beverages,Sugar Refined,17.700000000000003,17.700000000000003,17.700000000000003,-3.240000000000009,3.700000000000003,18.50999999999999,11.890000000000015,11.650000000000006,-14.860000000000014,-10.930000000000007,2.7600000000000193
2023,Gujranwala,Food & Beverages,Tea Lipton Yellow Label 190 gm Pack,92.37,92.37000000000006,92.37000000000006,0.0,0.0,0.0,0.0,-15.960000000000036,0.0,77.01999999999998,57.33000000000004
2023,Gujranwala,Food & Beverages,Tea Prepared Ordinary,0.7400000000000162,0.7399999999999949,0.740000000000002,7.329999999999998,2.6700000000000017,0.0,0.0,0.0,0.0,0.0,0.0
2023,Gujranwala,Food & Beverages,Tomatoes,-7.179999999999978,-7.180000000000007,-7.179999999999993,-28.28,2.270000000000003,54.529999999999994,30.88000000000001,-17.27000000000001,9.659999999999997,55.23000000000002,-59.34000000000002
2023,Gujranwala,Food & Beverages,Vegetable Ghee DALDA/HABIB 2.5 kg,2.5,2.5,2.5,0.0,0.0,-10.819999999999936,-32.01999999999998,-102.16000000000008,0.0,-14.920000000000073,-22.089999999999918
2023,Gujranwala,Food & Beverages,Wheat Flour Bag,738.0799999999997,738.0800000000002,738.0799999999999,-97.17999999999984,-79.5,253.02999999999975,-6.809999999999945,43.36000000000013,-13.41000000000031,51.48000000000002,0.5199999999999818
2023,Gujranwala,Household Equipment,Energy Saver Philips 14 Watt,0.0,0.0,0.0,0.0,0.0,0.0,54.339999999999975,95.66000000000003,0.0,0.0,0.0
2023,Gujranwala,Household Equipment,Match Box,0.0,0.0,0.0,0.0,0.0,0.0,0.0,0.0,0.0,0.0,0.0
2023,Gujranwala,Housing Water & Energy,Electricity Charges upto 50 Units,-0.23999999999999932,-0.23999999999999932,-0.23999999999999932,-0.08000000000000007,0.0,0.2999999999999998,1.0899999999999999,0.03000000000000025,0.4800000000000004,-0.6500000000000004,-0.3600000000000003
2023,Gujranwala,Housing Water & Energy,Firewood Whole,0.0,0.0,0.0,33.319999999999936,34.23000000000002,0.0,0.0,100.0,0.0,0.0,0.0
2023,Gujranwala,Housing Water & Energy,Gas Charges upto 3.3719 MMBTU,0.0,0.0,0.0,0.0,0.0,0.0,0.0,0.0,0.0,0.0,1416.0
2023,Gujranwala,Housing Water & Energy,LPG 11.67 kg Cylinder,118.57999999999993,118.58000000000038,118.57999999999993,-84.09000000000015,-643.3400000000001,-264.42999999999984,374.98,305.9699999999998,97.08000000000038,-21.320000000000164,11.739999999999782
2023,Gujranwala,Miscellaneous,Cigarettes Capstan 20'S Packet,0.0,0.0,0.0,0.0,0.0,0.0,0.0,0.0,0.0,0.0,0.0
2023,Gujranwala,Personal Care,Sufi Washing Soap 250 gm Cake,0.0,0.0,0.0,7.420000000000002,2.5799999999999983,0.0,0.0,0.0,0.0,0.0,0.0
2023,Gujranwala,Personal Care,Toilet Soap LIFEBUOY 115 gm,0.0,0.0,0.0,0.0,2.219999999999999,2.269999999999996,0.0,0.0,0.0,0.0,0.0
2023,Gujranwala,Transport & Communication,Hi-Speed Diesel,5.269999999999982,5.2700000000000955,5.270000000000039,-20.410000000000025,-19.689999999999998,4.079999999999984,28.25,35.200000000000045,-9.770000000000039,-11.279999999999973,-16.410000000000025
2023,Gujranwala,Transport & Communication,Petrol Super,6.959999999999866,6.960000000000036,6.9599999999999795,-1.0199999999999818,-13.930000000000007,-4.5400000000000205,25.810000000000002,34.75999999999999,-15.189999999999998,-20.599999999999966,-7.930000000000007
2023,Gujranwala,Transport & Communication,Telephone Call Charges,0.0,0.0,0.0,0.0,0.0,0.0,0.0,0.0,0.0,0.0,0.0
2023,Hyderabad,Apparel & Footwear,Gents Sandal Bata,0.0,0.0,0.0,500.0,0.0,0.0,56.690000000000055,243.30999999999995,0.0,0.0,0.0
2023,Hyderabad,Apparel & Footwear,Gents Sponge Chappal Bata,0.0,0.0,0.0,220.0,0.0,0.0,0.0,0.0,0.0,0.0,0.0
2023,Hyderabad,Apparel & Footwear,Georgette (Average Quality),6.75,6.75,6.75,0.0,2.0900000000000034,6.409999999999997,0.0,0.0,0.0,0.0,29.170000000000016
2023,Hyderabad,Apparel & Footwear,Ladies Sandal Bata,0.0,0.0,0.0,100.0,0.0,0.0,0.0,0.0,0.0,0.0,0.0
2023,Hyderabad,Apparel & Footwear,Lawn Printed Gul Ahmed/Al Karam,40.0,40.0,40.0,3.340000000000032,0.0,0.0,0.0,0.0,1.259999999999991,0.4200000000000159,0.0
2023,Hyderabad,Apparel & Footwear,"Long Cloth 57"" Gul Ahmed/Al Karam",0.0,0.0,0.0,0.0,0.0,0.0,0.0,0.0,1.259999999999991,0.4200000000000159,0.0
2023,Hyderabad,Apparel & Footwear,Shirting (Average Quality),10.399999999999864,10.400000000000034,10.399999999999977,1.6800000000000068,0.0,0.0,0.0,0.0,0.0,19.600000000000023,38.19
2023,Hyderabad,Food & Beverages,Bananas (Kela) Local,48.41,48.41,48.41,-39.31999999999999,-30.330000000000013,-16.439999999999998,-13.33999999999999,-1.8299999999999983,-17.650000000000006,0.0799999999999983,-1.269999999999996
2023,Hyderabad,Food & Beverages,Beef with Bone (Average Quality),0.0,0.0,0.0,8.209999999999923,25.25,0.0,0.0,0.0,39.35000000000002,10.670000000000073,0.0
2023,Hyderabad,Food & Beverages,Bread plain (Small Size),0.0,0.0,0.0,0.0,0.0,4.890000000000001,5.109999999999999,0.0,0.0,0.0,0.0
2023,Hyderabad,Food & Beverages,Chicken Farm Broiler (Live),-7.240000000000009,-7.240000000000009,-7.240000000000009,4.140000000000043,50.0,-23.930000000000007,-30.99000000000001,-5.03000000000003,-32.50999999999999,-1.1299999999999955,-23.180000000000007
2023,Hyderabad,Food & Beverages,Chilies Powder NATIONAL 200 gm Pa,0.0,0.0,0.0,0.0,0.0,0.0,138.29000000000002,46.70999999999998,0.0,0.0,0.0
2023,Hyderabad,Food & Beverages,Cooked Beef at Average Hotel,0.0,0.0,0.0,0.0,0.0,2.480000000000018,1.839999999999975,0.6700000000000159,3.3700000000000045,4.449999999999989,0.6899999999999977
2023,Hyderabad,Food & Beverages,Cooked Daal at Average Hotel,7.540000000000006,7.539999999999992,7.5400000000000205,0.4199999999999875,0.0,0.0,1.4499999999999886,3.5,5.75,5.230000000000018,1.3400000000000034
2023,Hyderabad,Food & Beverages,Cooking Oil DALDA or Other Similar,0.0,0.0,0.0,0.0,0.0,0.0,0.0,0.0,-113.19000000000005,-82.03999999999996,-54.88000000000011
2023,Hyderabad,Food & Beverages,Cooking Oil DALDA or Other Similar B,-83.03000000000111,-83.02999999999975,-83.0300000000002,0.0,-25.09999999999991,-62.470000000000255,-76.58999999999969,0.0,0.0,0.0,0.0
2023,Hyderabad,Food & Beverages,Curd (Dahi) Loose,0.7299999999999898,0.7300000000000182,0.7299999999999898,8.050000000000011,21.75999999999999,3.3600000000000136,3.3899999999999864,0.0,0.0,0.0,0.0
2023,Hyderabad,Food & Beverages,Eggs Hen (Farm),29.169999999999987,29.170000000000016,29.169999999999987,13.410000000000025,-20.56000000000003,0.25,44.81000000000003,11.049999999999955,-0.48999999999995225,25.349999999999966,30.420000000000016
2023,Hyderabad,Food & Beverages,Garlic (Lehsun),-13.900000000000034,-13.899999999999977,-13.899999999999977,31.379999999999995,-17.150000000000034,21.870000000000005,28.160000000000025,66.39999999999998,62.579999999999984,-40.92999999999995,0.0
2023,Hyderabad,Food & Beverages,Gur (Average Quality),3.280000000000001,3.280000000000001,3.280000000000001,4.930000000000007,9.569999999999993,34.639999999999986,36.66,7.990000000000009,-7.159999999999997,-15.629999999999995,-4.670000000000016
2023,Hyderabad,Food & Beverages,Milk fresh (Un-boiled),3.7299999999999898,3.730000000000018,3.7299999999999898,23.02000000000001,8.969999999999999,0.8499999999999943,0.8499999999999943,0.0,0.0,0.0,0.0
2023,Hyderabad,Food & Beverages,Mustard Oil (Average Quality),-22.550000000000068,-22.550000000000068,-22.55000000000001,-0.4000000000000341,-79.32999999999998,-23.25,4.230000000000018,11.009999999999991,-35.20999999999998,-10.660000000000025,25.95999999999998
2023,Hyderabad,Food & Beverages,Mutton (Average Quality),0.0,0.0,0.0,8.309999999999945,25.200000000000045,0.0,0.0,0.0,4.240000000000009,4.25,8.149999999999864
2023,Hyderabad,Food & Beverages,Onions,-37.21000000000001,-37.209999999999994,-37.209999999999994,-28.660000000000004,10.11,-1.2399999999999949,1.0,20.749999999999993,29.89,27.180000000000007,8.669999999999987
2023,Hyderabad,Food & Beverages,Potatoes,13.919999999999998,13.920000000000002,13.920000000000002,12.410000000000004,2.4099999999999966,6.319999999999993,2.3500000000000085,-4.25,2.6299999999999955,-0.04000000000000625,-8.58999999999999
2023,Hyderabad,Food & Beverages,Powdered Milk NIDO 390 gm Polyba,0.0,0.0,0.0,0.0,0.0,0.0,0.0,0.0,2.509999999999991,0.0,0.0
2023,Hyderabad,Food & Beverages,Powdered Milk NIDO 390 gm Polybag,2.7000000000000455,2.7000000000000455,2.7000000000000455,24.57000000000005,25.42999999999995,0.0,70.0,0.0,0.0,0.0,0.0
2023,Hyderabad,Food & Beverages,Pulse Gram,-12.70999999999998,-12.710000000000008,-12.710000000000008,3.4199999999999875,-6.060000000000002,9.280000000000001,1.6400000000000148,-3.200000000000017,-13.560000000000002,-8.719999999999999,9.880000000000024
2023,Hyderabad,Food & Beverages,Pulse Mash (Washed),4.3799999999999955,4.3799999999999955,4.3799999999999955,32.839999999999975,0.4200000000000159,0.4200000000000159,21.22999999999996,46.81,-32.629999999999995,13.190000000000055,10.169999999999959
2023,Hyderabad,Food & Beverages,Pulse Masoor (Washed),-4.980000000000132,-4.979999999999961,-4.980000000000018,2.2900000000000205,-11.370000000000005,-2.840000000000032,20.00999999999999,62.76000000000005,-40.81,6.979999999999961,11.270000000000039
2023,Hyderabad,Food & Beverages,Pulse Moong (Washed),-2.8500000000000796,-2.8500000000000227,-2.8500000000000227,4.900000000000034,-19.150000000000034,-1.4599999999999795,18.649999999999977,25.879999999999995,-19.899999999999977,-7.8700000000000045,4.900000000000034
2023,Hyderabad,Food & Beverages,Rice Basmati Broken (Average Qualit,0.0,0.0,0.0,0.0,9.990000000000009,12.679999999999978,26.939999999999998,13.830000000000013,-8.780000000000001,-18.870000000000005,9.670000000000016
2023,Hyderabad,Food & Beverages,Rice Basmati Broken (Average Quality,0.0,0.0,0.0,8.73999999999998,0.0,0.0,0.0,0.0,0.0,0.0,0.0
2023,Hyderabad,Food & Beverages,Rice IRRI-6/9 (Sindh/Punjab),3.4000000000000057,3.4000000000000057,3.4000000000000057,0.0,0.0,0.0,9.650000000000006,8.280000000000001,-11.140000000000015,-4.1200000000000045,5.6299999999999955
2023,Hyderabad,Food & Beverages,Salt Powdered (NATIONAL/SHAN) 80,0.0,0.0,0.0,0.0,0.0,0.0,0.0,0.0,11.920000000000002,8.079999999999998,0.0
2023,Hyderabad,Food & Beverages,Sugar Refined,17.849999999999994,17.849999999999994,17.849999999999994,-1.8599999999999994,4.240000000000009,15.489999999999995,18.590000000000003,5.139999999999986,-21.849999999999994,-8.069999999999993,2.4799999999999898
2023,Hyderabad,Food & Beverages,Tea Lipton Yellow Label 190 gm Pack,67.19,67.19000000000005,67.19000000000005,78.10000000000002,0.0,0.0,0.0,0.0,0.0,-6.440000000000055,-9.529999999999973
2023,Hyderabad,Food & Beverages,Tea Prepared Ordinary,1.7800000000000011,1.779999999999994,1.779999999999994,0.8300000000000054,0.0,0.0,0.0,0.0,0.0,0.5,2.259999999999991
2023,Hyderabad,Food & Beverages,Tomatoes,9.68,9.68,9.68,1.3500000000000014,16.97,20.900000000000006,39.67999999999999,-15.219999999999999,2.6599999999999966,21.989999999999995,-56.109999999999985
2023,Hyderabad,Food & Beverages,Vegetable Ghee DALDA/HABIB 2.5 kg,-29.810000000000173,-29.809999999999945,-29.809999999999945,0.0,-12.549999999999955,-45.41000000000008,-32.039999999999964,0.0,-45.25,-26.75999999999999,-25.829999999999927
2023,Hyderabad,Food & Beverages,Vegetable Ghee DALDA/HABIB or Ot,0.0,0.0,0.0,0.0,0.0,0.0,0.0,0.0,-1.490000000000009,-19.029999999999973,-18.970000000000027
2023,Hyderabad,Food & Beverages,Vegetable Ghee DALDA/HABIB or Oth,-15.120000000000005,-15.120000000000005,-15.120000000000005,0.0,-5.019999999999982,-24.590000000000032,-16.039999999999964,0.0,0.0,0.0,0.0
2023,Hyderabad,Food & Beverages,Wheat Flour Bag,328.78999999999996,328.78999999999996,328.78999999999996,0.0,0.0,204.98000000000002,79.26000000000022,-54.49000000000024,-190.6500000000001,34.89000000000033,67.94999999999982
2023,Hyderabad,Household Equipment,Energy Saver Philips 14 Watt,0.0,0.0,0.0,0.0,0.0,51.48999999999995,36.85000000000002,0.0,0.0,0.0,0.0
2023,Hyderabad,Household Equipment,Match Box,0.2999999999999998,0.2999999999999998,0.2999999999999998,0.0,0.0,0.25,0.09000000000000075,0.0,0.0,0.3899999999999997,0.28000000000000025
2023,Hyderabad,Housing Water & Energy,Electricity Charges upto 50 Units,-0.23999999999999932,-0.23999999999999932,-0.23999999999999932,-0.08000000000000007,0.0,0.2999999999999998,1.0899999999999999,0.03000000000000025,0.4800000000000004,-0.6500000000000004,-0.3600000000000003
2023,Hyderabad,Housing Water & Energy,Firewood Whole,0.0,0.0,0.0,0.0,0.0,0.0,0.0,0.0,0.0,0.0,0.0
2023,Hyderabad,Housing Water & Energy,Gas Charges upto 3.3719 MMBTU,0.0,0.0,0.0,0.0,0.0,0.0,0.0,0.0,0.0,0.0,1416.0
2023,Hyderabad,Housing Water & Energy,LPG 11.67 kg Cylinder,85.42000000000007,85.41999999999916,85.41999999999962,-241.9699999999998,-497.98,-98.25,372.3800000000001,197.9000000000001,-10.070000000000164,37.429999999999836,40.88000000000011
2023,Hyderabad,Miscellaneous,Cigarettes Capstan 20'S Packet,0.0,0.0,0.0,0.0,0.0,0.0,0.0,0.0,0.0,0.0,0.0
2023,Hyderabad,Personal Care,Sufi Washing Soap 250 gm Cake,9.829999999999998,9.830000000000013,9.829999999999998,1.269999999999996,0.0,0.0,0.0,5.0,0.0,0.0,0.0
2023,Hyderabad,Personal Care,Toilet Soap LIFEBUOY 115 gm,0.0,0.0,0.0,18.58,12.900000000000006,0.0,0.0,0.0,0.0,0.0,0.0
2023,Hyderabad,Transport & Communication,Hi-Speed Diesel,5.360000000000014,5.360000000000014,5.360000000000014,-20.340000000000032,-19.689999999999998,3.9700000000000273,28.269999999999982,35.29000000000002,-9.650000000000034,-11.289999999999964,-16.470000000000027
2023,Hyderabad,Transport & Communication,Petrol Super,7.0,7.0,7.0,-0.9900000000000091,-14.019999999999982,-4.53000000000003,25.860000000000014,34.900000000000034,-15.189999999999998,-20.560000000000002,-7.970000000000027
2023,Hyderabad,Transport & Communication,Telephone Call Charges,0.0,0.0,0.0,0.0,0.0,0.0,0.0,0.0,0.0,0.0,0.0
2023,Islamabad,Apparel & Footwear,Gents Sandal Bata,0.0,0.0,0.0,500.0,0.0,0.0,56.690000000000055,243.30999999999995,0.0,0.0,0.0
2023,Islamabad,Apparel & Footwear,Gents Sponge Chappal Bata,0.0,0.0,0.0,220.0,0.0,0.0,0.0,0.0,0.0,0.0,0.0
2023,Islamabad,Apparel & Footwear,Georgette (Average Quality),3.3799999999999955,3.3800000000000523,3.3799999999999955,0.0,0.0,0.0,0.0,0.0,0.0,0.0,4.3799999999999955
2023,Islamabad,Apparel & Footwear,Ladies Sandal Bata,0.0,0.0,0.0,100.0,0.0,0.0,0.0,0.0,0.0,0.0,0.0
2023,Islamabad,Apparel & Footwear,Lawn Printed Gul Ahmed/Al Karam,11.309999999999945,11.310000000000002,11.310000000000002,0.0,0.0,0.0,0.0,35.24000000000001,12.379999999999995,0.0,0.0
2023,Islamabad,Apparel & Footwear,"Long Cloth 57"" Gul Ahmed/Al Karam",8.28000000000003,8.279999999999916,8.279999999999973,0.0,0.0,0.0,0.0,35.190000000000055,12.259999999999991,0.0,8.18999999999994
2023,Islamabad,Apparel & Footwear,Shirting (Average Quality),10.230000000000018,10.229999999999905,10.229999999999961,0.0,0.0,0.0,0.0,38.32000000000005,13.389999999999986,0.0,0.0
2023,Islamabad,Food & Beverages,Bananas (Kela) Local,77.94,77.94,77.94,-36.20999999999998,-61.370000000000005,-54.69,-55.83000000000001,-9.650000000000006,-1.75,-5.810000000000002,11.25
2023,Islamabad,Food & Beverages,Beef with Bone (Average Quality),31.75999999999999,31.75999999999999,31.75999999999999,20.129999999999995,35.09000000000003,18.709999999999923,52.04000000000008,6.8799999999999955,4.269999999999982,26.84999999999991,18.300000000000182
2023,Islamabad,Food & Beverages,Bread plain (Small Size),8.769999999999996,8.769999999999996,8.769999999999996,9.540000000000006,0.0,0.8400000000000034,0.8499999999999943,0.0,0.0,0.0,0.0
2023,Islamabad,Food & Beverages,Chicken Farm Broiler (Live),-5.079999999999984,-5.079999999999984,-5.079999999999984,49.65999999999997,12.79000000000002,-26.310000000000002,-1.9700000000000273,-36.52999999999997,-45.70999999999998,21.47999999999996,-4.3700000000000045
2023,Islamabad,Food & Beverages,Chilies Powder NATIONAL 200 gm Pa,0.0,0.0,0.0,0.0,0.0,78.25999999999999,106.74000000000001,0.0,0.0,0.0,0.0
2023,Islamabad,Food & Beverages,Cooked Beef at Average Hotel,5.390000000000015,5.389999999999986,5.390000000000015,21.70999999999998,5.640000000000015,1.2900000000000205,1.2999999999999545,6.220000000000027,19.569999999999993,0.0,11.279999999999973
2023,Islamabad,Food & Beverages,Cooked Daal at Average Hotel,1.7099999999999795,1.710000000000008,1.710000000000008,10.019999999999982,2.8600000000000136,10.490000000000009,11.099999999999994,0.0,0.0,0.0,3.6399999999999864
2023,Islamabad,Food & Beverages,Curd (Dahi) Loose,7.899999999999977,7.900000000000006,7.900000000000006,0.6599999999999966,1.0600000000000023,5.140000000000015,1.289999999999992,11.699999999999989,0.0,0.0,0.8300000000000125
2023,Islamabad,Food & Beverages,Eggs Hen (Farm),21.920000000000016,21.919999999999987,21.919999999999987,15.300000000000011,-28.360000000000014,1.0100000000000477,37.879999999999995,4.259999999999991,17.829999999999984,19.639999999999986,34.06999999999999
2023,Islamabad,Food & Beverages,Garlic (Lehsun),-7.240000000000009,-7.239999999999952,-7.240000000000009,-0.5600000000000023,-14.620000000000005,11.899999999999977,116.45999999999998,-12.100000000000023,23.38000000000011,38.25,54.67999999999995
2023,Islamabad,Food & Beverages,Gur (Average Quality),6.719999999999999,6.719999999999999,6.719999999999999,7.009999999999991,0.0,5.1299999999999955,13.039999999999992,25.53,0.0,0.0,0.0
2023,Islamabad,Food & Beverages,Milk fresh (Un-boiled),6.280000000000001,6.280000000000001,6.280000000000001,0.0,0.6399999999999864,2.8000000000000114,0.0,12.340000000000003,0.0,0.0,0.0
2023,Islamabad,Food & Beverages,Mustard Oil (Average Quality),0.0,0.0,0.0,0.0,0.0,0.0,0.0,0.0,-2.480000000000018,-7.3799999999999955,-5.060000000000059
2023,Islamabad,Food & Beverages,Mutton (Average Quality),63.819999999999936,63.819999999999936,63.820000000000164,101.58999999999992,63.08999999999992,16.74000000000001,31.789999999999964,10.0,16.810000000000173,17.049999999999955,15.629999999999882
2023,Islamabad,Food & Beverages,Onions,-64.04999999999998,-64.05000000000001,-64.05,-33.730000000000004,-6.939999999999998,0.37000000000000455,17.11,27.86,17.689999999999998,20.97999999999999,51.20000000000002
2023,Islamabad,Food & Beverages,Potatoes,14.110000000000007,14.110000000000014,14.110000000000014,16.739999999999995,5.209999999999994,9.340000000000003,5.859999999999999,-3.1899999999999977,5.709999999999994,19.610000000000014,-36.45
2023,Islamabad,Food & Beverages,Powdered Milk NIDO 390 gm Polyba,0.0,0.0,0.0,0.0,0.0,0.0,0.0,0.0,0.0,8.639999999999986,4.25
2023,Islamabad,Food & Beverages,Powdered Milk NIDO 390 gm Polybag,8.379999999999995,8.379999999999995,8.379999999999995,41.690000000000055,0.0,0.0,80.0,0.0,0.0,0.0,0.0
2023,Islamabad,Food & Beverages,Pulse Gram,-7.009999999999991,-7.009999999999991,-7.009999999999991,2.67999999999995,-8.859999999999957,0.01999999999998181,0.009999999999990905,5.930000000000007,-15.04000000000002,-9.649999999999977,11.329999999999984
2023,Islamabad,Food & Beverages,Pulse Mash (Washed),0.0,0.0,0.0,9.919999999999959,13.340000000000032,4.109999999999957,53.120000000000005,44.52999999999997,-8.879999999999995,-6.2299999999999045,1.67999999999995
2023,Islamabad,Food & Beverages,Pulse Masoor (Washed),0.0,0.0,0.0,0.0,0.0,0.0,5.2099999999999795,70.63,-9.229999999999961,-4.990000000000009,6.009999999999991
2023,Islamabad,Food & Beverages,Pulse Moong (Washed),0.0,0.0,0.0,0.0,-11.04000000000002,-3.4699999999999704,7.019999999999982,17.5,-12.54000000000002,-7.329999999999984,3.420000000000016
2023,Islamabad,Food & Beverages,Rice Basmati Broken (Average Qualit,0.0,0.0,0.0,0.0,28.01000000000002,6.259999999999991,19.019999999999982,1.6800000000000068,0.4700000000000273,-1.2200000000000273,0.0
2023,Islamabad,Food & Beverages,Rice Basmati Broken (Average Quality,0.0,0.0,0.0,19.28,0.0,0.0,0.0,0.0,0.0,0.0,0.0
2023,Islamabad,Food & Beverages,Rice IRRI-6/9 (Sindh/Punjab),0.0,0.0,0.0,0.0,13.319999999999993,0.0,5.930000000000007,4.089999999999975,-1.7699999999999818,-1.75,6.859999999999985
2023,Islamabad,Food & Beverages,Sugar Refined,20.64,20.64,20.64,-1.6300000000000097,-0.009999999999990905,19.389999999999986,13.100000000000023,12.569999999999993,-16.159999999999997,-10.430000000000007,2.780000000000001
2023,Islamabad,Food & Beverages,Tea Lipton Yellow Label 190 gm Pack,63.410000000000025,63.410000000000025,63.410000000000025,0.0,0.0,0.0,0.0,-12.010000000000105,-3.949999999999932,77.02999999999997,-46.16999999999996
2023,Islamabad,Food & Beverages,Tea Prepared Ordinary,0.0,0.0,0.0,7.979999999999997,2.020000000000003,0.0,0.0,4.799999999999997,1.6899999999999977,0.0,0.0
2023,Islamabad,Food & Beverages,Tomatoes,-9.009999999999991,-9.010000000000005,-9.010000000000005,-16.22,-4.549999999999997,58.67,4.3799999999999955,-17.450000000000003,27.489999999999995,55.380000000000024,-53.640000000000015
2023,Islamabad,Food & Beverages,Vegetable Ghee DALDA/HABIB 2.5 kg,-19.810000000000173,-19.809999999999945,-19.809999999999945,0.0,-41.51999999999998,-71.04999999999995,-26.450000000000045,-5.980000000000018,-7.519999999999982,-43.960000000000036,-43.51999999999998
2023,Islamabad,Food & Beverages,Wheat Flour Bag,599.6299999999997,1172.2000000000003,1172.2000000000003,85.07999999999993,-404.21000000000004,363.5999999999999,-65.67000000000007,11.61999999999989,-75.23999999999978,37.15000000000009,19.460000000000036
2023,Islamabad,Household Equipment,Energy Saver Philips 14 Watt,0.0,0.0,0.0,7.329999999999984,7.53000000000003,0.0,0.0,0.0,0.0,0.0,0.0
2023,Islamabad,Household Equipment,Match Box,0.0,0.0,0.0,0.0,0.0,0.3099999999999996,0.0,0.33000000000000007,0.3600000000000003,0.0,0.0
2023,Islamabad,Housing Water & Energy,Electricity Charges upto 50 Units,-0.23999999999999932,-0.23999999999999932,-0.23999999999999932,-0.08000000000000007,0.0,0.2999999999999998,1.0899999999999999,0.03000000000000025,0.4800000000000004,-0.6500000000000004,-0.3600000000000003
2023,Islamabad,Housing Water & Energy,Firewood Whole,0.0,0.0,0.0,0.0,0.0,0.0,0.0,0.0,0.0,0.0,82.75
2023,Islamabad,Housing Water & Energy,Gas Charges upto 3.3719 MMBTU,0.0,0.0,0.0,0.0,0.0,0.0,0.0,0.0,0.0,0.0,1416.0
2023,Islamabad,Housing Water & Energy,LPG 11.67 kg Cylinder,-153.38999999999987,-153.39000000000078,-153.39000000000033,-116.05999999999995,-651.52,-228.1500000000001,415.1400000000003,325.3899999999999,105.19999999999982,-46.48000000000002,169.6500000000001
2023,Islamabad,Miscellaneous,Cigarettes Capstan 20'S Packet,0.0,0.0,0.0,0.0,0.0,0.0,0.0,0.0,0.0,0.0,0.0
2023,Islamabad,Personal Care,Sufi Washing Soap 250 gm Cake,2.0600000000000023,2.0600000000000023,2.0600000000000023,4.900000000000006,1.6800000000000068,2.559999999999974,0.8600000000000136,0.0,-1.0800000000000125,-7.299999999999983,0.0
2023,Islamabad,Personal Care,Toilet Soap LIFEBUOY 115 gm,5.77000000000001,5.77000000000001,5.77000000000001,20.349999999999994,0.0,0.0,0.0,0.0,0.0,0.0,0.0
2023,Islamabad,Transport & Communication,Hi-Speed Diesel,5.279999999999859,5.28000000000003,5.279999999999973,-20.399999999999977,-19.620000000000005,3.9700000000000273,28.269999999999982,35.20999999999998,-9.75,-11.319999999999993,-16.409999999999968
2023,Islamabad,Transport & Communication,Petrol Super,6.970000000000141,6.96999999999997,6.970000000000027,-1.0200000000000387,-13.95999999999998,-4.550000000000011,25.879999999999995,34.81999999999999,-15.319999999999993,-20.560000000000002,-7.919999999999959
2023,Karachi,Apparel & Footwear,Gents Sandal Bata,0.0,0.0,0.0,500.0,0.0,0.0,56.690000000000055,243.30999999999995,0.0,0.0,0.0
2023,Karachi,Apparel & Footwear,Gents Sponge Chappal Bata,0.0,0.0,0.0,220.0,0.0,0.0,0.0,0.0,0.0,0.0,0.0
2023,Karachi,Apparel & Footwear,Georgette (Average Quality),0.0,0.0,0.0,0.0,1.8100000000000023,0.6100000000000136,0.0,0.0,13.199999999999989,17.680000000000007,0.0
2023,Karachi,Apparel & Footwear,Ladies Sandal Bata,0.0,0.0,0.0,100.0,0.0,0.0,0.0,0.0,0.0,0.0,0.0
2023,Karachi,Apparel & Footwear,Lawn Printed Gul Ahmed/Al Karam,29.149999999999864,29.150000000000034,29.149999999999977,0.0,0.0,0.0,0.0,0.0,0.0,2.6200000000000045,1.75
2023,Karachi,Apparel & Footwear,"Long Cloth 57"" Gul Ahmed/Al Karam",0.0,0.0,0.0,0.0,0.0,0.0,12.180000000000007,52.22000000000003,24.71999999999997,56.860000000000014,43.77999999999997
2023,Karachi,Apparel & Footwear,Shirting (Average Quality),0.0,0.0,0.0,0.0,0.0,0.0,0.0,0.0,14.619999999999948,15.920000000000016,0.0
2023,Karachi,Food & Beverages,Bananas (Kela) Local,20.620000000000005,20.620000000000005,20.620000000000005,-19.390000000000015,-24.519999999999982,-33.91000000000001,-4.359999999999999,-15.420000000000002,-2.219999999999999,-1.3299999999999983,9.519999999999996
2023,Karachi,Food & Beverages,Beef with Bone (Average Quality),10.290000000000077,10.290000000000077,10.290000000000077,39.57999999999993,25.769999999999982,10.940000000000055,5.720000000000027,10.68999999999994,6.899999999999977,5.010000000000105,2.849999999999909
2023,Karachi,Food & Beverages,Bread plain (Small Size),0.0,0.0,0.0,0.0,10.0,0.0,0.0,0.0,0.0,0.0,0.0
2023,Karachi,Food & Beverages,Chicken Farm Broiler (Live),5.110000000000014,5.109999999999957,5.110000000000014,0.10000000000002274,48.639999999999986,-32.389999999999986,-24.189999999999998,-14.340000000000032,-21.360000000000014,-9.75,-21.120000000000005
2023,Karachi,Food & Beverages,Chilies Powder NATIONAL 200 gm Pa,-14.669999999999987,-14.670000000000016,-14.669999999999987,0.0,0.0,37.28,147.72,0.0,0.0,0.0,0.0
2023,Karachi,Food & Beverages,Cooked Beef at Average Hotel,6.829999999999984,6.829999999999984,6.829999999999984,2.3500000000000227,0.0,0.44999999999998863,14.310000000000002,10.04000000000002,3.490000000000009,3.519999999999982,0.0
2023,Karachi,Food & Beverages,Cooked Daal at Average Hotel,3.0,3.0,3.0,0.38999999999998636,0.6299999999999955,1.1800000000000068,2.5900000000000034,1.9000000000000057,1.6899999999999977,1.2399999999999807,0.0
2023,Karachi,Food & Beverages,Cooking Oil DALDA or Other Similar,0.0,0.0,0.0,0.0,0.0,0.0,0.0,0.0,0.0,-161.3499999999999,-53.65000000000009
2023,Karachi,Food & Beverages,Cooking Oil DALDA or Other Similar B,-76.62999999999965,-76.63000000000011,-76.63000000000011,0.0,-79.80000000000018,-20.199999999999818,-143.34000000000015,0.0,0.0,0.0,0.0
2023,Karachi,Food & Beverages,Curd (Dahi) Loose,2.3400000000000887,2.339999999999975,2.340000000000032,1.3799999999999955,9.549999999999955,7.680000000000007,1.3900000000000432,0.5699999999999932,-2.8500000000000227,-4.490000000000009,-5.539999999999964
2023,Karachi,Food & Beverages,Eggs Hen (Farm),27.420000000000016,27.419999999999987,27.419999999999987,10.080000000000041,-26.700000000000045,3.5100000000000477,36.36999999999995,2.9600000000000364,16.149999999999977,18.600000000000023,21.810000000000002
2023,Karachi,Food & Beverages,Garlic (Lehsun),-53.39000000000004,-53.389999999999986,-53.389999999999986,16.20999999999998,13.910000000000025,9.71999999999997,25.120000000000005,51.870000000000005,23.829999999999984,-9.389999999999986,44.170000000000016
2023,Karachi,Food & Beverages,Gur (Average Quality),15.969999999999999,15.969999999999999,15.969999999999999,35.78,15.97999999999999,14.189999999999998,12.52000000000001,2.839999999999975,-1.2799999999999727,-14.5,-23.439999999999998
2023,Karachi,Food & Beverages,Milk fresh (Un-boiled),0.6700000000000159,0.6699999999999875,0.6699999999999875,0.0,7.0800000000000125,7.47999999999999,1.7600000000000193,0.6199999999999761,-18.269999999999982,-6.530000000000001,-0.5900000000000034
2023,Karachi,Food & Beverages,Mustard Oil (Average Quality),-1.7699999999999818,-1.7699999999999818,-1.7699999999999818,-29.100000000000023,-45.05000000000007,-27.18999999999994,-3.6800000000000637,22.280000000000086,-6.560000000000059,-48.21999999999997,-4.490000000000009
2023,Karachi,Food & Beverages,Mutton (Average Quality),20.87000000000012,20.86999999999989,20.87000000000012,80.11999999999989,43.460000000000036,23.019999999999982,3.310000000000173,1.4799999999997908,1.490000000000009,0.0,0.0
2023,Karachi,Food & Beverages,Onions,-36.81999999999999,-36.81999999999999,-36.82000000000001,-31.559999999999995,5.57,-0.45000000000000284,5.070000000000007,16.879999999999995,31.629999999999995,17.330000000000013,31.659999999999997
2023,Karachi,Food & Beverages,Potatoes,14.099999999999998,14.100000000000001,14.100000000000001,9.039999999999992,3.220000000000013,3.549999999999997,3.1499999999999915,0.7600000000000051,5.909999999999997,1.230000000000004,-9.129999999999995
2023,Karachi,Food & Beverages,Powdered Milk NIDO 390 gm Polyba,0.0,0.0,0.0,0.0,0.0,0.0,0.0,0.0,9.889999999999986,0.4600000000000364,0.0
2023,Karachi,Food & Beverages,Powdered Milk NIDO 390 gm Polybag,0.9799999999999045,0.9799999999999045,0.9799999999999045,19.100000000000023,18.25,15.149999999999977,55.00999999999999,0.0,0.0,0.0,0.0
2023,Karachi,Food & Beverages,Pulse Gram,-13.230000000000018,-13.229999999999905,-13.229999999999961,1.1499999999999773,-9.569999999999993,-8.900000000000006,6.3700000000000045,12.900000000000006,-12.52000000000001,-13.890000000000015,3.4399999999999977
2023,Karachi,Food & Beverages,Pulse Mash (Washed),3.1899999999999977,3.1899999999999977,3.1899999999999977,10.669999999999959,9.730000000000018,12.660000000000025,31.16999999999996,54.31000000000006,-6.0,-17.25999999999999,2.6299999999999955
2023,Karachi,Food & Beverages,Pulse Masoor (Washed),-1.5400000000000205,-1.5399999999999068,-1.5399999999999636,8.95999999999998,-11.680000000000007,-12.519999999999982,5.909999999999968,64.58000000000004,-10.759999999999991,-13.060000000000002,15.729999999999961
2023,Karachi,Food & Beverages,Pulse Moong (Washed),0.38999999999987267,0.3900000000000432,0.38999999999998636,4.990000000000009,-16.760000000000048,-20.909999999999968,10.430000000000007,32.91999999999996,-7.369999999999948,-12.420000000000016,3.2099999999999795
2023,Karachi,Food & Beverages,Rice Basmati Broken (Average Qualit,0.0,0.0,0.0,0.0,27.849999999999994,11.900000000000034,10.299999999999955,6.920000000000016,0.8600000000000136,-7.680000000000007,-4.300000000000011
2023,Karachi,Food & Beverages,Rice Basmati Broken (Average Quality,0.0,0.0,0.0,13.460000000000008,0.0,0.0,0.0,0.0,0.0,0.0,0.0
2023,Karachi,Food & Beverages,Rice IRRI-6/9 (Sindh/Punjab),4.110000000000014,4.110000000000014,4.109999999999985,2.8000000000000114,4.030000000000001,3.6999999999999886,4.319999999999993,16.830000000000013,4.650000000000006,-0.6000000000000227,-1.7800000000000011
2023,Karachi,Food & Beverages,Salt Powdered (NATIONAL/SHAN) 80,9.439999999999987,9.440000000000005,9.439999999999998,1.9600000000000009,0.0,0.0,0.0,0.0,4.810000000000002,5.189999999999998,0.0
2023,Karachi,Food & Beverages,Sugar Refined,20.040000000000006,20.040000000000006,20.040000000000006,-3.480000000000004,2.0,17.03,15.030000000000001,9.469999999999999,-19.900000000000006,-13.819999999999993,3.0200000000000102
2023,Karachi,Food & Beverages,Tea Lipton Yellow Label 190 gm Pack,119.62000000000003,119.62000000000006,119.62000000000006,0.0,0.0,0.0,0.0,0.0,-14.530000000000086,0.0,0.0
2023,Karachi,Food & Beverages,Tea Prepared Ordinary,1.2999999999999972,1.3000000000000114,1.3000000000000043,0.25,0.75,0.4399999999999977,4.359999999999999,2.769999999999996,0.1599999999999966,0.12000000000000455,0.5100000000000051
2023,Karachi,Food & Beverages,Tomatoes,12.480000000000011,12.479999999999997,12.480000000000004,-3.6100000000000065,15.460000000000008,20.989999999999995,37.099999999999994,-16.069999999999993,19.36999999999999,20.870000000000005,-59.17999999999999
2023,Karachi,Food & Beverages,Vegetable Ghee DALDA/HABIB 2.5 kg,-34.789999999999964,-34.789999999999964,-34.789999999999964,0.0,-50.950000000000045,-59.200000000000045,-26.87999999999988,-7.970000000000027,-15.0,-38.25999999999999,-41.74000000000001
2023,Karachi,Food & Beverages,Vegetable Ghee DALDA/HABIB or Ot,0.0,0.0,0.0,0.0,0.0,0.0,0.0,0.0,0.0,-32.01999999999998,-5.980000000000018
2023,Karachi,Food & Beverages,Vegetable Ghee DALDA/HABIB or Oth,-9.409999999999968,-9.409999999999968,-9.409999999999968,0.0,-28.059999999999945,-8.550000000000068,-13.139999999999986,0.0,0.0,0.0,0.0
2023,Karachi,Food & Beverages,Wheat Flour Bag,-82.13999999999987,-82.13999999999987,-82.13999999999987,82.42999999999984,-68.76999999999998,306.75999999999976,16.480000000000018,-78.5,-125.10999999999967,-208.10000000000036,47.39000000000033
2023,Karachi,Household Equipment,Energy Saver Philips 14 Watt,0.0,0.0,0.0,0.0,0.0,0.0,27.810000000000002,8.329999999999984,23.680000000000007,10.180000000000007,0.0
2023,Karachi,Household Equipment,Match Box,0.33000000000000007,0.33000000000000007,0.33000000000000007,0.0,0.0,0.4800000000000004,0.5199999999999996,0.0,0.0,0.0,0.0
2023,Karachi,Housing Water & Energy,Electricity Charges upto 50 Units,-0.23999999999999932,-0.23999999999999932,-0.23999999999999932,-0.08000000000000007,0.0,0.2999999999999998,1.0899999999999999,0.03000000000000025,0.4800000000000004,-0.6500000000000004,-0.3600000000000003
2023,Karachi,Housing Water & Energy,Firewood Whole,4.169999999999959,4.170000000000073,4.169999999999959,1.3899999999999864,0.0,0.0,3.259999999999991,0.0,0.0,54.180000000000064,80.37
2023,Karachi,Housing Water & Energy,Gas Charges upto 3.3719 MMBTU,0.0,0.0,0.0,0.0,0.0,0.0,0.0,0.0,0.0,0.0,1416.0
2023,Karachi,Housing Water & Energy,LPG 11.67 kg Cylinder,61.740000000001146,61.73999999999978,61.74000000000024,-127.12000000000035,-549.8599999999997,-175.12000000000035,399.57000000000016,248.47000000000025,-38.11000000000013,-38.59999999999991,41.91999999999962
2023,Karachi,Miscellaneous,Cigarettes Capstan 20'S Packet,0.18999999999999773,0.18999999999999773,0.18999999999999773,0.0,0.0,0.0,1.0800000000000125,0.7199999999999989,0.0,0.0,0.0
2023,Karachi,Personal Care,Sufi Washing Soap 250 gm Cake,7.020000000000039,7.019999999999996,7.02000000000001,1.0300000000000011,4.759999999999991,3.8400000000000034,0.0,0.0,0.0,0.0,0.0
2023,Karachi,Personal Care,Toilet Soap LIFEBUOY 115 gm,7.069999999999993,7.069999999999993,7.069999999999993,7.930000000000007,7.920000000000002,8.569999999999993,0.0,0.0,-0.009999999999990905,0.0,0.0
2023,Karachi,Transport & Communication,Hi-Speed Diesel,5.279999999999859,5.28000000000003,5.279999999999973,-20.389999999999986,-19.639999999999986,3.980000000000018,28.25999999999999,35.21999999999997,-9.75,-11.310000000000002,-16.430000000000007
2023,Karachi,Transport & Communication,Petrol Super,6.970000000000141,6.96999999999997,6.970000000000027,-1.009999999999991,-13.980000000000018,-4.5400000000000205,25.870000000000005,34.84000000000003,-15.330000000000041,-20.569999999999993,-7.920000000000016
2023,Karachi,Transport & Communication,Telephone Call Charges,0.0,0.0,0.0,0.0,0.0,0.0,0.0,0.0,0.0,0.0,0.0
2023,Khuzdar,Apparel & Footwear,Gents Sandal Bata,0.0,0.0,0.0,500.0,0.0,0.0,56.690000000000055,243.30999999999995,0.0,0.0,0.0
2023,Khuzdar,Apparel & Footwear,Gents Sponge Chappal Bata,0.0,0.0,0.0,220.0,0.0,0.0,0.0,0.0,0.0,0.0,0.0
2023,Khuzdar,Apparel & Footwear,Georgette (Average Quality),0.0,0.0,0.0,0.0,0.0,0.0,0.0,51.43000000000001,5.189999999999998,20.350000000000023,5.339999999999975
2023,Khuzdar,Apparel & Footwear,Ladies Sandal Bata,0.0,0.0,0.0,100.0,0.0,0.0,0.0,0.0,0.0,0.0,0.0
2023,Khuzdar,Apparel & Footwear,Lawn Printed Gul Ahmed/Al Karam,0.0,0.0,0.0,0.0,0.0,0.0,0.0,46.69999999999999,0.0,0.0,0.0
2023,Khuzdar,Apparel & Footwear,"Long Cloth 57"" Gul Ahmed/Al Karam",0.0,0.0,0.0,0.0,0.0,0.0,0.0,0.0,0.0,0.0,0.0
2023,Khuzdar,Apparel & Footwear,Shirting (Average Quality),0.0,0.0,0.0,0.0,0.0,9.759999999999991,31.460000000000008,24.440000000000026,0.0,21.799999999999955,5.720000000000027
2023,Khuzdar,Food & Beverages,Bananas (Kela) Local,37.58000000000003,37.58,37.58000000000001,8.299999999999983,44.81999999999999,-81.66,-17.349999999999994,-8.409999999999997,-10.939999999999998,-6.640000000000001,0.0
2023,Khuzdar,Food & Beverages,Beef with Bone (Average Quality),0.0,0.0,0.0,0.0,0.0,32.950000000000045,0.0,0.0,33.3599999999999,16.660000000000082,0.0
2023,Khuzdar,Food & Beverages,Bread plain (Small Size),0.0,0.0,0.0,0.0,0.0,0.0,0.0,0.0,0.0,0.0,0.0
2023,Khuzdar,Food & Beverages,Chicken Farm Broiler (Live),-6.399999999999977,-6.399999999999977,-6.399999999999977,25.799999999999955,17.139999999999986,48.930000000000064,-37.25,-60.520000000000095,-78.47999999999996,-27.129999999999995,-24.910000000000025
2023,Khuzdar,Food & Beverages,Chilies Powder NATIONAL 200 gm Pa,0.0,0.0,0.0,0.0,0.0,0.0,97.04000000000002,87.95999999999998,0.0,0.0,0.0
2023,Khuzdar,Food & Beverages,Cooked Beef at Average Hotel,0.0,0.0,0.0,0.0,0.0,0.0,0.0,0.0,26.5,0.0,0.0
2023,Khuzdar,Food & Beverages,Cooked Daal at Average Hotel,0.0,0.0,0.0,0.0,0.0,0.0,0.0,0.0,33.31,0.0,0.0
2023,Khuzdar,Food & Beverages,Cooking Oil DALDA or Other Similar,0.0,0.0,0.0,0.0,0.0,0.0,0.0,0.0,-50.42000000000007,-89.31999999999971,-110.26000000000022
2023,Khuzdar,Food & Beverages,Cooking Oil DALDA or Other Similar B,0.0,0.0,0.0,0.0,0.0,-363.1999999999998,-36.80000000000018,0.0,0.0,0.0,0.0
2023,Khuzdar,Food & Beverages,Curd (Dahi) Loose,10.929999999999978,10.930000000000007,10.930000000000007,0.0,0.0,0.0,0.0,0.0,6.610000000000014,0.0,0.0
2023,Khuzdar,Food & Beverages,Eggs Hen (Farm),-14.350000000000136,-14.349999999999966,-14.350000000000023,25.05000000000001,-6.0400000000000205,-17.339999999999975,27.839999999999975,14.689999999999998,-2.519999999999982,30.0,39.620000000000005
2023,Khuzdar,Food & Beverages,Garlic (Lehsun),0.0,0.0,0.0,-200.0,-15.0,-26.44999999999999,34.670000000000016,17.17999999999995,89.77000000000004,62.79000000000002,30.299999999999955
2023,Khuzdar,Food & Beverages,Gur (Average Quality),0.0,0.0,0.0,20.97999999999999,29.04000000000002,0.0,7.4199999999999875,32.59,13.780000000000001,-36.47,-7.469999999999999
2023,Khuzdar,Food & Beverages,Milk fresh (Un-boiled),5.409999999999997,5.409999999999997,5.409999999999997,6.599999999999994,0.0,0.0,0.0,3.4000000000000057,13.099999999999994,0.0,0.0
2023,Khuzdar,Food & Beverages,Mustard Oil (Average Quality),0.0,0.0,0.0,0.0,-1.6499999999999773,-4.940000000000055,-53.35000000000002,0.0,0.0,-24.409999999999968,-15.660000000000025
2023,Khuzdar,Food & Beverages,Mutton (Average Quality),10.150000000000091,10.149999999999864,10.150000000000091,0.0,0.0,65.90000000000009,0.0,0.0,34.09999999999991,0.0,0.0
2023,Khuzdar,Food & Beverages,Onions,-39.04999999999998,-39.05000000000001,-39.05,-43.589999999999996,-8.850000000000001,0.9200000000000017,0.0,12.5,34.05,0.0,55.57000000000001
2023,Khuzdar,Food & Beverages,Potatoes,16.36,16.36,16.36,11.780000000000001,0.0,20.0,0.0,0.0,0.0,0.0,-10.560000000000002
2023,Khuzdar,Food & Beverages,Powdered Milk NIDO 390 gm Polyba,0.0,0.0,0.0,0.0,0.0,0.0,0.0,0.0,0.0,0.0,0.0
2023,Khuzdar,Food & Beverages,Powdered Milk NIDO 390 gm Polybag,0.0,0.0,0.0,60.0,0.0,0.0,63.34000000000003,0.0,0.0,0.0,0.0
2023,Khuzdar,Food & Beverages,Pulse Gram,0.0,0.0,0.0,0.0,0.0,0.0,0.0,3.339999999999975,-14.579999999999984,-18.76000000000002,13.330000000000013
2023,Khuzdar,Food & Beverages,Pulse Mash (Washed),0.0,0.0,0.0,0.0,9.829999999999984,10.170000000000016,63.98000000000002,29.329999999999984,-10.180000000000007,-9.920000000000016,0.0
2023,Khuzdar,Food & Beverages,Pulse Masoor (Washed),0.0,0.0,0.0,0.0,0.0,0.0,0.0,50.0,-11.870000000000005,-7.5,6.0400000000000205
2023,Khuzdar,Food & Beverages,Pulse Moong (Washed),0.0,0.0,0.0,0.0,0.0,0.0,0.0,0.0,-6.670000000000016,-1.3100000000000023,7.980000000000018
2023,Khuzdar,Food & Beverages,Rice Basmati Broken (Average Qualit,0.0,0.0,0.0,0.0,0.0,14.110000000000014,29.829999999999984,32.68000000000001,-6.77000000000001,-6.569999999999993,0.0
2023,Khuzdar,Food & Beverages,Rice Basmati Broken (Average Quality,0.0,0.0,0.0,2.780000000000001,0.0,0.0,0.0,0.0,0.0,0.0,0.0
2023,Khuzdar,Food & Beverages,Rice IRRI-6/9 (Sindh/Punjab),0.0,0.0,0.0,2.4399999999999977,7.569999999999993,9.689999999999998,10.319999999999993,10.0,-12.259999999999991,-21.080000000000013,5.030000000000001
2023,Khuzdar,Food & Beverages,Salt Powdered (NATIONAL/SHAN) 80,0.0,0.0,0.0,0.0,2.4399999999999977,2.5600000000000023,3.960000000000001,1.0399999999999991,3.1599999999999966,3.3299999999999983,0.0
2023,Khuzdar,Food & Beverages,Sugar Refined,18.72,18.72,18.72,2.9399999999999977,0.6300000000000097,18.14,13.120000000000005,10.23999999999998,-13.599999999999994,-12.030000000000001,-3.4899999999999807
2023,Khuzdar,Food & Beverages,Tea Lipton Yellow Label 190 gm Pack,0.0,0.0,0.0,67.19,78.11000000000007,0.0,0.0,0.0,0.0,0.0,0.0
2023,Khuzdar,Food & Beverages,Tea Prepared Ordinary,0.0,0.0,0.0,0.0,0.0,0.0,0.0,0.0,0.0,0.0,0.0
2023,Khuzdar,Food & Beverages,Tomatoes,-8.870000000000005,-8.869999999999997,-8.869999999999997,1.1000000000000014,0.35999999999999943,11.559999999999995,54.56,-14.0,6.019999999999996,61.750000000000014,-49.35000000000001
2023,Khuzdar,Food & Beverages,Vegetable Ghee DALDA/HABIB 2.5 kg,0.0,0.0,0.0,0.0,0.0,-151.28999999999996,-18.710000000000036,0.0,-25.230000000000018,-48.3599999999999,-46.41000000000008
2023,Khuzdar,Food & Beverages,Vegetable Ghee DALDA/HABIB or Ot,0.0,0.0,0.0,0.0,0.0,0.0,0.0,0.0,-7.5499999999999545,-17.720000000000027,-19.730000000000018
2023,Khuzdar,Food & Beverages,Vegetable Ghee DALDA/HABIB or Oth,0.0,0.0,0.0,0.0,-15.17999999999995,-44.10000000000002,-10.720000000000027,0.0,0.0,0.0,0.0
2023,Khuzdar,Food & Beverages,Wheat Flour Bag,-8.320000000000164,-8.319999999999254,-8.319999999999709,-12.420000000000073,-175.1199999999999,197.01999999999998,123.32999999999993,-13.690000000000055,-86.02999999999975,-23.990000000000236,54.2800000000002
2023,Khuzdar,Household Equipment,Energy Saver Philips 14 Watt,0.0,0.0,0.0,0.0,0.0,0.0,0.0,0.0,0.0,0.0,0.0
2023,Khuzdar,Household Equipment,Match Box,0.0,0.0,0.0,0.0,0.0,0.0,0.0,0.0,0.0,0.0,0.0
2023,Khuzdar,Housing Water & Energy,Electricity Charges upto 50 Units,-0.23999999999999932,-0.23999999999999932,-0.23999999999999932,-0.08000000000000007,0.0,0.2999999999999998,1.0899999999999999,0.03000000000000025,0.4800000000000004,-0.6500000000000004,-0.3600000000000003
2023,Khuzdar,Housing Water & Energy,Firewood Whole,0.0,0.0,0.0,0.0,0.0,0.0,0.0,0.0,0.0,0.0,0.0
2023,Khuzdar,Housing Water & Energy,LPG 11.67 kg Cylinder,-188.19000000000005,-188.19000000000005,-188.19000000000005,57.90000000000009,-364.07000000000016,-203.98999999999978,324.09000000000015,350.62999999999965,-159.5899999999997,-72.68000000000029,125.61000000000013
2023,Khuzdar,Miscellaneous,Cigarettes Capstan 20'S Packet,0.0,0.0,0.0,0.0,0.0,0.0,2.019999999999982,1.3600000000000136,-5.060000000000002,-1.6599999999999966,0.0
2023,Khuzdar,Personal Care,Sufi Washing Soap 250 gm Cake,0.0,0.0,0.0,0.0,11.799999999999997,13.200000000000003,0.0,0.0,0.0,0.0,0.0
2023,Khuzdar,Personal Care,Toilet Soap LIFEBUOY 115 gm,0.0,0.0,0.0,0.0,0.0,0.0,8.549999999999997,6.150000000000006,0.0,0.0,0.0
2023,Khuzdar,Transport & Communication,Hi-Speed Diesel,5.279999999999859,5.28000000000003,5.279999999999973,-20.389999999999986,-19.590000000000003,3.960000000000008,28.24000000000001,35.20999999999998,-9.75,-11.300000000000011,-16.42999999999995
2023,Khuzdar,Transport & Communication,Petrol Super,6.979999999999961,6.980000000000018,6.980000000000018,-1.009999999999991,-13.930000000000007,-4.560000000000002,25.849999999999966,34.83000000000004,-15.330000000000041,-20.560000000000002,-7.919999999999959
2023,Khuzdar,Transport & Communication,Telephone Call Charges,0.0,0.0,0.0,0.0,0.0,0.0,0.0,0.0,0.0,0.0,0.0
2023,Lahore,Apparel & Footwear,Gents Sandal Bata,0.0,0.0,0.0,500.0,0.0,0.0,56.690000000000055,243.30999999999995,0.0,0.0,0.0
2023,Lahore,Apparel & Footwear,Gents Sponge Chappal Bata,0.0,0.0,0.0,220.0,0.0,0.0,0.0,0.0,0.0,0.0,0.0
2023,Lahore,Apparel & Footwear,Georgette (Average Quality),29.300000000000125,29.299999999999955,29.30000000000001,0.0,0.0,0.0,0.0,0.0,0.0,0.0,0.0
2023,Lahore,Apparel & Footwear,Ladies Sandal Bata,0.0,0.0,0.0,100.0,0.0,0.0,0.0,0.0,0.0,0.0,0.0
2023,Lahore,Apparel & Footwear,Lawn Printed Gul Ahmed/Al Karam,125.89000000000004,125.88999999999993,125.88999999999999,0.0,0.0,0.0,0.0,0.0,0.0,0.0,0.0
2023,Lahore,Apparel & Footwear,"Long Cloth 57"" Gul Ahmed/Al Karam",38.94,38.94000000000011,38.940000000000055,0.0,0.0,0.0,0.0,0.0,0.0,0.0,0.0
2023,Lahore,Apparel & Footwear,Shirting (Average Quality),56.599999999999994,56.60000000000008,56.60000000000002,0.0,0.0,8.220000000000027,8.399999999999977,0.0,0.0,0.0,0.0
2023,Lahore,Food & Beverages,Bananas (Kela) Local,27.799999999999983,27.80000000000001,27.80000000000001,19.25,-69.37,-63.44000000000001,6.609999999999999,5.0800000000000125,-7.410000000000011,-26.299999999999997,9.39
2023,Lahore,Food & Beverages,Beef with Bone (Average Quality),48.06000000000006,48.06000000000006,48.06000000000006,44.75999999999999,0.0,0.0,18.569999999999936,12.600000000000023,0.0,0.0,0.0
2023,Lahore,Food & Beverages,Bread plain (Small Size),4.88000000000001,4.8799999999999955,4.8799999999999955,5.1200000000000045,0.0,0.0,0.0,7.420000000000002,2.5799999999999983,0.0,0.0
2023,Lahore,Food & Beverages,Chicken Farm Broiler (Live),-15.810000000000002,-15.810000000000002,-15.810000000000002,53.76000000000005,20.879999999999995,-29.860000000000014,-11.400000000000034,-33.81,-36.329999999999984,18.389999999999986,-5.17999999999995
2023,Lahore,Food & Beverages,Chilies Powder NATIONAL 200 gm Pa,0.0,0.0,0.0,0.0,0.0,78.25999999999999,106.74000000000001,0.0,0.0,0.0,0.0
2023,Lahore,Food & Beverages,Cooked Beef at Average Hotel,0.0,0.0,0.0,12.490000000000009,0.0,0.0,1.5,1.0,0.0,0.0,0.0
2023,Lahore,Food & Beverages,Cooked Daal at Average Hotel,0.0,0.0,0.0,19.040000000000006,0.0,0.0,0.3599999999999852,0.5400000000000205,0.0,0.0,0.0
2023,Lahore,Food & Beverages,Cooking Oil DALDA or Other Similar,0.0,0.0,0.0,0.0,0.0,0.0,0.0,0.0,-24.90000000000009,-125.0,0.0
2023,Lahore,Food & Beverages,Cooking Oil DALDA or Other Similar B,-59.63999999999987,-59.64000000000033,-59.63999999999987,0.0,-50.0,-50.0,-84.5300000000002,0.0,0.0,0.0,0.0
2023,Lahore,Food & Beverages,Curd (Dahi) Loose,2.6200000000000045,2.6200000000000045,2.6200000000000045,2.3700000000000045,4.810000000000002,2.609999999999985,5.780000000000001,0.8400000000000034,0.6999999999999886,0.2300000000000182,0.0
2023,Lahore,Food & Beverages,Eggs Hen (Farm),29.47,29.47,29.47,13.460000000000036,-32.02000000000004,3.5700000000000216,38.24999999999997,1.4600000000000364,20.689999999999998,17.539999999999964,20.910000000000025
2023,Lahore,Food & Beverages,Garlic (Lehsun),-64.91000000000014,-64.90999999999997,-64.91000000000003,-12.839999999999975,8.229999999999961,36.660000000000025,72.17000000000002,57.389999999999986,91.25,-11.259999999999991,9.25
2023,Lahore,Food & Beverages,Gur (Average Quality),20.309999999999988,20.310000000000002,20.310000000000002,6.360000000000014,5.159999999999997,21.419999999999987,30.099999999999994,14.200000000000017,-11.950000000000017,-29.889999999999986,0.0
2023,Lahore,Food & Beverages,Milk fresh (Un-boiled),1.0600000000000023,1.0600000000000023,1.0600000000000023,1.759999999999991,3.980000000000018,0.7199999999999989,4.0,4.439999999999998,1.0900000000000034,2.819999999999993,0.0
2023,Lahore,Food & Beverages,Mustard Oil (Average Quality),0.0,0.0,0.0,0.0,-5.259999999999991,-28.920000000000073,-32.09999999999991,-0.8600000000000136,-13.630000000000052,-4.4599999999999795,0.0
2023,Lahore,Food & Beverages,Mutton (Average Quality),55.12000000000012,55.11999999999989,55.12000000000012,116.14999999999986,0.0,0.0,53.950000000000045,36.799999999999955,0.0,0.0,0.0
2023,Lahore,Food & Beverages,Onions,-58.089999999999975,-58.09,-58.09,-24.080000000000005,16.29,-9.329999999999998,4.790000000000006,24.11,22.309999999999988,24.63000000000001,43.150000000000006
2023,Lahore,Food & Beverages,Potatoes,13.120000000000001,13.120000000000005,13.120000000000005,9.629999999999995,5.790000000000006,11.439999999999998,-0.8700000000000045,-0.09000000000000341,8.830000000000013,25.379999999999995,-46.760000000000005
2023,Lahore,Food & Beverages,Powdered Milk NIDO 390 gm Polyba,0.0,0.0,0.0,0.0,0.0,0.0,0.0,0.0,0.0,0.0,0.0
2023,Lahore,Food & Beverages,Powdered Milk NIDO 390 gm Polybag,0.0,0.0,0.0,14.529999999999973,45.47000000000003,0.0,80.0,0.0,0.0,0.0,0.0
2023,Lahore,Food & Beverages,Pulse Gram,-10.180000000000007,-10.179999999999893,-10.179999999999978,0.0,-7.180000000000007,-11.469999999999999,4.489999999999981,4.160000000000025,-7.780000000000001,-11.350000000000023,14.460000000000008
2023,Lahore,Food & Beverages,Pulse Mash (Washed),0.0,0.0,0.0,21.239999999999952,16.77000000000004,29.539999999999964,26.49000000000001,33.08000000000004,14.480000000000018,-28.74000000000001,0.0
2023,Lahore,Food & Beverages,Pulse Masoor (Washed),0.0,0.0,0.0,9.79000000000002,10.169999999999959,0.0,8.28000000000003,30.579999999999984,4.400000000000034,-9.800000000000011,14.71999999999997
2023,Lahore,Food & Beverages,Pulse Moong (Washed),0.0,0.0,0.0,3.329999999999984,3.3700000000000045,0.0,0.0,0.0,0.0,0.0,0.0
2023,Lahore,Food & Beverages,Rice Basmati Broken (Average Qualit,0.0,0.0,0.0,0.0,8.429999999999978,14.300000000000011,2.0200000000000102,1.3499999999999943,0.0,0.0,-7.939999999999998
2023,Lahore,Food & Beverages,Rice Basmati Broken (Average Quality,0.0,0.0,0.0,8.27000000000001,0.0,0.0,0.0,0.0,0.0,0.0,0.0
2023,Lahore,Food & Beverages,Rice IRRI-6/9 (Sindh/Punjab),0.0,0.0,0.0,0.0,0.0,0.0,0.0,0.0,0.0,0.0,0.0
2023,Lahore,Food & Beverages,Salt Powdered (NATIONAL/SHAN) 80,0.0,0.0,0.0,2.3299999999999983,0.8000000000000043,3.3299999999999983,3.539999999999999,0.0,0.0,5.810000000000002,4.189999999999998
2023,Lahore,Food & Beverages,Sugar Refined,18.230000000000004,18.230000000000004,18.230000000000004,-4.25,3.280000000000001,17.48999999999998,14.469999999999999,14.120000000000005,-15.75,-11.549999999999983,2.259999999999991
2023,Lahore,Food & Beverages,Tea Lipton Yellow Label 190 gm Pack,32.66000000000008,32.66000000000008,32.66000000000008,0.0,0.0,0.0,0.0,-8.040000000000077,-7.919999999999959,105.04999999999995,-105.05999999999995
2023,Lahore,Food & Beverages,Tea Prepared Ordinary,0.0,0.0,0.0,0.0,3.1400000000000006,1.1000000000000014,1.8099999999999952,1.240000000000002,0.0,0.0,0.0
2023,Lahore,Food & Beverages,Tomatoes,-7.77000000000001,-7.769999999999996,-7.769999999999996,-27.78,5.510000000000005,61.56999999999999,13.990000000000009,-10.88000000000001,19.89999999999999,62.06,-77.57
2023,Lahore,Food & Beverages,Vegetable Ghee DALDA/HABIB 2.5 kg,-29.810000000000173,-29.809999999999945,-29.809999999999945,0.0,-25.0,-65.0,-43.07999999999993,-11.920000000000073,0.0,-25.0,-52.83999999999992
2023,Lahore,Food & Beverages,Vegetable Ghee DALDA/HABIB or Ot,0.0,0.0,0.0,0.0,0.0,0.0,0.0,0.0,-11.289999999999964,-20.730000000000018,-5.980000000000018
2023,Lahore,Food & Beverages,Vegetable Ghee DALDA/HABIB or Oth,-18.600000000000023,-18.600000000000023,-18.600000000000023,-0.7200000000000273,-23.319999999999936,-11.960000000000036,-18.710000000000036,0.0,0.0,0.0,0.0
2023,Lahore,Food & Beverages,Wheat Flour Bag,681.98,681.98,681.98,339.5,-184.80000000000018,330.9500000000003,-32.720000000000255,-6.519999999999982,-17.34999999999991,36.34999999999991,16.590000000000146
2023,Lahore,Household Equipment,Energy Saver Philips 14 Watt,0.0,0.0,0.0,0.0,0.0,0.0,0.0,0.0,0.0,0.0,140.0
2023,Lahore,Household Equipment,Match Box,0.0,0.0,0.0,0.5,0.0,0.0,0.0,0.16000000000000014,0.16000000000000014,0.0,0.0
2023,Lahore,Housing Water & Energy,Electricity Charges upto 50 Units,-0.23999999999999932,-0.23999999999999932,-0.23999999999999932,-0.08000000000000007,0.0,0.2999999999999998,1.0899999999999999,0.03000000000000025,0.4800000000000004,-0.6500000000000004,-0.3600000000000003
2023,Lahore,Housing Water & Energy,Firewood Whole,0.0,0.0,0.0,0.0,0.0,0.0,191.83000000000015,0.0,0.0,4.699999999999818,55.330000000000155
2023,Lahore,Housing Water & Energy,Gas Charges upto 3.3719 MMBTU,0.0,0.0,0.0,0.0,0.0,0.0,0.0,0.0,0.0,0.0,1416.0
2023,Lahore,Housing Water & Energy,LPG 11.67 kg Cylinder,24.30000000000109,24.299999999999727,24.300000000000182,-35.090000000000146,-574.7799999999997,-206.59000000000015,418.2000000000003,271.1199999999999,87.13000000000011,-88.86000000000013,118.42999999999984
2023,Lahore,Miscellaneous,Cigarettes Capstan 20'S Packet,0.0,0.0,0.0,0.0,0.0,0.0,0.0,0.0,0.0,0.0,0.0
2023,Lahore,Personal Care,Sufi Washing Soap 250 gm Cake,4.019999999999996,4.02000000000001,4.019999999999996,0.0,0.0,0.0,2.980000000000004,2.019999999999996,0.0,0.0,0.0
2023,Lahore,Personal Care,Toilet Soap LIFEBUOY 115 gm,0.0,0.0,0.0,12.909999999999997,4.689999999999998,0.0,0.0,0.0,0.0,0.0,0.0
2023,Lahore,Transport & Communication,Hi-Speed Diesel,5.290000000000134,5.289999999999964,5.2900000000000205,-20.420000000000016,-19.599999999999994,3.9799999999999898,28.230000000000018,35.20999999999998,-9.75,-11.300000000000011,-16.42999999999995
2023,Lahore,Transport & Communication,Petrol Super,6.959999999999866,6.960000000000036,6.9599999999999795,-1.0299999999999727,-13.940000000000055,-4.559999999999945,25.849999999999966,34.84000000000003,-15.330000000000041,-20.560000000000002,-7.919999999999959
2023,Lahore,Transport & Communication,Telephone Call Charges,0.0,0.0,0.0,0.0,0.0,0.0,0.0,0.0,0.0,0.0,0.0
2023,Larkana,Apparel & Footwear,Gents Sandal Bata,0.0,0.0,0.0,500.0,0.0,0.0,56.690000000000055,243.30999999999995,0.0,0.0,0.0
2023,Larkana,Apparel & Footwear,Gents Sponge Chappal Bata,0.0,0.0,0.0,220.0,0.0,0.0,0.0,0.0,0.0,0.0,0.0
2023,Larkana,Apparel & Footwear,Georgette (Average Quality),7.7099999999999795,7.710000000000008,7.7099999999999795,7.9500000000000455,0.0,0.0,0.0,0.0,0.0,0.0,0.0
2023,Larkana,Apparel & Footwear,Ladies Sandal Bata,0.0,0.0,0.0,100.0,0.0,0.0,0.0,0.0,0.0,0.0,0.0
2023,Larkana,Apparel & Footwear,Lawn Printed Gul Ahmed/Al Karam,0.0,0.0,0.0,0.0,0.0,0.0,12.870000000000005,19.92999999999995,0.0,0.0,0.0
2023,Larkana,Apparel & Footwear,"Long Cloth 57"" Gul Ahmed/Al Karam",0.0,0.0,0.0,0.0,0.0,0.0,42.94,73.19999999999999,0.0,0.0,0.0
2023,Larkana,Apparel & Footwear,Shirting (Average Quality),0.0,0.0,0.0,0.0,0.0,0.0,11.96999999999997,18.910000000000025,0.0,0.0,0.0
2023,Larkana,Food & Beverages,Bananas (Kela) Local,42.099999999999994,42.099999999999994,42.099999999999994,25.879999999999995,-32.95999999999998,-59.010000000000005,-0.4100000000000108,-6.140000000000001,-19.08,4.240000000000009,8.649999999999991
2023,Larkana,Food & Beverages,Beef with Bone (Average Quality),3.3600000000000136,3.3600000000000136,3.3600000000000136,0.0,0.0,0.0,0.0,17.029999999999973,0.0,0.0,0.0
2023,Larkana,Food & Beverages,Bread plain (Small Size),0.0,0.0,0.0,1.710000000000008,1.7399999999999949,0.0,0.0,9.540000000000006,3.3799999999999955,0.0,0.0
2023,Larkana,Food & Beverages,Chicken Farm Broiler (Live),22.390000000000043,22.389999999999986,22.389999999999986,37.05000000000001,12.170000000000016,-17.33000000000004,-41.389999999999986,-26.399999999999977,-9.180000000000007,-19.310000000000002,6.9599999999999795
2023,Larkana,Food & Beverages,Chilies Powder NATIONAL 200 gm Pa,0.0,0.0,0.0,0.0,0.0,36.099999999999994,148.9,0.0,0.0,0.0,0.0
2023,Larkana,Food & Beverages,Cooked Beef at Average Hotel,0.0,0.0,0.0,0.0,0.0,0.0,0.0,0.0,0.0,0.0,0.0
2023,Larkana,Food & Beverages,Cooked Daal at Average Hotel,3.490000000000009,3.489999999999995,3.489999999999995,3.5900000000000034,0.0,0.0,0.0,0.0,0.0,0.0,0.0
2023,Larkana,Food & Beverages,Cooking Oil DALDA or Other Similar,0.0,0.0,0.0,0.0,0.0,0.0,0.0,0.0,-75.30999999999995,-69.92000000000007,-29.769999999999982
2023,Larkana,Food & Beverages,Cooking Oil DALDA or Other Similar B,115.0,115.0,115.0,0.0,0.0,-30.710000000000036,-146.1199999999999,0.0,0.0,0.0,0.0
2023,Larkana,Food & Beverages,Curd (Dahi) Loose,4.149999999999977,4.150000000000006,4.150000000000006,0.0,0.0,0.0,0.0,0.0,0.0,0.0,0.0
2023,Larkana,Food & Beverages,Eggs Hen (Farm),23.139999999999986,23.140000000000015,23.139999999999986,11.620000000000005,-7.420000000000016,-0.47999999999996135,27.42999999999995,8.100000000000023,12.189999999999998,12.439999999999998,43.910000000000025
2023,Larkana,Food & Beverages,Garlic (Lehsun),-42.72000000000014,-42.71999999999997,-42.72000000000003,-83.53999999999996,-17.78000000000003,51.68000000000001,59.56,125.88,0.06999999999999318,48.10000000000002,65.20000000000005
2023,Larkana,Food & Beverages,Gur (Average Quality),6.230000000000004,6.230000000000004,6.230000000000004,9.319999999999993,0.0,14.379999999999995,27.349999999999994,18.27000000000001,-19.52000000000001,-27.20999999999998,7.929999999999978
2023,Larkana,Food & Beverages,Milk fresh (Un-boiled),6.4599999999999795,6.460000000000008,6.460000000000008,6.659999999999997,0.0,0.0,0.0,0.0,0.0,0.0,0.0
2023,Larkana,Food & Beverages,Mustard Oil (Average Quality),-26.730000000000018,-26.730000000000018,-26.730000000000018,-40.87999999999994,-4.890000000000043,69.30000000000007,-10.680000000000064,-33.72999999999996,-8.300000000000011,-2.8500000000000227,48.75999999999999
2023,Larkana,Food & Beverages,Mutton (Average Quality),217.76999999999975,217.7700000000002,217.76999999999998,24.799999999999955,16.75,34.049999999999955,0.0,132.70000000000005,0.0,0.0,24.940000000000055
2023,Larkana,Food & Beverages,Onions,-53.79000000000002,-53.78999999999999,-53.79,-17.740000000000002,5.180000000000007,2.059999999999995,7.289999999999999,3.0700000000000003,28.54,31.950000000000003,31.099999999999994
2023,Larkana,Food & Beverages,Potatoes,9.590000000000003,9.58999999999999,9.589999999999996,12.469999999999999,0.0,8.39,3.3900000000000006,0.7999999999999972,6.640000000000001,0.710000000000008,-19.439999999999998
2023,Larkana,Food & Beverages,Powdered Milk NIDO 390 gm Polyba,0.0,0.0,0.0,0.0,0.0,0.0,0.0,0.0,0.0,0.0,0.0
2023,Larkana,Food & Beverages,Powdered Milk NIDO 390 gm Polybag,0.0,0.0,0.0,44.84000000000003,15.159999999999968,0.0,63.34000000000003,0.0,0.0,0.0,0.0
2023,Larkana,Food & Beverages,Pulse Gram,-3.8999999999999773,-3.9000000000000057,-3.9000000000000057,0.0,0.0,4.949999999999989,-11.810000000000002,11.710000000000008,-17.72999999999999,-2.6500000000000057,6.099999999999994
2023,Larkana,Food & Beverages,Pulse Mash (Washed),11.0,11.0,11.0,81.39999999999998,15.240000000000009,0.0,7.75,32.25,19.67999999999995,-47.93999999999994,43.049999999999955
2023,Larkana,Food & Beverages,Pulse Masoor (Washed),-17.90999999999991,-17.910000000000025,-17.909999999999968,8.289999999999964,1.580000000000041,15.449999999999989,12.789999999999964,15.480000000000018,-2.019999999999982,9.139999999999986,1.3700000000000045
2023,Larkana,Food & Beverages,Pulse Moong (Washed),2.6200000000000045,2.6200000000000045,2.6200000000000045,1.4399999999999977,-3.1899999999999977,14.569999999999993,-1.0600000000000023,14.920000000000016,-12.029999999999973,-22.720000000000027,27.5
2023,Larkana,Food & Beverages,Rice Basmati Broken (Average Qualit,0.0,0.0,0.0,0.0,33.120000000000005,0.0,11.799999999999983,18.370000000000005,-14.969999999999999,-15.20999999999998,6.279999999999973
2023,Larkana,Food & Beverages,Rice Basmati Broken (Average Quality,0.0,0.0,0.0,10.109999999999985,0.0,0.0,0.0,0.0,0.0,0.0,0.0
2023,Larkana,Food & Beverages,Rice IRRI-6/9 (Sindh/Punjab),0.6700000000000159,0.6699999999999875,0.6700000000000159,4.049999999999983,5.740000000000009,16.650000000000006,7.349999999999994,16.060000000000002,-20.939999999999998,-36.22,3.5999999999999943
2023,Larkana,Food & Beverages,Salt Powdered (NATIONAL/SHAN) 80,0.0,0.0,0.0,0.0,0.0,0.0,7.82,2.1799999999999997,0.0,11.189999999999998,8.810000000000002
2023,Larkana,Food & Beverages,Sugar Refined,17.53,17.53,17.53,-2.980000000000004,6.010000000000005,16.840000000000003,14.530000000000001,11.0,-19.349999999999994,-7.189999999999998,-0.5900000000000034
2023,Larkana,Food & Beverages,Tea Lipton Yellow Label 190 gm Pack,92.36000000000013,92.36000000000007,92.36000000000007,0.0,0.0,0.0,0.0,0.0,0.0,68.28999999999996,50.10000000000002
2023,Larkana,Food & Beverages,Tea Prepared Ordinary,3.579999999999991,3.5799999999999983,3.5799999999999983,0.0,0.0,0.0,0.0,3.1300000000000026,2.479999999999997,2.950000000000003,1.4399999999999977
2023,Larkana,Food & Beverages,Tomatoes,-15.779999999999994,-15.779999999999994,-15.779999999999994,-10.060000000000002,34.29,29.950000000000003,25.25999999999999,-3.819999999999993,12.769999999999996,33.06,-51.34
2023,Larkana,Food & Beverages,Vegetable Ghee DALDA/HABIB 2.5 kg,92.25999999999999,92.25999999999999,92.25999999999999,0.0,-25.0,0.0,-49.180000000000064,-70.81999999999994,0.0,-9.019999999999982,-5.980000000000018
2023,Larkana,Food & Beverages,Vegetable Ghee DALDA/HABIB or Ot,0.0,0.0,0.0,0.0,0.0,0.0,0.0,0.0,0.0,-16.980000000000018,-11.019999999999982
2023,Larkana,Food & Beverages,Vegetable Ghee DALDA/HABIB or Oth,18.17999999999995,18.17999999999995,18.17999999999995,0.0,-10.0,0.0,-29.879999999999995,0.0,0.0,0.0,0.0
2023,Larkana,Food & Beverages,Wheat Flour Bag,4.980000000000018,4.980000000000018,4.980000000000018,41.08999999999969,-29.98999999999978,312.8699999999999,42.5300000000002,11.0,-115.20000000000027,-47.929999999999836,15.159999999999854
2023,Larkana,Household Equipment,Energy Saver Philips 14 Watt,0.0,0.0,0.0,16.060000000000002,53.94,0.0,0.0,0.0,0.0,0.0,0.0
2023,Larkana,Household Equipment,Match Box,0.0,0.0,0.0,0.0,0.0,0.0,0.0,0.0,0.0,0.0,0.0
2023,Larkana,Housing Water & Energy,Electricity Charges upto 50 Units,-0.23999999999999932,-0.23999999999999932,-0.23999999999999932,-0.08000000000000007,0.0,0.2999999999999998,1.0899999999999999,0.03000000000000025,0.4800000000000004,-0.6500000000000004,-0.3600000000000003
2023,Larkana,Housing Water & Energy,Firewood Whole,0.0,0.0,0.0,0.0,0.0,0.0,0.0,0.0,0.0,0.0,0.0
2023,Larkana,Housing Water & Energy,Gas Charges upto 3.3719 MMBTU,0.0,0.0,0.0,0.0,0.0,0.0,0.0,0.0,0.0,0.0,1416.0
2023,Larkana,Housing Water & Energy,LPG 11.67 kg Cylinder,-106.55999999999995,-106.56000000000085,-106.5600000000004,97.80000000000018,-493.82000000000016,-435.02,467.49000000000024,378.3299999999999,69.59000000000015,-113.61000000000013,-5.980000000000018
2023,Larkana,Miscellaneous,Cigarettes Capstan 20'S Packet,0.0,0.0,0.0,0.0,0.0,0.0,0.0,0.0,0.0,0.0,0.0
2023,Larkana,Personal Care,Sufi Washing Soap 250 gm Cake,0.0,0.0,0.0,0.0,0.0,0.0,8.909999999999997,2.3400000000000034,0.0,0.0,0.0
2023,Larkana,Personal Care,Toilet Soap LIFEBUOY 115 gm,0.0,0.0,0.0,0.0,0.0,18.319999999999993,5.860000000000014,9.419999999999987,0.0,0.0,0.0
2023,Larkana,Transport & Communication,Hi-Speed Diesel,5.269999999999982,5.2700000000000955,5.270000000000039,-20.410000000000025,-19.590000000000003,3.890000000000015,28.279999999999973,35.23000000000002,-9.620000000000005,-11.329999999999984,-16.50999999999999
2023,Larkana,Transport & Communication,Petrol Super,6.96999999999997,6.970000000000084,6.970000000000027,-1.0199999999999818,-13.939999999999998,-4.57000000000005,25.840000000000032,34.839999999999975,-15.299999999999955,-20.560000000000002,-7.930000000000007
2023,Larkana,Transport & Communication,Telephone Call Charges,0.0,0.0,0.0,0.0,0.0,0.0,0.0,0.0,0.0,0.0,0.0
2023,Multan,Apparel & Footwear,Gents Sandal Bata,0.0,0.0,0.0,500.0,0.0,0.0,56.690000000000055,243.30999999999995,0.0,0.0,0.0
2023,Multan,Apparel & Footwear,Gents Sponge Chappal Bata,0.0,0.0,0.0,220.0,0.0,0.0,0.0,0.0,0.0,0.0,0.0
2023,Multan,Apparel & Footwear,Georgette (Average Quality),45.129999999999995,45.129999999999995,45.129999999999995,17.330000000000013,0.0,0.0,0.0,0.0,0.0,0.0,0.0
2023,Multan,Apparel & Footwear,Ladies Sandal Bata,0.0,0.0,0.0,100.0,0.0,0.0,0.0,0.0,0.0,0.0,0.0
2023,Multan,Apparel & Footwear,Lawn Printed Gul Ahmed/Al Karam,22.529999999999916,22.529999999999973,22.529999999999973,23.470000000000027,0.0,0.0,0.0,0.0,0.0,0.0,0.0
2023,Multan,Apparel & Footwear,"Long Cloth 57"" Gul Ahmed/Al Karam",0.0,0.0,0.0,0.0,0.0,21.590000000000032,22.409999999999968,0.0,0.0,0.0,0.0
2023,Multan,Apparel & Footwear,Shirting (Average Quality),72.23999999999998,72.24000000000001,72.24000000000001,27.75999999999999,0.0,0.0,0.0,0.0,37.44,65.89999999999998,17.36000000000007
2023,Multan,Food & Beverages,Bananas (Kela) Local,20.659999999999883,20.660000000000025,20.659999999999968,27.140000000000043,-73.00999999999999,-102.65000000000003,-15.849999999999994,0.5999999999999943,-15.48999999999998,-2.440000000000026,12.370000000000005
2023,Multan,Food & Beverages,Beef with Bone (Average Quality),21.529999999999973,21.529999999999973,21.529999999999973,4.0499999999999545,67.80000000000007,0.0,0.0,0.0,0.0,0.0,0.0
2023,Multan,Food & Beverages,Bread plain (Small Size),0.0,0.0,0.0,10.0,0.0,0.0,0.0,7.420000000000002,2.5799999999999983,0.0,0.0
2023,Multan,Food & Beverages,Chicken Farm Broiler (Live),2.5500000000000114,2.5499999999999545,2.5500000000000114,43.650000000000034,12.569999999999993,-17.460000000000036,-20.97999999999996,-23.370000000000005,-19.25,-4.360000000000014,-7.060000000000002
2023,Multan,Food & Beverages,Chilies Powder NATIONAL 200 gm Pa,-14.669999999999987,-14.670000000000016,-14.669999999999987,0.0,0.0,78.25999999999999,106.74000000000001,0.0,0.0,0.0,0.0
2023,Multan,Food & Beverages,Cooked Beef at Average Hotel,0.0,0.0,0.0,0.0,0.0,0.0,0.0,0.0,29.730000000000018,10.649999999999977,0.0
2023,Multan,Food & Beverages,Cooked Daal at Average Hotel,0.0,0.0,0.0,0.0,0.0,0.0,0.0,3.3400000000000034,1.1399999999999864,0.0,0.0
2023,Multan,Food & Beverages,Cooking Oil DALDA or Other Similar,0.0,0.0,0.0,0.0,0.0,0.0,0.0,0.0,-74.69000000000005,-125.21000000000004,-49.789999999999964
2023,Multan,Food & Beverages,Cooking Oil DALDA or Other Similar B,110.60000000000036,110.59999999999991,110.59999999999991,-80.21000000000004,-229.78999999999996,-67.73999999999978,-22.26000000000022,0.0,0.0,0.0,0.0
2023,Multan,Food & Beverages,Curd (Dahi) Loose,9.309999999999974,9.310000000000002,9.310000000000002,10.550000000000011,1.0600000000000023,15.599999999999994,1.75,13.689999999999998,3.990000000000009,0.0,0.0
2023,Multan,Food & Beverages,Eggs Hen (Farm),36.629999999999995,36.629999999999995,36.629999999999995,7.759999999999991,-29.579999999999984,1.049999999999983,41.83000000000001,-4.259999999999991,22.180000000000007,18.849999999999966,43.120000000000005
2023,Multan,Food & Beverages,Garlic (Lehsun),-45.33000000000004,-45.329999999999984,-45.329999999999984,-13.220000000000027,-15.239999999999952,3.9399999999999977,81.90999999999997,134.29000000000002,37.75999999999999,58.43999999999994,-15.629999999999995
2023,Multan,Food & Beverages,Gur (Average Quality),29.909999999999982,29.91000000000001,29.909999999999997,28.710000000000008,12.259999999999991,17.75,33.400000000000006,18.210000000000008,-35.30000000000001,-11.689999999999998,0.0
2023,Multan,Food & Beverages,Milk fresh (Un-boiled),7.409999999999997,7.409999999999997,7.409999999999997,0.8600000000000136,2.1599999999999966,7.840000000000003,3.2700000000000102,11.869999999999976,0.8700000000000045,0.5900000000000034,0.0
2023,Multan,Food & Beverages,Mustard Oil (Average Quality),-29.470000000000027,-29.470000000000027,-29.470000000000027,0.0,-20.930000000000064,-36.809999999999945,-14.740000000000009,-5.259999999999991,-0.5699999999999932,-1.6899999999999977,0.0
2023,Multan,Food & Beverages,Mutton (Average Quality),64.98000000000002,64.98000000000002,64.98000000000002,5.730000000000018,94.51999999999998,0.0,0.0,0.0,0.0,0.0,0.0
2023,Multan,Food & Beverages,Onions,-66.37000000000003,-66.36999999999998,-66.37000000000002,-13.219999999999992,12.149999999999999,-4.230000000000004,6.060000000000002,25.230000000000004,21.36999999999999,20.360000000000014,33.69999999999999
2023,Multan,Food & Beverages,Potatoes,18.069999999999997,18.07,18.07,12.710000000000008,2.059999999999988,14.77000000000001,1.9699999999999989,0.7199999999999989,6.359999999999999,21.64,-40.78
2023,Multan,Food & Beverages,Powdered Milk NIDO 390 gm Polyba,0.0,0.0,0.0,0.0,0.0,0.0,0.0,0.0,0.0,0.0,0.0
2023,Multan,Food & Beverages,Powdered Milk NIDO 390 gm Polybag,0.0,0.0,0.0,60.0,0.0,0.0,80.0,0.0,0.0,0.0,0.0
2023,Multan,Food & Beverages,Pulse Gram,-12.42999999999995,-12.430000000000007,-12.430000000000007,0.2699999999999818,-5.810000000000002,-7.269999999999982,4.560000000000002,16.829999999999984,-34.639999999999986,1.7099999999999795,23.75
2023,Multan,Food & Beverages,Pulse Mash (Washed),13.379999999999995,13.379999999999995,13.379999999999995,15.379999999999995,10.910000000000025,-1.160000000000025,44.89999999999998,27.940000000000055,-23.399999999999977,5.659999999999968,8.840000000000032
2023,Multan,Food & Beverages,Pulse Masoor (Washed),0.0,0.0,0.0,13.29000000000002,-10.060000000000002,-8.839999999999975,13.70999999999998,65.80000000000001,-46.139999999999986,11.229999999999961,25.360000000000014
2023,Multan,Food & Beverages,Pulse Moong (Washed),0.0,0.0,0.0,-4.7999999999999545,-17.220000000000027,-20.27000000000001,9.950000000000017,33.06,-19.160000000000025,7.160000000000025,24.659999999999968
2023,Multan,Food & Beverages,Rice Basmati Broken (Average Qualit,0.0,0.0,0.0,0.0,17.75,0.0,2.0600000000000023,1.3899999999999864,0.0,0.0,0.0
2023,Multan,Food & Beverages,Rice Basmati Broken (Average Quality,0.0,0.0,0.0,17.75,0.0,0.0,0.0,0.0,0.0,0.0,0.0
2023,Multan,Food & Beverages,Rice IRRI-6/9 (Sindh/Punjab),0.0,0.0,0.0,11.710000000000008,0.5699999999999932,0.0,3.8499999999999943,12.189999999999998,0.5600000000000023,-13.139999999999986,-5.740000000000009
2023,Multan,Food & Beverages,Salt Powdered (NATIONAL/SHAN) 80,0.0,0.0,0.0,0.0,0.0,0.0,0.0,0.0,0.0,7.8700000000000045,2.1299999999999955
2023,Multan,Food & Beverages,Sugar Refined,16.28,16.28,16.28,-4.1200000000000045,5.140000000000001,17.530000000000015,16.060000000000002,8.799999999999983,-17.419999999999987,-9.740000000000009,5.6200000000000045
2023,Multan,Food & Beverages,Tea Lipton Yellow Label 190 gm Pack,0.0,0.0,0.0,0.0,0.0,0.0,0.0,0.0,0.0,89.08999999999992,-105.05999999999995
2023,Multan,Food & Beverages,Tea Prepared Ordinary,0.0,0.0,0.0,0.0,7.039999999999999,2.6600000000000037,0.29999999999999716,0.0,0.0,0.0,0.0
2023,Multan,Food & Beverages,Tomatoes,-20.950000000000017,-20.94999999999999,-20.949999999999996,-16.2,27.62,42.07,21.929999999999993,-10.280000000000001,5.390000000000001,42.72000000000001,-53.19000000000001
2023,Multan,Food & Beverages,Vegetable Ghee DALDA/HABIB 2.5 kg,44.92000000000007,44.919999999999845,44.92000000000007,-43.069999999999936,-41.930000000000064,-18.789999999999964,-60.87000000000012,-50.419999999999845,-14.920000000000073,-31.38000000000011,-63.61999999999989
2023,Multan,Food & Beverages,Vegetable Ghee DALDA/HABIB or Ot,0.0,0.0,0.0,0.0,0.0,0.0,0.0,0.0,-7.5499999999999545,-24.470000000000027,-5.980000000000018
2023,Multan,Food & Beverages,Vegetable Ghee DALDA/HABIB or Oth,-20.17999999999995,-20.17999999999995,-20.17999999999995,-5.059999999999945,-14.940000000000055,-12.039999999999964,-23.57000000000005,0.0,0.0,0.0,0.0
2023,Multan,Food & Beverages,Wheat Flour Bag,606.4799999999996,606.48,606.4799999999998,-164.0999999999999,-30.829999999999927,320.19000000000005,-25.829999999999927,-0.3000000000001819,-32.679999999999836,82.78999999999996,10.670000000000073
2023,Multan,Household Equipment,Energy Saver Philips 14 Watt,0.0,0.0,0.0,65.30000000000001,109.69999999999999,0.0,0.0,0.0,0.0,0.0,0.0
2023,Multan,Household Equipment,Match Box,0.5599999999999996,0.5599999999999996,0.5599999999999996,0.4400000000000004,0.0,1.0,0.0,0.0,0.0,0.0,0.0
2023,Multan,Housing Water & Energy,Electricity Charges upto 50 Units,-0.23999999999999932,-0.23999999999999932,-0.23999999999999932,-0.08000000000000007,0.0,0.2999999999999998,1.0899999999999999,0.03000000000000025,0.4800000000000004,-0.6500000000000004,-0.3600000000000003
2023,Multan,Housing Water & Energy,Firewood Whole,0.0,0.0,0.0,0.0,0.0,0.0,0.0,0.0,0.0,39.309999999999945,26.910000000000082
2023,Multan,Housing Water & Energy,Gas Charges upto 3.3719 MMBTU,0.0,0.0,0.0,0.0,0.0,0.0,0.0,0.0,0.0,0.0,1416.0
2023,Multan,Housing Water & Energy,LPG 11.67 kg Cylinder,123.16000000000031,123.15999999999985,123.15999999999985,-183.9699999999998,-603.4000000000001,-94.86999999999989,334.3800000000001,260.9499999999998,-11.260000000000218,29.0,32.120000000000346
2023,Multan,Miscellaneous,Cigarettes Capstan 20'S Packet,0.0,0.0,0.0,0.0,0.0,0.0,0.0,0.0,0.0,0.0,0.0
2023,Multan,Personal Care,Sufi Washing Soap 250 gm Cake,7.420000000000002,7.420000000000002,7.420000000000002,2.5799999999999983,0.0,0.0,0.0,0.0,0.0,0.0,0.0
2023,Multan,Personal Care,Toilet Soap LIFEBUOY 115 gm,0.0,0.0,0.0,12.909999999999997,4.689999999999998,0.0,0.0,0.0,0.0,0.0,0.0
2023,Multan,Transport & Communication,Hi-Speed Diesel,5.210000000000036,5.2099999999999795,5.2099999999999795,-20.20999999999998,-19.590000000000003,4.030000000000001,28.160000000000025,35.25,-9.759999999999991,-11.360000000000014,-16.30000000000001
2023,Multan,Transport & Communication,Petrol Super,6.969999999999857,6.970000000000027,6.96999999999997,-1.0,-13.919999999999959,-4.550000000000011,25.899999999999977,34.83000000000004,-15.360000000000014,-20.560000000000002,-7.930000000000007
2023,Multan,Transport & Communication,Telephone Call Charges,0.0,0.0,0.0,0.0,0.0,0.0,0.0,0.0,0.0,0.0,0.0
2023,Peshawar,Apparel & Footwear,Gents Sandal Bata,0.0,0.0,0.0,500.0,0.0,0.0,56.690000000000055,243.30999999999995,0.0,0.0,0.0
2023,Peshawar,Apparel & Footwear,Gents Sponge Chappal Bata,0.0,0.0,0.0,220.0,0.0,0.0,0.0,0.0,0.0,0.0,0.0
2023,Peshawar,Apparel & Footwear,Georgette (Average Quality),20.639999999999986,20.640000000000015,20.639999999999986,5.189999999999998,0.0,2.960000000000008,3.8400000000000034,10.990000000000009,2.8700000000000045,0.0,0.0
2023,Peshawar,Apparel & Footwear,Ladies Sandal Bata,0.0,0.0,0.0,100.0,0.0,0.0,0.0,0.0,0.0,0.0,0.0
2023,Peshawar,Apparel & Footwear,Lawn Printed Gul Ahmed/Al Karam,0.0,0.0,0.0,0.0,0.0,0.0,0.0,0.0,0.0,0.0,0.0
2023,Peshawar,Apparel & Footwear,"Long Cloth 57"" Gul Ahmed/Al Karam",0.0,0.0,0.0,0.0,0.0,0.0,0.0,0.0,0.0,0.0,0.0
2023,Peshawar,Apparel & Footwear,Shirting (Average Quality),8.230000000000132,8.229999999999961,8.230000000000018,8.379999999999995,0.0,0.0,0.0,0.0,0.0,0.0,0.0
2023,Peshawar,Food & Beverages,Bananas (Kela) Local,62.91999999999999,62.91999999999999,62.91999999999999,-12.67999999999995,-46.360000000000014,-39.620000000000005,-9.04000000000002,-8.339999999999975,-22.180000000000007,-18.900000000000006,5.6299999999999955
2023,Peshawar,Food & Beverages,Beef with Bone (Average Quality),26.33000000000004,26.33000000000004,26.33000000000004,37.40999999999997,8.740000000000009,3.8999999999999773,0.0,5.240000000000009,13.850000000000023,-0.03999999999996362,5.069999999999936
2023,Peshawar,Food & Beverages,Bread plain (Small Size),0.0,0.0,0.0,0.0,0.0,0.0,0.0,2.489999999999995,4.280000000000001,0.0,0.0
2023,Peshawar,Food & Beverages,Chicken Farm Broiler (Live),-8.240000000000009,-8.239999999999952,-8.240000000000009,54.889999999999986,12.600000000000023,-23.840000000000032,-1.0500000000000114,-34.370000000000005,-46.39999999999998,27.28000000000003,-12.680000000000007
2023,Peshawar,Food & Beverages,Chilies Powder NATIONAL 200 gm Pa,-8.879999999999995,-8.879999999999995,-8.879999999999995,0.0,0.0,36.099999999999994,148.9,0.0,0.0,0.0,0.0
2023,Peshawar,Food & Beverages,Cooked Beef at Average Hotel,17.070000000000007,17.069999999999993,17.069999999999993,1.1200000000000045,0.0,0.0,3.7700000000000102,2.549999999999983,5.77000000000001,4.409999999999997,3.140000000000015
2023,Peshawar,Food & Beverages,Cooked Daal at Average Hotel,2.280000000000001,2.280000000000001,2.280000000000001,0.0,0.0,0.0,6.420000000000002,4.730000000000004,0.0,0.0,0.0
2023,Peshawar,Food & Beverages,Cooking Oil DALDA or Other Similar,0.0,0.0,0.0,0.0,0.0,0.0,0.0,0.0,-130.98999999999978,-107.75,-56.26000000000022
2023,Peshawar,Food & Beverages,Cooking Oil DALDA or Other Similar B,-98.51000000000113,-98.50999999999976,-98.51000000000022,0.0,-240.0,-20.0,-16.01000000000022,0.0,0.0,0.0,0.0
2023,Peshawar,Food & Beverages,Curd (Dahi) Loose,6.7900000000000205,6.789999999999992,6.789999999999992,2.25,0.8700000000000045,6.039999999999992,13.980000000000018,0.0,0.0,0.0,0.0
2023,Peshawar,Food & Beverages,Eggs Hen (Farm),19.44999999999999,19.44999999999999,19.450000000000017,13.610000000000014,-29.77000000000001,1.9599999999999795,40.52000000000001,8.009999999999991,19.370000000000005,28.899999999999977,28.650000000000034
2023,Peshawar,Food & Beverages,Garlic (Lehsun),-11.889999999999986,-11.8900000000001,-11.890000000000043,-21.819999999999993,-27.41999999999996,41.46999999999997,32.06999999999999,86.09999999999997,58.0,15.280000000000086,85.19999999999993
2023,Peshawar,Food & Beverages,Gur (Average Quality),8.290000000000006,8.289999999999992,8.289999999999992,5.800000000000011,19.389999999999986,38.23000000000002,34.23999999999998,20.670000000000016,-28.02000000000001,-26.120000000000005,-2.6399999999999864
2023,Peshawar,Food & Beverages,Milk fresh (Un-boiled),6.320000000000107,6.319999999999993,6.320000000000022,-0.6200000000000045,0.0,3.609999999999985,14.890000000000015,0.0,0.0,0.0,0.0
2023,Peshawar,Food & Beverages,Mustard Oil (Average Quality),10.059999999999945,10.059999999999945,10.059999999999945,0.0,0.0,0.0,-14.069999999999936,-20.550000000000068,-3.8899999999999864,-11.529999999999973,0.0
2023,Peshawar,Food & Beverages,Mutton (Average Quality),39.50999999999999,39.50999999999999,39.50999999999999,176.77999999999997,0.0,0.0,0.0,0.0,28.649999999999864,44.02000000000021,8.709999999999809
2023,Peshawar,Food & Beverages,Onions,-53.84,-53.839999999999975,-53.84000000000002,-28.689999999999998,-11.5,1.5,9.5,31.67,6.890000000000001,18.379999999999995,31.500000000000014
2023,Peshawar,Food & Beverages,Potatoes,15.230000000000011,15.230000000000004,15.230000000000004,8.529999999999987,3.1400000000000006,8.740000000000009,0.7599999999999909,0.8200000000000074,-2.3499999999999943,5.029999999999987,-10.379999999999995
2023,Peshawar,Food & Beverages,Powdered Milk NIDO 390 gm Polyba,0.0,0.0,0.0,0.0,0.0,0.0,0.0,0.0,12.789999999999964,-23.350000000000023,0.0
2023,Peshawar,Food & Beverages,Powdered Milk NIDO 390 gm Polybag,0.8999999999999773,0.8999999999999773,0.8999999999999773,9.92999999999995,12.56000000000006,9.169999999999959,38.780000000000086,0.0,0.0,0.0,0.0
2023,Peshawar,Food & Beverages,Pulse Gram,-0.8400000000000887,-0.839999999999975,-0.8400000000000318,-0.8299999999999841,-20.039999999999992,-1.8900000000000148,4.240000000000009,33.52999999999997,-29.93999999999997,7.199999999999989,14.590000000000003
2023,Peshawar,Food & Beverages,Pulse Mash (Washed),15.649999999999977,15.650000000000091,15.650000000000034,8.899999999999977,1.6899999999999977,17.80000000000001,30.75,28.66999999999996,-5.569999999999936,-7.2000000000000455,14.889999999999986
2023,Peshawar,Food & Beverages,Pulse Masoor (Washed),4.139999999999873,4.140000000000043,4.139999999999986,4.199999999999989,-11.259999999999991,-0.9900000000000091,4.410000000000025,67.46999999999997,-19.069999999999993,-5.329999999999984,11.049999999999955
2023,Peshawar,Food & Beverages,Pulse Moong (Washed),-2.7000000000000455,-2.6999999999999886,-2.6999999999999886,3.3100000000000023,-17.060000000000002,-13.789999999999992,8.579999999999984,25.51000000000002,-11.930000000000007,5.579999999999984,-0.4900000000000091
2023,Peshawar,Food & Beverages,Rice Basmati Broken (Average Qualit,0.0,0.0,0.0,0.0,13.389999999999986,7.460000000000008,2.539999999999992,14.840000000000003,-2.200000000000017,17.360000000000014,-13.819999999999993
2023,Peshawar,Food & Beverages,Rice Basmati Broken (Average Quality,0.0,0.0,0.0,13.199999999999989,0.0,0.0,0.0,0.0,0.0,0.0,0.0
2023,Peshawar,Food & Beverages,Rice IRRI-6/9 (Sindh/Punjab),14.929999999999993,14.930000000000007,14.930000000000007,13.409999999999997,1.6699999999999875,0.0,0.6700000000000159,19.060000000000002,-26.79000000000002,-7.590000000000003,8.050000000000011
2023,Peshawar,Food & Beverages,Salt Powdered (NATIONAL/SHAN) 80,0.0,0.0,0.0,0.0,10.0,0.0,0.0,7.349999999999994,2.6500000000000057,0.0,0.0
2023,Peshawar,Food & Beverages,Sugar Refined,18.47,18.47,18.47,-1.7399999999999949,1.2099999999999937,18.11999999999999,14.170000000000016,14.430000000000007,-15.629999999999995,-14.900000000000006,3.6200000000000045
2023,Peshawar,Food & Beverages,Tea Lipton Yellow Label 190 gm Pack,92.36000000000013,92.36000000000007,92.36000000000007,0.0,0.0,0.0,0.0,-15.960000000000036,0.0,50.210000000000036,-50.22000000000003
2023,Peshawar,Food & Beverages,Tea Prepared Ordinary,0.0,0.0,0.0,0.0,0.0,1.0700000000000003,1.1099999999999994,3.9499999999999957,0.240000000000002,0.740000000000002,0.0
2023,Peshawar,Food & Beverages,Tomatoes,-4.049999999999997,-4.049999999999997,-4.049999999999997,-15.619999999999997,-18.740000000000002,47.230000000000004,13.11999999999999,-15.22999999999999,12.549999999999997,62.109999999999985,-36.37999999999998
2023,Peshawar,Food & Beverages,Vegetable Ghee DALDA/HABIB 2.5 kg,-15.730000000000018,-15.730000000000018,-15.730000000000018,0.0,-70.0,-60.0,0.0,-15.0,-37.67000000000007,-44.62999999999988,-22.700000000000045
2023,Peshawar,Food & Beverages,Vegetable Ghee DALDA/HABIB or Ot,0.0,0.0,0.0,0.0,0.0,0.0,0.0,0.0,-31.210000000000036,-14.329999999999984,-5.949999999999989
2023,Peshawar,Food & Beverages,Vegetable Ghee DALDA/HABIB or Oth,-27.049999999999955,-27.049999999999955,-27.049999999999955,0.0,-21.289999999999964,-13.710000000000036,-13.639999999999986,0.0,0.0,0.0,0.0
2023,Peshawar,Food & Beverages,Wheat Flour Bag,656.9599999999999,656.9600000000003,656.96,110.83999999999969,-509.2999999999997,244.03999999999996,-21.789999999999964,25.31999999999971,-46.08999999999969,81.65999999999985,12.199999999999818
2023,Peshawar,Household Equipment,Energy Saver Philips 14 Watt,0.0,0.0,0.0,0.0,0.0,0.0,0.0,0.0,0.0,0.0,0.0
2023,Peshawar,Household Equipment,Match Box,0.0,0.0,0.0,0.0,0.23000000000000043,0.7699999999999996,0.0,0.0,0.0,0.0,0.0
2023,Peshawar,Housing Water & Energy,Electricity Charges upto 50 Units,-0.23999999999999932,-0.23999999999999932,-0.23999999999999932,-0.08000000000000007,0.0,0.2999999999999998,1.0899999999999999,0.03000000000000025,0.4800000000000004,-0.6500000000000004,-0.3600000000000003
2023,Peshawar,Housing Water & Energy,Firewood Whole,-82.72999999999911,-82.73000000000002,-82.72999999999979,-86.45000000000005,-78.98000000000002,0.0,-43.84000000000003,-28.200000000000045,17.889999999999986,0.7400000000000091,0.0
2023,Peshawar,Housing Water & Energy,Gas Charges upto 3.3719 MMBTU,0.0,0.0,0.0,0.0,0.0,0.0,0.0,0.0,0.0,0.0,1416.0
2023,Peshawar,Housing Water & Energy,LPG 11.67 kg Cylinder,-146.25999999999976,-146.26000000000022,-146.26000000000022,23.840000000000146,-629.4000000000001,-302.67999999999984,307.52,260.5999999999999,165.30000000000018,-40.73000000000002,142.6300000000001
2023,Peshawar,Miscellaneous,Cigarettes Capstan 20'S Packet,0.0,0.0,0.0,0.0,0.0,0.0,0.0,1.1200000000000045,2.25,1.1299999999999955,0.0
2023,Peshawar,Personal Care,Sufi Washing Soap 250 gm Cake,4.909999999999997,4.910000000000011,4.909999999999997,2.1099999999999994,0.0,0.0,0.0,0.0,0.0,0.0,0.0
2023,Peshawar,Personal Care,Toilet Soap LIFEBUOY 115 gm,3.5900000000000034,3.5900000000000034,3.5900000000000034,3.7299999999999898,0.0,0.0,0.0,0.0,0.0,0.0,0.0
2023,Peshawar,Transport & Communication,Hi-Speed Diesel,5.28000000000003,5.279999999999916,5.279999999999973,-20.399999999999977,-19.600000000000023,3.980000000000018,28.25999999999999,35.19,-9.740000000000009,-11.300000000000011,-16.370000000000005
2023,Peshawar,Transport & Communication,Petrol Super,6.959999999999866,6.960000000000036,6.9599999999999795,-1.0,-13.949999999999989,-4.509999999999991,25.839999999999975,34.80000000000001,-15.310000000000002,-20.55000000000001,-7.909999999999968
2023,Peshawar,Transport & Communication,Telephone Call Charges,0.0,0.0,0.0,0.0,0.0,0.0,0.0,0.0,0.0,0.0,0.0
2023,Quetta,Apparel & Footwear,Gents Sandal Bata,0.0,0.0,0.0,500.0,0.0,0.0,56.690000000000055,243.30999999999995,0.0,0.0,0.0
2023,Quetta,Apparel & Footwear,Gents Sponge Chappal Bata,0.0,0.0,0.0,220.0,0.0,0.0,0.0,0.0,0.0,0.0,0.0
2023,Quetta,Apparel & Footwear,Georgette (Average Quality),12.259999999999991,12.259999999999991,12.26000000000002,0.0,0.0,0.0,0.0,0.0,0.0,0.0,0.0
2023,Quetta,Apparel & Footwear,Ladies Sandal Bata,0.0,0.0,0.0,100.0,0.0,0.0,0.0,0.0,0.0,0.0,0.0
2023,Quetta,Apparel & Footwear,Lawn Printed Gul Ahmed/Al Karam,62.360000000000014,62.360000000000014,62.360000000000014,0.0,0.0,24.549999999999955,25.56000000000006,0.0,0.0,0.0,0.0
2023,Quetta,Apparel & Footwear,"Long Cloth 57"" Gul Ahmed/Al Karam",62.14999999999998,62.14999999999998,62.14999999999998,0.0,0.0,0.0,0.0,0.0,0.0,0.0,0.0
2023,Quetta,Apparel & Footwear,Shirting (Average Quality),9.060000000000002,9.060000000000002,9.060000000000002,2.460000000000008,7.549999999999983,4.939999999999998,5.060000000000002,0.0,0.0,0.0,0.0
2023,Quetta,Food & Beverages,Bananas (Kela) Local,3.0,3.0,3.0,21.689999999999998,-36.06,-28.299999999999983,8.329999999999984,-16.679999999999993,-19.28,-6.3700000000000045,-7.0
2023,Quetta,Food & Beverages,Beef with Bone (Average Quality),39.8599999999999,39.8599999999999,39.8599999999999,59.760000000000105,20.389999999999986,24.949999999999932,15.050000000000068,0.0,14.990000000000009,0.0,0.0
2023,Quetta,Food & Beverages,Bread plain (Small Size),0.0,0.0,0.0,0.0,0.0,0.0,0.0,14.650000000000006,5.349999999999994,0.0,0.0
2023,Quetta,Food & Beverages,Chicken Farm Broiler (Live),-11.100000000000023,-11.099999999999909,-11.099999999999966,45.64999999999998,26.110000000000014,-3.7200000000000273,-48.23999999999995,-20.720000000000027,-32.95999999999998,-12.670000000000016,-10.189999999999998
2023,Quetta,Food & Beverages,Chilies Powder NATIONAL 200 gm Pa,0.0,0.0,0.0,0.0,0.0,78.25999999999999,106.74000000000001,0.0,0.0,0.0,0.0
2023,Quetta,Food & Beverages,Cooked Beef at Average Hotel,6.039999999999964,6.0400000000000205,6.0400000000000205,20.0,7.3799999999999955,7.5499999999999545,0.0,0.0,12.300000000000011,12.78000000000003,0.0
2023,Quetta,Food & Beverages,Cooked Daal at Average Hotel,0.0,0.0,0.0,10.019999999999982,0.0,0.0,0.0,0.0,0.0,0.0,0.0
2023,Quetta,Food & Beverages,Cooking Oil DALDA or Other Similar,0.0,0.0,0.0,0.0,0.0,0.0,0.0,0.0,-12.420000000000073,-45.23000000000002,-79.76999999999998
2023,Quetta,Food & Beverages,Cooking Oil DALDA or Other Similar B,15.899999999999636,15.900000000000091,15.900000000000091,-12.570000000000164,-37.429999999999836,-70.19000000000005,-59.809999999999945,0.0,0.0,0.0,0.0
2023,Quetta,Food & Beverages,Curd (Dahi) Loose,11.060000000000002,11.060000000000002,11.060000000000002,0.0,0.0,0.0,0.0,0.0,0.0,0.0,0.0
2023,Quetta,Food & Beverages,Eggs Hen (Farm),8.5,8.499999999999972,8.5,11.340000000000032,-10.139999999999986,-8.810000000000002,41.139999999999986,11.569999999999993,8.629999999999995,16.850000000000023,30.269999999999982
2023,Quetta,Food & Beverages,Garlic (Lehsun),-67.13,-67.13,-67.13,-29.24000000000001,-20.079999999999984,-9.800000000000011,25.980000000000018,26.870000000000005,86.87,51.77999999999997,43.07000000000005
2023,Quetta,Food & Beverages,Gur (Average Quality),0.0,0.0,0.0,17.47,2.549999999999983,3.680000000000007,24.360000000000014,40.099999999999966,8.850000000000023,10.060000000000002,2.9599999999999795
2023,Quetta,Food & Beverages,Milk fresh (Un-boiled),8.72999999999999,8.730000000000018,8.72999999999999,0.0,0.0,0.0,0.0,0.0,0.0,0.0,0.0
2023,Quetta,Food & Beverages,Mustard Oil (Average Quality),7.169999999999959,7.169999999999959,7.169999999999959,0.0,0.0,0.0,0.0,0.0,0.0,-10.169999999999959,0.0
2023,Quetta,Food & Beverages,Mutton (Average Quality),80.51999999999998,80.51999999999998,80.51999999999998,0.0,0.0,0.0,0.0,0.0,56.36999999999989,18.720000000000027,0.0
2023,Quetta,Food & Beverages,Onions,-50.670000000000016,-50.66999999999999,-50.67,-33.18,-4.799999999999997,-5.270000000000003,5.270000000000003,1.240000000000002,18.799999999999997,33.09,43.230000000000004
2023,Quetta,Food & Beverages,Potatoes,14.239999999999998,14.240000000000002,14.240000000000002,10.409999999999997,0.0,10.010000000000005,5.86999999999999,-3.469999999999999,0.0,4.990000000000009,-14.02000000000001
2023,Quetta,Food & Beverages,Powdered Milk NIDO 390 gm Polyba,0.0,0.0,0.0,0.0,0.0,0.0,0.0,0.0,15.129999999999995,0.0,0.0
2023,Quetta,Food & Beverages,Powdered Milk NIDO 390 gm Polybag,0.0,0.0,0.0,60.0,0.0,9.92999999999995,53.83000000000004,0.0,0.0,0.0,0.0
2023,Quetta,Food & Beverages,Pulse Gram,-17.970000000000027,-17.969999999999914,-17.96999999999997,-5.230000000000018,-9.729999999999961,-10.0,4.949999999999989,10.009999999999991,2.509999999999991,-1.509999999999991,8.170000000000016
2023,Quetta,Food & Beverages,Pulse Mash (Washed),0.0,0.0,0.0,27.47999999999996,12.520000000000039,17.480000000000018,10.5,26.909999999999968,23.789999999999964,-8.68999999999994,8.730000000000018
2023,Quetta,Food & Beverages,Pulse Masoor (Washed),0.0,0.0,0.0,10.0,-25.210000000000036,-24.789999999999964,18.809999999999945,10.340000000000032,29.480000000000018,-3.9700000000000273,37.93000000000001
2023,Quetta,Food & Beverages,Pulse Moong (Washed),-8.490000000000009,-8.490000000000009,-8.490000000000009,10.0,-35.00999999999999,-12.46999999999997,10.919999999999959,7.730000000000018,18.829999999999984,-12.519999999999982,21.439999999999998
2023,Quetta,Food & Beverages,Rice Basmati Broken (Average Qualit,0.0,0.0,0.0,0.0,22.590000000000003,5.050000000000011,0.0,0.0,-5.100000000000023,-14.900000000000006,7.460000000000008
2023,Quetta,Food & Beverages,Rice Basmati Broken (Average Quality,0.0,0.0,0.0,47.46999999999997,0.0,0.0,0.0,0.0,0.0,0.0,0.0
2023,Quetta,Food & Beverages,Rice IRRI-6/9 (Sindh/Punjab),11.010000000000005,11.010000000000005,11.009999999999991,5.090000000000003,0.0,0.0,11.580000000000013,28.42999999999998,0.0,0.0,0.0
2023,Quetta,Food & Beverages,Salt Powdered (NATIONAL/SHAN) 80,0.0,0.0,0.0,0.0,0.0,0.0,0.0,10.0,0.0,0.0,3.5700000000000003
2023,Quetta,Food & Beverages,Sugar Refined,21.65999999999999,21.659999999999997,21.659999999999997,7.750000000000014,-0.75,10.590000000000003,20.72999999999999,11.060000000000002,-17.77000000000001,2.3000000000000114,0.4300000000000068
2023,Quetta,Food & Beverages,Tea Lipton Yellow Label 190 gm Pack,67.19,67.19000000000005,67.19000000000005,78.10000000000002,0.0,0.0,0.0,0.0,-8.040000000000077,-7.92999999999995,0.0
2023,Quetta,Food & Beverages,Tea Prepared Ordinary,6.269999999999996,6.27000000000001,6.270000000000003,4.770000000000003,5.229999999999997,4.810000000000002,5.189999999999998,0.0,0.0,0.0,0.0
2023,Quetta,Food & Beverages,Tomatoes,-3.5500000000000043,-3.5500000000000043,-3.5500000000000043,-5.019999999999996,7.25,0.46999999999999886,39.02,-10.469999999999999,7.469999999999999,57.78999999999999,-34.86999999999999
2023,Quetta,Food & Beverages,Vegetable Ghee DALDA/HABIB 2.5 kg,6.470000000000027,6.470000000000027,6.470000000000027,0.0,-23.00999999999999,-66.99000000000001,-24.13000000000011,-15.86999999999989,-13.13000000000011,-30.299999999999955,-66.56999999999994
2023,Quetta,Food & Beverages,Vegetable Ghee DALDA/HABIB or Ot,0.0,0.0,0.0,0.0,0.0,0.0,0.0,0.0,0.0,-24.870000000000005,-13.129999999999995
2023,Quetta,Food & Beverages,Vegetable Ghee DALDA/HABIB or Oth,-11.919999999999959,-11.919999999999959,-11.919999999999959,0.0,-24.039999999999964,-11.960000000000036,-14.059999999999945,0.0,0.0,0.0,0.0
2023,Quetta,Food & Beverages,Wheat Flour Bag,51.629999999999654,51.63000000000011,51.63000000000011,107.42999999999984,-270.21000000000004,107.23000000000002,99.38000000000011,-81.48000000000002,-95.23999999999978,68.92999999999984,80.2199999999998
2023,Quetta,Household Equipment,Energy Saver Philips 14 Watt,0.0,0.0,0.0,0.0,0.0,0.0,0.0,0.0,0.0,0.0,0.0
2023,Quetta,Household Equipment,Match Box,0.0,0.0,0.0,0.0,0.0,0.0,0.0,0.0,0.0,0.1900000000000004,0.29000000000000004
2023,Quetta,Housing Water & Energy,Electricity Charges upto 50 Units,-0.23999999999999932,-0.23999999999999932,-0.23999999999999932,-0.08000000000000007,0.0,0.2999999999999998,1.0899999999999999,0.03000000000000025,0.4800000000000004,-0.6500000000000004,-0.3600000000000003
2023,Quetta,Housing Water & Energy,Firewood Whole,0.0,0.0,0.0,-64.06000000000017,-86.00999999999999,0.0,0.0,12.330000000000155,37.690000000000055,0.0,0.0
2023,Quetta,Housing Water & Energy,Gas Charges upto 3.3719 MMBTU,0.0,0.0,0.0,0.0,0.0,0.0,0.0,0.0,0.0,0.0,1416.0
2023,Quetta,Housing Water & Energy,LPG 11.67 kg Cylinder,-267.1100000000006,-267.1099999999997,-267.1100000000001,-99.82000000000016,-146.0899999999997,-241.89000000000033,-6.230000000000018,162.95000000000027,68.61999999999989,54.929999999999836,95.2800000000002
2023,Quetta,Miscellaneous,Cigarettes Capstan 20'S Packet,0.0,0.0,0.0,0.0,0.0,0.0,5.949999999999989,4.050000000000011,0.0,-2.039999999999992,-3.0200000000000102
2023,Quetta,Personal Care,Sufi Washing Soap 250 gm Cake,0.0,0.0,0.0,10.0,0.0,0.0,0.0,0.0,4.900000000000006,5.099999999999994,0.0
2023,Quetta,Personal Care,Toilet Soap LIFEBUOY 115 gm,0.0,0.0,0.0,4.11999999999999,11.120000000000005,2.3700000000000045,0.0,0.0,0.0,0.0,0.0
2023,Quetta,Transport & Communication,Hi-Speed Diesel,5.270000000000039,5.269999999999982,5.269999999999982,-20.409999999999968,-19.590000000000032,3.980000000000018,28.25,35.170000000000016,-9.740000000000009,-11.270000000000039,-16.409999999999968
2023,Quetta,Transport & Communication,Petrol Super,6.920000000000016,6.920000000000016,6.920000000000016,-1.0100000000000477,-13.92999999999995,-4.5400000000000205,25.860000000000014,34.839999999999975,-15.21999999999997,-20.58000000000004,-7.909999999999968
2023,Quetta,Transport & Communication,Telephone Call Charges,0.0,0.0,0.0,0.0,0.0,0.0,0.0,0.0,0.0,0.0,0.0
2023,Rawalpindi,Apparel & Footwear,Gents Sandal Bata,0.0,0.0,0.0,500.0,0.0,0.0,56.690000000000055,243.30999999999995,0.0,0.0,0.0
2023,Rawalpindi,Apparel & Footwear,Gents Sponge Chappal Bata,0.0,0.0,0.0,220.0,0.0,0.0,0.0,0.0,0.0,0.0,0.0
2023,Rawalpindi,Apparel & Footwear,Georgette (Average Quality),3.680000000000007,3.680000000000007,3.680000000000007,0.0,0.0,0.0,0.0,0.0,0.0,0.0,2.0
2023,Rawalpindi,Apparel & Footwear,Ladies Sandal Bata,0.0,0.0,0.0,100.0,0.0,0.0,0.0,0.0,0.0,0.0,0.0
2023,Rawalpindi,Apparel & Footwear,Lawn Printed Gul Ahmed/Al Karam,4.080000000000041,4.079999999999984,4.079999999999984,0.0,0.0,0.0,0.0,34.98000000000002,12.360000000000014,0.0,0.0
2023,Rawalpindi,Apparel & Footwear,"Long Cloth 57"" Gul Ahmed/Al Karam",7.439999999999998,7.439999999999998,7.439999999999998,0.0,0.0,0.0,0.0,41.99999999999994,14.790000000000077,0.0,6.0499999999999545
2023,Rawalpindi,Apparel & Footwear,Shirting (Average Quality),10.449999999999989,10.450000000000102,10.450000000000045,0.0,0.0,0.0,0.0,37.99999999999994,13.31000000000006,0.0,0.0
2023,Rawalpindi,Food & Beverages,Bananas (Kela) Local,58.20000000000002,58.19999999999999,58.19999999999999,-35.25,-62.06,-35.69999999999999,-41.72,-27.210000000000008,-11.77000000000001,-10.129999999999995,12.120000000000005
2023,Rawalpindi,Food & Beverages,Beef with Bone (Average Quality),19.65000000000009,19.65000000000009,19.65000000000009,34.5,58.479999999999905,18.480000000000018,11.540000000000077,4.529999999999973,7.319999999999936,10.160000000000082,5.169999999999959
2023,Rawalpindi,Food & Beverages,Bread plain (Small Size),8.0,8.0,8.0,8.64,0.0799999999999983,1.7600000000000051,1.519999999999996,0.0,0.0,0.0,0.0
2023,Rawalpindi,Food & Beverages,Chicken Farm Broiler (Live),-3.8000000000000114,-3.7999999999998977,-3.7999999999999545,50.31999999999999,11.680000000000007,-23.670000000000016,-2.8700000000000045,-33.620000000000005,-45.31999999999999,21.810000000000002,-5.900000000000034
2023,Rawalpindi,Food & Beverages,Chilies Powder NATIONAL 200 gm Pa,0.0,0.0,0.0,0.0,0.0,78.25999999999999,106.74000000000001,0.0,0.0,0.0,0.0
2023,Rawalpindi,Food & Beverages,Cooked Beef at Average Hotel,0.0,0.0,0.0,5.159999999999997,1.75,2.240000000000009,2.2700000000000102,2.789999999999992,8.580000000000013,0.0,14.97999999999999
2023,Rawalpindi,Food & Beverages,Cooked Daal at Average Hotel,1.9000000000000057,1.9000000000000057,1.9000000000000057,6.789999999999992,1.8799999999999955,3.490000000000009,4.579999999999984,1.6100000000000136,4.159999999999997,0.0,9.689999999999998
2023,Rawalpindi,Food & Beverages,Curd (Dahi) Loose,2.319999999999993,2.319999999999993,2.319999999999993,2.2700000000000102,6.1200000000000045,8.780000000000001,7.180000000000007,0.0,0.0,0.0,0.0
2023,Rawalpindi,Food & Beverages,Eggs Hen (Farm),24.94000000000011,24.939999999999998,24.940000000000026,16.099999999999966,-30.629999999999995,1.3199999999999932,44.60000000000002,-2.2100000000000364,22.060000000000002,18.24000000000001,33.22000000000003
2023,Rawalpindi,Food & Beverages,Garlic (Lehsun),-16.65000000000009,-16.649999999999977,-16.650000000000034,-3.1299999999999955,0.0,3.8000000000000114,78.62000000000006,-6.000000000000057,32.56999999999999,29.800000000000068,42.75999999999999
2023,Rawalpindi,Food & Beverages,Gur (Average Quality),5.890000000000015,5.889999999999986,5.890000000000015,6.099999999999994,0.0,4.049999999999983,8.189999999999998,19.730000000000018,0.0,0.0,0.0
2023,Rawalpindi,Food & Beverages,Milk fresh (Un-boiled),4.190000000000083,4.189999999999998,4.190000000000026,0.8499999999999943,3.7299999999999898,13.02000000000001,3.5900000000000034,0.0,0.0,0.0,0.0
2023,Rawalpindi,Food & Beverages,Mustard Oil (Average Quality),0.0,0.0,0.0,0.0,0.0,0.0,0.0,0.0,-1.8299999999999272,-5.480000000000018,-3.3500000000000227
2023,Rawalpindi,Food & Beverages,Mutton (Average Quality),60.23000000000002,60.23000000000002,60.23000000000002,84.70000000000005,91.78999999999996,20.220000000000027,29.25999999999999,7.319999999999936,4.129999999999882,16.360000000000127,16.61999999999989
2023,Rawalpindi,Food & Beverages,Onions,-52.27000000000001,-52.27000000000001,-52.269999999999996,-36.540000000000006,-4.420000000000002,4.150000000000006,9.099999999999994,27.33,16.77000000000001,20.180000000000007,44.859999999999985
2023,Rawalpindi,Food & Beverages,Potatoes,18.74999999999999,18.749999999999993,18.749999999999993,14.329999999999998,3.3200000000000074,7.819999999999993,5.900000000000006,-1.4300000000000068,6.140000000000001,16.830000000000013,-30.75
2023,Rawalpindi,Food & Beverages,Powdered Milk NIDO 390 gm Polyba,0.0,0.0,0.0,0.0,0.0,0.0,0.0,0.0,0.0,4.25,5.720000000000027
2023,Rawalpindi,Food & Beverages,Powdered Milk NIDO 390 gm Polybag,0.0,0.0,0.0,60.0,0.0,0.0,80.0,0.0,0.0,0.0,0.0
2023,Rawalpindi,Food & Beverages,Pulse Gram,-4.470000000000141,-4.46999999999997,-4.470000000000027,-0.9899999999999523,1.4599999999999795,0.0,0.0,2.659999999999968,-10.409999999999968,-10.719999999999999,9.299999999999983
2023,Rawalpindi,Food & Beverages,Pulse Mash (Washed),0.0,0.0,0.0,4.6200000000000045,8.680000000000007,0.0,51.079999999999984,47.48000000000002,-7.1299999999999955,-2.3700000000000045,1.6000000000000227
2023,Rawalpindi,Food & Beverages,Pulse Masoor (Washed),0.0,0.0,0.0,0.0,-4.319999999999993,-1.4300000000000068,4.649999999999977,63.69,-13.269999999999982,-7.860000000000014,16.110000000000014
2023,Rawalpindi,Food & Beverages,Pulse Moong (Washed),0.0,0.0,0.0,0.0,-3.329999999999984,-3.2800000000000296,3.1999999999999886,16.760000000000048,-7.6200000000000045,-7.060000000000002,0.13999999999998636
2023,Rawalpindi,Food & Beverages,Rice Basmati Broken (Average Qualit,0.0,0.0,0.0,0.0,22.180000000000007,6.599999999999994,14.120000000000005,1.9699999999999989,0.020000000000010232,-1.960000000000008,0.0
2023,Rawalpindi,Food & Beverages,Rice Basmati Broken (Average Quality,0.0,0.0,0.0,16.27000000000001,0.0,0.0,0.0,0.0,0.0,0.0,0.0
2023,Rawalpindi,Food & Beverages,Rice IRRI-6/9 (Sindh/Punjab),0.0,0.0,0.0,0.0,5.730000000000004,0.0,3.219999999999999,2.1899999999999977,0.0,0.0,11.340000000000003
2023,Rawalpindi,Food & Beverages,Salt Powdered (NATIONAL/SHAN) 80,2.8499999999999943,2.8500000000000014,2.8500000000000014,0.0,0.0,0.0,0.0,0.0,6.840000000000003,3.1599999999999966,0.0
2023,Rawalpindi,Food & Beverages,Sugar Refined,19.74000000000001,19.74000000000001,19.74000000000001,-2.730000000000004,0.6499999999999915,20.989999999999995,12.5,14.350000000000023,-18.730000000000018,-10.430000000000007,3.6200000000000045
2023,Rawalpindi,Food & Beverages,Tea Lipton Yellow Label 190 gm Pack,63.410000000000025,63.410000000000025,63.410000000000025,0.0,0.0,0.0,0.0,-12.010000000000105,-3.949999999999932,77.06999999999994,-46.19999999999993
2023,Rawalpindi,Food & Beverages,Tea Prepared Ordinary,0.3500000000000014,0.3500000000000014,0.3500000000000014,6.600000000000001,1.6899999999999977,0.3399999999999963,0.3500000000000014,6.990000000000002,1.0,0.0,0.0
2023,Rawalpindi,Food & Beverages,Tomatoes,1.1299999999999955,1.1299999999999955,1.1299999999999955,-18.269999999999996,-8.64,54.370000000000005,6.560000000000002,-14.710000000000008,16.74000000000001,60.92,-50.650000000000006
2023,Rawalpindi,Food & Beverages,Vegetable Ghee DALDA/HABIB 2.5 kg,-19.810000000000173,-19.809999999999945,-19.809999999999945,0.0,-41.51999999999998,-71.04999999999995,-26.450000000000045,-5.980000000000018,-7.519999999999982,-32.65000000000009,-41.11999999999989
2023,Rawalpindi,Food & Beverages,Wheat Flour Bag,561.54,1196.45,1196.45,67.48000000000002,-405.5300000000002,354.94000000000005,-57.690000000000055,7.329999999999927,-56.429999999999836,25.920000000000073,16.65000000000009
2023,Rawalpindi,Household Equipment,Energy Saver Philips 14 Watt,0.2599999999999909,0.2599999999999909,0.2600000000000193,9.129999999999995,9.46999999999997,0.0,0.0,0.0,0.0,0.0,0.0
2023,Rawalpindi,Household Equipment,Match Box,0.0,0.0,0.0,0.0,0.0,0.4400000000000004,0.1299999999999999,0.2699999999999996,0.16000000000000014,0.0,0.0
2023,Rawalpindi,Housing Water & Energy,Electricity Charges upto 50 Units,-0.23999999999999932,-0.23999999999999932,-0.23999999999999932,-0.08000000000000007,0.0,0.2999999999999998,1.0899999999999999,0.03000000000000025,0.4800000000000004,-0.6500000000000004,-0.3600000000000003
2023,Rawalpindi,Housing Water & Energy,Firewood Whole,0.0,0.0,0.0,0.0,0.0,0.0,0.0,0.0,0.0,0.0,69.19000000000005
2023,Rawalpindi,Housing Water & Energy,Gas Charges upto 3.3719 MMBTU,0.0,0.0,0.0,0.0,0.0,0.0,0.0,0.0,0.0,0.0,1416.0
2023,Rawalpindi,Housing Water & Energy,LPG 11.67 kg Cylinder,-70.5,-70.5,-70.5,-72.57000000000016,-719.7799999999997,-224.6800000000003,363.6800000000003,214.71000000000004,192.46000000000004,30.11999999999989,62.83999999999969
2023,Rawalpindi,Miscellaneous,Cigarettes Capstan 20'S Packet,0.0,0.0,0.0,0.0,0.0,0.0,0.0,0.0,0.0,0.0,0.0
2023,Rawalpindi,Personal Care,Sufi Washing Soap 250 gm Cake,2.5999999999999943,2.6000000000000085,2.5999999999999943,4.409999999999997,1.8300000000000125,2.8999999999999773,0.8600000000000136,0.0,-0.8600000000000136,-7.849999999999994,0.0
2023,Rawalpindi,Personal Care,Toilet Soap LIFEBUOY 115 gm,8.52000000000001,8.52000000000001,8.52000000000001,17.599999999999994,0.0,0.0,0.0,0.0,0.0,0.0,0.0
2023,Rawalpindi,Transport & Communication,Hi-Speed Diesel,5.280000000000143,5.279999999999973,5.28000000000003,-20.390000000000043,-19.579999999999984,4.150000000000034,28.069999999999993,35.19999999999999,-9.75,-11.29000000000002,-16.399999999999977
2023,Rawalpindi,Transport & Communication,Petrol Super,6.980000000000132,6.979999999999961,6.980000000000018,-1.009999999999991,-13.920000000000016,-4.550000000000011,25.860000000000014,34.80000000000001,-15.329999999999984,-20.54000000000002,-7.899999999999977
2023,Rawalpindi,Transport & Communication,Telephone Call Charges,0.0,0.0,0.0,0.0,0.0,0.0,0.0,0.0,0.0,0.0,0.0
2023,Sargodha,Apparel & Footwear,Gents Sandal Bata,0.0,0.0,0.0,500.0,0.0,0.0,56.690000000000055,243.30999999999995,0.0,0.0,0.0
2023,Sargodha,Apparel & Footwear,Gents Sponge Chappal Bata,0.0,0.0,0.0,220.0,0.0,0.0,0.0,0.0,0.0,0.0,0.0
2023,Sargodha,Apparel & Footwear,Georgette (Average Quality),30.030000000000115,30.029999999999973,30.03000000000003,3.409999999999968,0.0,0.0,0.0,0.0,0.0,0.0,2.519999999999982
2023,Sargodha,Apparel & Footwear,Ladies Sandal Bata,0.0,0.0,0.0,100.0,0.0,0.0,0.0,0.0,0.0,0.0,0.0
2023,Sargodha,Apparel & Footwear,Lawn Printed Gul Ahmed/Al Karam,42.95999999999992,42.95999999999992,42.95999999999992,0.8300000000000409,2.509999999999991,0.0,0.0,0.0,0.0,0.0,0.0
2023,Sargodha,Apparel & Footwear,"Long Cloth 57"" Gul Ahmed/Al Karam",34.69000000000011,34.690000000000055,34.690000000000055,6.149999999999977,18.850000000000023,0.0,0.0,0.0,25.0,0.0,0.0
2023,Sargodha,Apparel & Footwear,Shirting (Average Quality),115.51999999999995,115.52000000000001,115.51999999999998,54.26999999999998,35.23000000000002,38.45999999999998,7.990000000000009,6.990000000000009,5.019999999999982,0.0,19.940000000000055
2023,Sargodha,Food & Beverages,Bananas (Kela) Local,70.91,70.91,70.91,-29.139999999999986,-30.76000000000002,-47.91999999999999,-11.930000000000007,-5.109999999999999,-13.370000000000005,-2.9799999999999898,4.689999999999998
2023,Sargodha,Food & Beverages,Beef with Bone (Average Quality),81.13,81.13,81.13,0.0,0.0,0.0,0.0,0.0,20.440000000000055,30.879999999999995,5.289999999999964
2023,Sargodha,Food & Beverages,Bread plain (Small Size),0.0,0.0,0.0,0.0,0.0,0.0,0.0,0.0,2.4099999999999966,7.590000000000003,0.0
2023,Sargodha,Food & Beverages,Chicken Farm Broiler (Live),-8.909999999999911,-8.910000000000025,-8.909999999999968,64.32,2.5,-28.890000000000043,2.5,-32.25999999999999,-44.94,31.980000000000018,-18.75
2023,Sargodha,Food & Beverages,Chilies Powder NATIONAL 200 gm Pa,0.0,0.0,0.0,0.0,0.0,0.0,185.0,0.0,0.0,0.0,0.0
2023,Sargodha,Food & Beverages,Cooked Beef at Average Hotel,0.0,0.0,0.0,5.02000000000001,1.6899999999999977,0.0,0.0,0.0,0.0,0.0,0.0
2023,Sargodha,Food & Beverages,Cooked Daal at Average Hotel,0.0,0.0,0.0,0.0,0.0,0.0,0.0,0.0,0.0,0.0,0.0
2023,Sargodha,Food & Beverages,Cooking Oil DALDA or Other Similar,0.0,0.0,0.0,0.0,0.0,0.0,0.0,0.0,-58.070000000000164,-93.27999999999975,-53.65000000000009
2023,Sargodha,Food & Beverages,Cooking Oil DALDA or Other Similar B,0.0,0.0,0.0,-56.340000000000146,-233.3399999999997,-190.37000000000035,-32.379999999999654,0.0,0.0,0.0,0.0
2023,Sargodha,Food & Beverages,Curd (Dahi) Loose,0.0,0.0,0.0,0.0,8.099999999999994,11.900000000000006,0.0,0.0,0.0,0.0,0.0
2023,Sargodha,Food & Beverages,Eggs Hen (Farm),29.659999999999997,29.659999999999997,29.659999999999997,13.460000000000036,-29.56000000000003,1.1100000000000136,38.24999999999997,1.4600000000000364,20.689999999999998,17.539999999999964,20.910000000000025
2023,Sargodha,Food & Beverages,Garlic (Lehsun),3.1499999999999204,3.1499999999999773,3.1499999999999773,-41.64999999999998,3.269999999999982,35.889999999999986,62.52000000000004,57.349999999999966,20.99000000000001,45.89999999999998,43.180000000000064
2023,Sargodha,Food & Beverages,Gur (Average Quality),9.390000000000015,9.389999999999986,9.389999999999986,25.730000000000018,16.75,33.29999999999998,0.950000000000017,7.460000000000008,-11.140000000000015,-22.289999999999992,-0.6500000000000057
2023,Sargodha,Food & Beverages,Milk fresh (Un-boiled),0.0,0.0,0.0,0.8500000000000085,12.449999999999989,6.710000000000008,0.0,0.0,0.0,0.0,0.0
2023,Sargodha,Food & Beverages,Mustard Oil (Average Quality),-0.6700000000000728,-0.6700000000000728,-0.6700000000000728,-36.639999999999986,0.0,-5.019999999999982,-29.07000000000005,-12.559999999999945,0.0,0.0,0.0
2023,Sargodha,Food & Beverages,Mutton (Average Quality),67.24000000000001,67.24000000000001,67.24000000000001,0.0,0.0,0.0,0.0,0.0,45.049999999999955,58.23000000000002,17.350000000000136
2023,Sargodha,Food & Beverages,Onions,-42.829999999999984,-42.83000000000001,-42.83,-30.08,10.829999999999998,-4.809999999999995,11.579999999999991,16.460000000000008,16.069999999999993,20.290000000000006,43.7
2023,Sargodha,Food & Beverages,Potatoes,16.06999999999999,16.069999999999993,16.069999999999993,8.570000000000007,11.950000000000003,-6.790000000000006,7.219999999999999,-1.5300000000000011,0.0,16.83,-28.459999999999994
2023,Sargodha,Food & Beverages,Powdered Milk NIDO 390 gm Polyba,0.0,0.0,0.0,0.0,0.0,0.0,0.0,0.0,0.0,0.0,0.0
2023,Sargodha,Food & Beverages,Powdered Milk NIDO 390 gm Polybag,12.07000000000005,12.07000000000005,12.07000000000005,64.51999999999998,15.480000000000018,0.0,80.0,0.0,0.0,0.0,0.0
2023,Sargodha,Food & Beverages,Pulse Gram,-13.379999999999995,-13.379999999999995,-13.379999999999995,12.530000000000001,0.8499999999999943,-1.6999999999999886,0.339999999999975,-3.6899999999999977,-19.799999999999983,-9.330000000000013,10.79000000000002
2023,Sargodha,Food & Beverages,Pulse Mash (Washed),10.810000000000002,10.810000000000002,10.810000000000002,5.0,14.949999999999989,30.05000000000001,31.100000000000023,25.569999999999936,4.190000000000055,1.669999999999959,0.0
2023,Sargodha,Food & Beverages,Pulse Masoor (Washed),6.669999999999959,6.670000000000016,6.670000000000016,0.0,-10.079999999999984,-8.260000000000048,2.990000000000009,27.74000000000001,9.980000000000018,-13.050000000000011,14.850000000000023
2023,Sargodha,Food & Beverages,Pulse Moong (Washed),0.0,0.0,0.0,0.0,-16.629999999999995,0.0,0.0,0.0,0.0,0.0,0.8199999999999932
2023,Sargodha,Food & Beverages,Rice Basmati Broken (Average Qualit,0.0,0.0,0.0,0.0,6.6299999999999955,13.380000000000024,11.899999999999977,4.77000000000001,0.0,1.990000000000009,1.3400000000000034
2023,Sargodha,Food & Beverages,Rice Basmati Broken (Average Quality,0.0,0.0,0.0,0.0,0.0,0.0,0.0,0.0,0.0,0.0,0.0
2023,Sargodha,Food & Beverages,Rice IRRI-6/9 (Sindh/Punjab),42.62999999999998,42.63000000000001,42.629999999999995,12.579999999999984,12.530000000000001,6.640000000000015,-18.930000000000007,-46.03999999999999,0.0,0.0,0.0
2023,Sargodha,Food & Beverages,Salt Powdered (NATIONAL/SHAN) 80,3.539999999999999,3.539999999999999,3.539999999999999,0.0,0.0,0.0,0.0,7.349999999999994,2.6500000000000057,0.0,0.0
2023,Sargodha,Food & Beverages,Sugar Refined,16.200000000000003,16.200000000000003,16.200000000000003,-2.0,1.4599999999999937,18.44999999999999,14.050000000000011,11.210000000000008,-15.76000000000002,-6.389999999999986,-0.03999999999999204
2023,Sargodha,Food & Beverages,Tea Lipton Yellow Label 190 gm Pack,92.37,92.37000000000006,92.37000000000006,0.0,0.0,0.0,0.0,0.0,0.0,12.019999999999982,106.15999999999997
2023,Sargodha,Food & Beverages,Tea Prepared Ordinary,0.0,0.0,0.0,0.0,0.0,0.0,0.0,0.0,2.3299999999999983,0.8000000000000043,3.3299999999999983
2023,Sargodha,Food & Beverages,Tomatoes,-9.629999999999995,-9.629999999999995,-9.629999999999995,-17.97,8.399999999999999,44.54,8.019999999999996,-9.189999999999998,17.77000000000001,31.950000000000003,-36.83000000000001
2023,Sargodha,Food & Beverages,Vegetable Ghee DALDA/HABIB 2.5 kg,14.089999999999918,14.090000000000146,14.089999999999918,-21.680000000000064,-102.25999999999999,-66.29999999999995,4.069999999999936,-43.82999999999993,-12.559999999999945,-12.440000000000055,0.0
2023,Sargodha,Food & Beverages,Vegetable Ghee DALDA/HABIB or Ot,0.0,0.0,0.0,0.0,0.0,0.0,0.0,0.0,-14.17999999999995,-19.840000000000032,-3.980000000000018
2023,Sargodha,Food & Beverages,Vegetable Ghee DALDA/HABIB or Oth,-13.379999999999995,-13.379999999999995,-13.379999999999995,0.0,-18.279999999999973,-21.75999999999999,-13.170000000000073,0.0,0.0,0.0,0.0
2023,Sargodha,Food & Beverages,Wheat Flour Bag,491.4900000000002,1141.2499999999998,1141.2499999999998,-225.39999999999964,-84.42000000000007,297.77999999999975,10.050000000000182,6.730000000000018,-19.929999999999836,66.6899999999996,21.950000000000273
2023,Sargodha,Household Equipment,Energy Saver Philips 14 Watt,0.0,0.0,0.0,42.93000000000001,163.76999999999998,0.0,0.0,0.0,0.0,0.0,0.0
2023,Sargodha,Household Equipment,Match Box,0.0,0.0,0.0,0.0,0.0,0.0,0.1900000000000004,0.8099999999999996,0.0,0.0,0.0
2023,Sargodha,Housing Water & Energy,Electricity Charges upto 50 Units,-0.23999999999999932,-0.23999999999999932,-0.23999999999999932,-0.08000000000000007,0.0,0.2999999999999998,1.0899999999999999,0.03000000000000025,0.4800000000000004,-0.6500000000000004,-0.3600000000000003
2023,Sargodha,Housing Water & Energy,Firewood Whole,0.0,0.0,0.0,0.0,0.0,0.0,100.0,0.0,0.0,32.690000000000055,46.16999999999996
2023,Sargodha,Housing Water & Energy,Gas Charges upto 3.3719 MMBTU,0.0,0.0,0.0,0.0,0.0,0.0,0.0,0.0,0.0,0.0,1416.0
2023,Sargodha,Housing Water & Energy,LPG 11.67 kg Cylinder,-245.0699999999997,-245.07000000000016,-245.07000000000016,222.92000000000007,-428.7199999999998,-294.2600000000002,274.84000000000015,250.53999999999996,199.40999999999985,-99.40999999999985,50.0
2023,Sargodha,Miscellaneous,Cigarettes Capstan 20'S Packet,0.0,0.0,0.0,0.0,0.0,0.0,0.0,0.0,0.0,0.0,0.0
2023,Sargodha,Personal Care,Sufi Washing Soap 250 gm Cake,7.420000000000002,7.420000000000002,7.420000000000002,2.5799999999999983,0.0,0.0,0.0,0.0,0.0,0.0,0.0
2023,Sargodha,Personal Care,Toilet Soap LIFEBUOY 115 gm,-4.890000000000001,-4.890000000000001,-4.890000000000001,-1.5799999999999983,0.0,0.0,12.469999999999999,0.0,0.0,0.0,0.0
2023,Sargodha,Transport & Communication,Hi-Speed Diesel,5.279999999999859,5.28000000000003,5.279999999999973,-20.389999999999986,-19.650000000000006,3.9799999999999898,28.27000000000004,35.22999999999996,-9.680000000000007,-11.359999999999957,-16.05000000000001
2023,Sargodha,Transport & Communication,Petrol Super,6.970000000000141,6.96999999999997,6.970000000000027,-1.0200000000000387,-13.979999999999961,-4.5400000000000205,25.879999999999995,34.870000000000005,-15.329999999999984,-20.560000000000002,-7.930000000000007
2023,Sargodha,Transport & Communication,Telephone Call Charges,0.0,0.0,0.0,0.0,0.0,0.0,0.0,0.0,0.0,0.0,0.0
2023,Sialkot,Apparel & Footwear,Gents Sandal Bata,0.0,0.0,0.0,500.0,0.0,0.0,56.690000000000055,243.30999999999995,0.0,0.0,0.0
2023,Sialkot,Apparel & Footwear,Gents Sponge Chappal Bata,0.0,0.0,0.0,220.0,0.0,0.0,0.0,0.0,0.0,0.0,0.0
2023,Sialkot,Apparel & Footwear,Georgette (Average Quality),16.109999999999985,16.110000000000014,16.110000000000014,0.0,0.0,0.0,0.0,0.0,0.0,0.0,0.0
2023,Sialkot,Apparel & Footwear,Ladies Sandal Bata,0.0,0.0,0.0,100.0,0.0,0.0,0.0,0.0,0.0,0.0,0.0
2023,Sialkot,Apparel & Footwear,Lawn Printed Gul Ahmed/Al Karam,16.090000000000032,16.089999999999918,16.089999999999975,0.0,0.0,0.0,30.529999999999973,149.47000000000003,0.0,0.0,0.0
2023,Sialkot,Apparel & Footwear,"Long Cloth 57"" Gul Ahmed/Al Karam",0.0,0.0,0.0,0.0,0.0,0.0,21.79000000000002,98.20999999999998,0.0,0.0,0.0
2023,Sialkot,Apparel & Footwear,Shirting (Average Quality),16.090000000000032,16.089999999999918,16.089999999999975,0.0,0.0,0.0,0.0,0.0,0.0,0.0,0.0
2023,Sialkot,Food & Beverages,Bananas (Kela) Local,36.39999999999999,36.400000000000006,36.400000000000006,4.949999999999989,-26.149999999999977,-61.72,-27.080000000000013,2.4200000000000017,0.8199999999999932,0.0,0.0
2023,Sialkot,Food & Beverages,Beef with Bone (Average Quality),61.710000000000036,61.710000000000036,61.710000000000036,12.200000000000045,37.799999999999955,0.0,0.0,0.0,0.0,0.0,0.0
2023,Sialkot,Food & Beverages,Bread plain (Small Size),0.0,0.0,0.0,0.0,0.0,0.0,1.9200000000000017,8.079999999999998,0.0,0.0,0.0
2023,Sialkot,Food & Beverages,Chicken Farm Broiler (Live),-12.720000000000084,-12.71999999999997,-12.720000000000027,57.28000000000003,7.6200000000000045,-42.18000000000001,-0.37999999999999545,-29.340000000000032,-43.93000000000001,31.120000000000005,-7.979999999999961
2023,Sialkot,Food & Beverages,Chilies Powder NATIONAL 200 gm Pa,-14.669999999999987,-14.670000000000016,-14.669999999999987,0.0,0.0,36.099999999999994,148.9,0.0,0.0,0.0,0.0
2023,Sialkot,Food & Beverages,Cooked Beef at Average Hotel,31.330000000000013,31.329999999999984,31.330000000000013,0.0,0.0,0.0,18.910000000000025,31.089999999999975,0.0,0.0,0.0
2023,Sialkot,Food & Beverages,Cooked Daal at Average Hotel,0.0,0.0,0.0,0.0,0.0,0.0,7.569999999999993,12.430000000000007,0.0,0.0,0.0
2023,Sialkot,Food & Beverages,Cooking Oil DALDA or Other Similar,0.0,0.0,0.0,0.0,0.0,0.0,0.0,0.0,-104.38999999999987,-125.0,0.0
2023,Sialkot,Food & Beverages,Cooking Oil DALDA or Other Similar B,120.55999999999995,120.55999999999995,120.55999999999995,0.0,-190.0,0.0,0.0,0.0,0.0,0.0,0.0
2023,Sialkot,Food & Beverages,Curd (Dahi) Loose,10.0,10.0,10.0,10.0,0.0,0.0,15.810000000000002,4.189999999999998,0.0,0.0,0.0
2023,Sialkot,Food & Beverages,Eggs Hen (Farm),23.58999999999989,23.590000000000003,23.589999999999975,17.5,-31.23999999999998,1.8199999999999932,35.349999999999994,4.069999999999993,19.840000000000032,20.49000000000001,37.27999999999997
2023,Sialkot,Food & Beverages,Garlic (Lehsun),2.230000000000018,2.230000000000018,2.230000000000018,-12.510000000000048,-4.9599999999999795,4.9599999999999795,59.120000000000005,76.5,18.460000000000036,59.69,71.26999999999998
2023,Sialkot,Food & Beverages,Gur (Average Quality),24.790000000000006,24.789999999999992,24.789999999999992,15.210000000000008,4.939999999999998,15.060000000000002,0.0,0.0,0.0,-16.150000000000006,-3.8499999999999943
2023,Sialkot,Food & Beverages,Milk fresh (Un-boiled),20.0,20.0,20.0,0.0,0.0,0.0,15.780000000000001,4.219999999999999,0.0,0.0,0.0
2023,Sialkot,Food & Beverages,Mustard Oil (Average Quality),0.0,0.0,0.0,0.0,-55.06999999999999,-4.930000000000007,0.0,-5.079999999999984,-14.920000000000016,0.0,0.0
2023,Sialkot,Food & Beverages,Mutton (Average Quality),91.71000000000004,91.71000000000004,91.71000000000004,36.289999999999964,113.71000000000004,0.0,0.0,0.0,0.0,0.0,0.0
2023,Sialkot,Food & Beverages,Onions,-61.16999999999999,-61.170000000000016,-61.17,-19.049999999999997,7.810000000000002,-0.18999999999999773,4.599999999999994,26.900000000000006,18.209999999999994,20.41000000000001,67.4
2023,Sialkot,Food & Beverages,Potatoes,13.029999999999998,13.030000000000001,13.030000000000001,7.410000000000004,8.199999999999989,15.260000000000005,1.980000000000004,1.3499999999999943,15.570000000000007,13.709999999999994,-37.94
2023,Sialkot,Food & Beverages,Powdered Milk NIDO 390 gm Polyba,0.0,0.0,0.0,0.0,0.0,0.0,0.0,0.0,0.0,0.0,0.0
2023,Sialkot,Food & Beverages,Powdered Milk NIDO 390 gm Polybag,0.0,0.0,0.0,60.0,0.0,0.0,80.0,0.0,0.0,0.0,0.0
2023,Sialkot,Food & Beverages,Pulse Gram,-3.9499999999999886,-3.950000000000017,-3.9499999999999886,14.969999999999999,-18.72999999999999,-2.5,1.259999999999991,1.210000000000008,-14.969999999999999,8.659999999999997,10.099999999999994
2023,Sialkot,Food & Beverages,Pulse Mash (Washed),13.419999999999959,13.420000000000016,13.420000000000016,11.319999999999993,12.409999999999968,18.82000000000005,30.809999999999945,29.149999999999977,-34.13999999999993,4.189999999999998,5.019999999999982
2023,Sialkot,Food & Beverages,Pulse Masoor (Washed),9.200000000000017,9.199999999999989,9.200000000000017,2.569999999999993,-13.740000000000009,0.0,16.44999999999999,73.55000000000001,-35.120000000000005,13.860000000000014,8.730000000000018
2023,Sialkot,Food & Beverages,Pulse Moong (Washed),-0.13999999999998636,-0.14000000000001478,-0.13999999999998636,3.7199999999999704,-27.539999999999992,-12.429999999999978,6.389999999999986,34.81,-6.199999999999989,-2.490000000000009,9.899999999999977
2023,Sialkot,Food & Beverages,Rice Basmati Broken (Average Qualit,0.0,0.0,0.0,0.0,25.289999999999992,3.740000000000009,21.079999999999984,10.180000000000007,-2.539999999999992,-7.460000000000008,-56.72999999999999
2023,Sialkot,Food & Beverages,Rice Basmati Broken (Average Quality,0.0,0.0,0.0,33.98000000000002,0.0,0.0,0.0,0.0,0.0,0.0,0.0
2023,Sialkot,Food & Beverages,Salt Powdered (NATIONAL/SHAN) 80,0.0,0.0,0.0,0.0,0.0,0.0,0.0,7.349999999999994,2.6500000000000057,0.0,0.0
2023,Sialkot,Food & Beverages,Sugar Refined,15.549999999999997,15.549999999999997,15.549999999999997,-3.739999999999995,4.469999999999999,17.469999999999985,15.460000000000008,9.400000000000006,-16.430000000000007,-8.859999999999985,1.7299999999999898
2023,Sialkot,Food & Beverages,Tea Lipton Yellow Label 190 gm Pack,63.410000000000025,63.410000000000025,63.410000000000025,0.0,0.0,0.0,0.0,-4.030000000000086,-11.92999999999995,0.0,0.0
2023,Sialkot,Food & Beverages,Tea Prepared Ordinary,0.0,0.0,0.0,0.0,10.0,0.0,0.0,0.0,0.0,0.0,0.0
2023,Sialkot,Food & Beverages,Tomatoes,-5.719999999999999,-5.719999999999999,-5.719999999999999,-29.61,6.609999999999999,58.94,15.159999999999997,-9.319999999999993,11.179999999999993,57.44,-51.55
2023,Sialkot,Food & Beverages,Vegetable Ghee DALDA/HABIB 2.5 kg,107.34999999999991,107.35000000000014,107.34999999999991,0.0,-25.0,-25.6400000000001,-74.3599999999999,-15.029999999999973,-12.490000000000009,-17.480000000000018,-70.0
2023,Sialkot,Food & Beverages,Vegetable Ghee DALDA/HABIB or Ot,0.0,0.0,0.0,0.0,0.0,0.0,0.0,0.0,-10.879999999999995,-21.139999999999986,-5.980000000000018
2023,Sialkot,Food & Beverages,Vegetable Ghee DALDA/HABIB or Oth,-7.919999999999959,-7.919999999999959,-7.919999999999959,0.0,-27.519999999999982,-7.980000000000018,-14.549999999999955,0.0,0.0,0.0,0.0
2023,Sialkot,Food & Beverages,Wheat Flour Bag,764.6499999999999,764.6499999999999,764.6499999999999,134.24000000000024,-68.98000000000002,385.05999999999995,-115.71000000000004,50.09999999999991,0.0,42.73000000000002,41.17000000000007
2023,Sialkot,Household Equipment,Energy Saver Philips 14 Watt,0.0,0.0,0.0,0.0,175.0,0.0,0.0,0.0,0.0,0.0,0.0
2023,Sialkot,Household Equipment,Match Box,0.46999999999999975,0.4700000000000002,0.46999999999999975,0.5300000000000002,0.0,0.0,0.0,0.0,0.0,0.0,0.0
2023,Sialkot,Housing Water & Energy,Electricity Charges upto 50 Units,-0.23999999999999932,-0.23999999999999932,-0.23999999999999932,-0.08000000000000007,0.0,0.2999999999999998,1.0899999999999999,0.03000000000000025,0.4800000000000004,-0.6500000000000004,-0.3600000000000003
2023,Sialkot,Housing Water & Energy,Firewood Whole,0.0,0.0,0.0,0.0,0.0,0.0,0.0,0.0,0.0,0.0,0.0
2023,Sialkot,Housing Water & Energy,Gas Charges upto 3.3719 MMBTU,0.0,0.0,0.0,0.0,0.0,0.0,0.0,0.0,0.0,0.0,1416.0
2023,Sialkot,Housing Water & Energy,LPG 11.67 kg Cylinder,56.63999999999987,56.64000000000078,56.64000000000033,-148.5300000000002,-495.25999999999976,-310.0800000000004,337.4500000000003,239.40999999999985,174.76999999999998,-63.73999999999978,-22.88000000000011
2023,Sialkot,Miscellaneous,Cigarettes Capstan 20'S Packet,0.0,0.0,0.0,0.0,0.0,0.0,0.0,0.0,0.0,0.0,0.0
2023,Sialkot,Personal Care,Sufi Washing Soap 250 gm Cake,0.0,0.0,0.0,15.0,0.0,1.230000000000004,3.769999999999996,0.0,0.0,0.0,0.0
2023,Sialkot,Personal Care,Toilet Soap LIFEBUOY 115 gm,0.0,0.0,0.0,8.820000000000007,3.1400000000000006,10.439999999999998,3.719999999999999,0.0,0.0,0.0,0.0
2023,Sialkot,Transport & Communication,Hi-Speed Diesel,5.510000000000048,5.509999999999991,5.509999999999991,-20.889999999999986,-19.640000000000015,3.9799999999999898,28.25999999999999,35.23000000000002,-9.740000000000009,-11.300000000000011,-16.430000000000007
2023,Sialkot,Transport & Communication,Petrol Super,6.980000000000018,6.9799999999999045,6.979999999999961,-1.009999999999991,-13.990000000000009,-4.529999999999973,25.860000000000014,34.849999999999966,-15.319999999999993,-20.560000000000002,-7.920000000000016
2023,Sialkot,Transport & Communication,Telephone Call Charges,0.0,0.0,0.0,0.0,0.0,0.0,0.0,0.0,0.0,0.0,0.0
2023,Sukkur,Apparel & Footwear,Gents Sandal Bata,0.0,0.0,0.0,500.0,0.0,0.0,56.690000000000055,243.30999999999995,0.0,0.0,0.0
2023,Sukkur,Apparel & Footwear,Gents Sponge Chappal Bata,0.0,0.0,0.0,220.0,0.0,0.0,0.0,0.0,0.0,0.0,0.0
2023,Sukkur,Apparel & Footwear,Georgette (Average Quality),0.0,0.0,0.0,0.0,0.0,0.0,0.0,0.0,0.0,0.0,0.0
2023,Sukkur,Apparel & Footwear,Ladies Sandal Bata,0.0,0.0,0.0,100.0,0.0,0.0,0.0,0.0,0.0,0.0,0.0
2023,Sukkur,Apparel & Footwear,Lawn Printed Gul Ahmed/Al Karam,0.0,0.0,0.0,0.0,0.0,0.0,0.0,0.0,0.0,0.0,0.0
2023,Sukkur,Apparel & Footwear,"Long Cloth 57"" Gul Ahmed/Al Karam",0.0,0.0,0.0,0.0,0.0,0.0,0.0,0.0,0.0,0.0,0.0
2023,Sukkur,Apparel & Footwear,Shirting (Average Quality),0.0,0.0,0.0,0.0,0.0,6.960000000000008,7.180000000000007,0.0,0.0,0.0,0.0
2023,Sukkur,Food & Beverages,Bananas (Kela) Local,31.710000000000008,31.70999999999998,31.710000000000008,0.0,0.0,-86.3,-8.010000000000005,22.060000000000002,-22.28,-2.3799999999999955,-3.0900000000000034
2023,Sukkur,Food & Beverages,Beef with Bone (Average Quality),0.0,0.0,0.0,0.0,0.0,0.0,0.0,0.0,0.0,39.72000000000003,10.279999999999973
2023,Sukkur,Food & Beverages,Bread plain (Small Size),0.0,0.0,0.0,0.0,0.0,0.0,0.0,20.0,0.0,3.9000000000000057,6.099999999999994
2023,Sukkur,Food & Beverages,Chicken Farm Broiler (Live),-11.629999999999995,-11.630000000000052,-11.630000000000052,48.660000000000025,12.5,-7.439999999999998,-21.379999999999995,-40.03000000000003,-19.75999999999999,-0.2799999999999727,-8.590000000000032
2023,Sukkur,Food & Beverages,Chilies Powder NATIONAL 200 gm Pa,0.0,0.0,0.0,0.0,0.0,36.099999999999994,148.9,0.0,0.0,0.0,0.0
2023,Sukkur,Food & Beverages,Cooked Beef at Average Hotel,0.0,0.0,0.0,0.0,0.0,0.0,0.0,0.0,0.0,0.0,0.0
2023,Sukkur,Food & Beverages,Cooked Daal at Average Hotel,0.0,0.0,0.0,0.0,7.069999999999993,2.470000000000013,6.159999999999997,4.299999999999997,0.0,0.0,0.0
2023,Sukkur,Food & Beverages,Cooking Oil DALDA or Other Similar,0.0,0.0,0.0,0.0,0.0,0.0,0.0,0.0,-24.90000000000009,0.0,-55.2800000000002
2023,Sukkur,Food & Beverages,Cooking Oil DALDA or Other Similar B,159.85000000000036,159.8499999999999,159.8499999999999,0.0,0.0,-35.57999999999993,-144.80999999999995,0.0,0.0,0.0,0.0
2023,Sukkur,Food & Beverages,Curd (Dahi) Loose,9.859999999999985,9.860000000000014,9.860000000000014,10.139999999999986,14.449999999999989,15.550000000000011,0.0,0.0,0.0,0.0,0.0
2023,Sukkur,Food & Beverages,Eggs Hen (Farm),19.73999999999998,19.74000000000001,19.73999999999998,7.490000000000009,-20.47999999999999,0.0,37.359999999999985,8.170000000000016,19.75999999999999,17.220000000000027,33.77999999999997
2023,Sukkur,Food & Beverages,Garlic (Lehsun),-15.389999999999986,-15.3900000000001,-15.390000000000043,-60.839999999999975,0.7400000000000091,78.37,52.40999999999997,35.43000000000001,75.99000000000001,55.08000000000004,-5.990000000000009
2023,Sukkur,Food & Beverages,Gur (Average Quality),18.060000000000002,18.060000000000002,18.060000000000002,14.780000000000001,5.219999999999999,70.0,0.0,-7.860000000000014,-42.639999999999986,-19.5,0.0
2023,Sukkur,Food & Beverages,Milk fresh (Un-boiled),9.849999999999994,9.849999999999994,9.849999999999994,10.150000000000006,9.740000000000009,10.259999999999991,0.0,0.0,0.0,0.0,0.0
2023,Sukkur,Food & Beverages,Mustard Oil (Average Quality),-8.970000000000141,-8.96999999999997,-8.970000000000027,-22.70999999999998,-64.70999999999998,37.52999999999997,0.0,7.480000000000018,-54.10000000000002,-1.759999999999991,-14.360000000000014
2023,Sukkur,Food & Beverages,Mutton (Average Quality),0.0,0.0,0.0,0.0,0.0,0.0,0.0,0.0,0.0,0.0,0.0
2023,Sukkur,Food & Beverages,Onions,-33.23000000000002,-33.22999999999999,-33.230000000000004,-17.310000000000002,5.0,-7.329999999999998,10.0,12.379999999999995,22.49000000000001,25.92,48.39
2023,Sukkur,Food & Beverages,Potatoes,16.27,16.270000000000007,16.270000000000003,10.0,4.829999999999998,5.170000000000002,0.0,0.0,0.0,0.0,-8.650000000000006
2023,Sukkur,Food & Beverages,Powdered Milk NIDO 390 gm Polyba,0.0,0.0,0.0,0.0,0.0,0.0,0.0,0.0,0.0,0.0,0.0
2023,Sukkur,Food & Beverages,Powdered Milk NIDO 390 gm Polybag,0.0,0.0,0.0,22.379999999999995,7.6200000000000045,4.9500000000000455,70.33999999999992,0.0,0.0,0.0,0.0
2023,Sukkur,Food & Beverages,Pulse Gram,0.0,0.0,0.0,0.0,0.0,0.0,0.0,0.0,-15.150000000000006,-24.849999999999994,9.379999999999995
2023,Sukkur,Food & Beverages,Pulse Mash (Washed),0.0,0.0,0.0,0.0,19.55000000000001,20.44999999999999,15.930000000000007,64.07,-10.090000000000032,-19.909999999999968,2.480000000000018
2023,Sukkur,Food & Beverages,Pulse Masoor (Washed),-11.819999999999993,-11.819999999999993,-11.819999999999993,0.0,2.4599999999999795,7.5400000000000205,0.0,72.25,-22.74000000000001,-12.050000000000011,25.010000000000048
2023,Sukkur,Food & Beverages,Pulse Moong (Washed),-5.959999999999866,-5.960000000000036,-5.9599999999999795,0.0,0.0,-15.120000000000005,-4.8799999999999955,30.0,-22.769999999999982,-7.230000000000018,11.759999999999991
2023,Sukkur,Food & Beverages,Rice Basmati Broken (Average Qualit,0.0,0.0,0.0,0.0,0.0,0.0,20.0,0.0,0.0,0.0,-10.219999999999999
2023,Sukkur,Food & Beverages,Rice Basmati Broken (Average Quality,0.0,0.0,0.0,28.639999999999986,0.0,0.0,0.0,0.0,0.0,0.0,0.0
2023,Sukkur,Food & Beverages,Rice IRRI-6/9 (Sindh/Punjab),2.4099999999999966,2.4099999999999966,2.4099999999999966,12.480000000000004,24.549999999999997,10.560000000000002,10.0,4.9199999999999875,5.0800000000000125,0.0,0.0
2023,Sukkur,Food & Beverages,Salt Powdered (NATIONAL/SHAN) 80,0.0,0.0,0.0,0.0,2.289999999999999,10.04,7.670000000000002,0.0,0.0,7.8700000000000045,2.1299999999999955
2023,Sukkur,Food & Beverages,Sugar Refined,14.989999999999995,14.989999999999995,14.989999999999995,-3.1099999999999994,6.180000000000007,15.529999999999987,14.810000000000002,3.280000000000001,-13.919999999999987,-10.310000000000002,4.389999999999986
2023,Sukkur,Food & Beverages,Tea Lipton Yellow Label 190 gm Pack,0.0,0.0,0.0,85.54000000000002,59.76000000000005,0.0,0.0,0.0,0.0,-12.6400000000001,-3.1200000000000045
2023,Sukkur,Food & Beverages,Tea Prepared Ordinary,0.0,0.0,0.0,0.0,0.0,5.0,0.0,0.0,1.2100000000000009,3.789999999999999,0.0
2023,Sukkur,Food & Beverages,Tomatoes,-24.269999999999996,-24.270000000000003,-24.270000000000003,-4.049999999999997,28.019999999999996,26.92,37.14,-11.200000000000003,7.810000000000002,29.75,-42.22
2023,Sukkur,Food & Beverages,Vegetable Ghee DALDA/HABIB 2.5 kg,-23.34999999999991,-23.350000000000136,-23.34999999999991,0.0,0.0,0.0,-40.799999999999955,-81.88000000000011,-22.319999999999936,0.0,-5.0
2023,Sukkur,Food & Beverages,Vegetable Ghee DALDA/HABIB or Ot,0.0,0.0,0.0,0.0,0.0,0.0,0.0,0.0,-1.490000000000009,-22.519999999999982,-15.480000000000018
2023,Sukkur,Food & Beverages,Vegetable Ghee DALDA/HABIB or Oth,-9.669999999999959,-9.669999999999959,-9.669999999999959,0.0,-5.019999999999982,-18.129999999999995,-28.850000000000023,0.0,0.0,0.0,0.0
2023,Sukkur,Food & Beverages,Wheat Flour Bag,72.63999999999987,72.64000000000033,72.63999999999987,64.61999999999989,-9.909999999999854,334.9499999999998,-9.7199999999998,-77.92999999999984,-130.5300000000002,39.710000000000036,38.789999999999964
2023,Sukkur,Household Equipment,Energy Saver Philips 14 Watt,0.0,0.0,0.0,0.0,18.159999999999997,19.710000000000008,0.0,0.0,0.0,0.0,0.0
2023,Sukkur,Household Equipment,Match Box,0.4800000000000004,0.4800000000000004,0.4800000000000004,0.5199999999999996,0.0,0.0,0.0,0.0,0.0,0.0,0.0
2023,Sukkur,Housing Water & Energy,Electricity Charges upto 50 Units,-0.23999999999999932,-0.23999999999999932,-0.23999999999999932,-0.08000000000000007,0.0,0.2999999999999998,1.0899999999999999,0.03000000000000025,0.4800000000000004,-0.6500000000000004,-0.3600000000000003
2023,Sukkur,Housing Water & Energy,Firewood Whole,0.0,0.0,0.0,0.0,0.0,0.0,0.0,0.0,0.0,12.57000000000005,19.289999999999964
2023,Sukkur,Housing Water & Energy,Gas Charges upto 3.3719 MMBTU,0.0,0.0,0.0,0.0,0.0,0.0,0.0,0.0,0.0,0.0,1416.0
2023,Sukkur,Housing Water & Energy,LPG 11.67 kg Cylinder,-75.24000000000115,-75.23999999999978,-75.24000000000024,18.800000000000182,-399.17999999999984,-328.3300000000004,271.9000000000001,187.21000000000004,292.97000000000025,-36.05000000000018,-45.51999999999998
2023,Sukkur,Miscellaneous,Cigarettes Capstan 20'S Packet,0.0,0.0,0.0,0.0,0.0,0.0,0.0,0.0,0.0,0.0,0.0
2023,Sukkur,Personal Care,Sufi Washing Soap 250 gm Cake,10.579999999999998,10.579999999999998,10.579999999999998,2.5799999999999983,0.0,0.0,0.0,8.0,0.0,0.0,0.0
2023,Sukkur,Personal Care,Toilet Soap LIFEBUOY 115 gm,2.4099999999999966,2.4099999999999966,2.4099999999999966,7.590000000000003,0.0,0.0,0.0,0.0,0.0,0.0,0.0
2023,Sukkur,Transport & Communication,Hi-Speed Diesel,5.310000000000002,5.310000000000002,5.310000000000002,-20.410000000000025,-19.589999999999975,4.039999999999964,28.560000000000002,35.19,-10.079999999999984,-11.289999999999964,-16.450000000000045
2023,Sukkur,Transport & Communication,Petrol Super,6.990000000000009,6.990000000000009,6.990000000000009,-1.0,-13.930000000000007,-4.5400000000000205,26.0,34.68000000000001,-15.180000000000007,-20.539999999999964,-8.060000000000002
2023,Sukkur,Transport & Communication,Telephone Call Charges,0.0,0.0,0.0,0.0,0.0,0.0,0.0,0.0,0.0,0.0,0.0
2024,Bahawalpur,Apparel & Footwear,Gents Sandal Bata,0.0,0.0,200.0,0.0,0.0,0.0,0.0,0.0,0.0,0.0,0.0
2024,Bahawalpur,Apparel & Footwear,Gents Sponge Chappal Bata,0.0,0.0,0.0,0.0,0.0,0.0,0.0,0.0,0.0,0.0,0.0
2024,Bahawalpur,Apparel & Footwear,Georgette (Average Quality),0.0,0.0,0.0,0.0,0.0,12.569999999999993,8.300000000000011,9.509999999999991,0.0,0.0,0.0
2024,Bahawalpur,Apparel & Footwear,Ladies Sandal Bata,0.0,0.0,100.0,0.0,0.0,0.0,0.0,0.0,0.0,222.47000000000003,277.53
2024,Bahawalpur,Apparel & Footwear,Lawn Printed Gul Ahmed/Al Karam,21.70500000000004,21.704999999999927,0.0,0.0,0.0,157.63,61.25999999999999,0.0,0.0,0.0,0.0
2024,Bahawalpur,Apparel & Footwear,"Long Cloth 57"" Gul Ahmed/Al Karam",39.52499999999998,39.52499999999998,0.0,0.0,0.0,55.75999999999999,19.58000000000004,0.0,0.0,0.0,0.0
2024,Bahawalpur,Apparel & Footwear,Shirting (Average Quality),0.0,0.0,0.0,0.0,0.0,0.0,0.0,0.0,0.0,0.0,0.0
2024,Bahawalpur,Food & Beverages,Bananas (Kela) Local,14.250000000000014,14.25,21.75,-15.370000000000005,-1.3100000000000023,11.299999999999983,8.0,-43.0,-9.649999999999991,0.0,0.0
2024,Bahawalpur,Food & Beverages,Beef with Bone (Average Quality),0.0,0.0,65.55999999999995,30.920000000000073,16.269999999999982,4.279999999999973,0.0,65.94000000000005,17.1099999999999,0.0,0.0
2024,Bahawalpur,Food & Beverages,Bread plain (Small Size),0.0,0.0,0.0,0.0,-2.5799999999999983,-7.420000000000002,0.0,0.0,0.0,0.0,0.0
2024,Bahawalpur,Food & Beverages,Chicken Farm Broiler (Live),-5.845000000000027,-5.845000000000027,36.110000000000014,-124.03999999999996,-2.670000000000016,34.52999999999997,76.41000000000003,-12.879999999999995,4.170000000000016,-58.97000000000003,-22.670000000000016
2024,Bahawalpur,Food & Beverages,Chilies Powder NATIONAL 200 gm Pa,0.0,0.0,0.0,-17.45999999999998,-62.54000000000002,0.0,0.0,0.0,0.0,0.0,0.0
2024,Bahawalpur,Food & Beverages,Cooked Beef at Average Hotel,0.0,0.0,0.0,0.0,0.0,0.0,0.0,0.0,0.0,0.0,0.0
2024,Bahawalpur,Food & Beverages,Cooked Daal at Average Hotel,0.0,0.0,0.0,0.0,0.0,0.0,0.0,1.7800000000000011,1.8100000000000023,0.0,0.0
2024,Bahawalpur,Food & Beverages,Cooking Oil DALDA or Other Similar,-53.690000000000055,-53.690000000000055,-40.0,60.23000000000002,0.0,0.0,0.0,-26.929999999999836,0.0,20.169999999999618,79.0300000000002
2024,Bahawalpur,Food & Beverages,Curd (Dahi) Loose,3.2150000000000034,3.2150000000000034,0.0,0.0,4.97999999999999,1.6899999999999977,0.0,1.700000000000017,5.199999999999989,0.0,0.0
2024,Bahawalpur,Food & Beverages,Eggs Hen (Farm),-75.21000000000004,-75.20999999999998,-5.400000000000034,-16.349999999999966,-5.180000000000007,1.6599999999999966,43.390000000000015,11.519999999999982,0.6200000000000045,43.94999999999999,5.490000000000009
2024,Bahawalpur,Food & Beverages,Garlic (Lehsun),4.920000000000073,4.919999999999959,-22.889999999999986,-28.470000000000027,-17.529999999999973,2.990000000000009,0.0,0.0,23.129999999999995,72.93999999999994,32.520000000000095
2024,Bahawalpur,Food & Beverages,Gur (Average Quality),-5.3300000000000125,-5.329999999999984,-12.240000000000009,-8.049999999999983,-1.950000000000017,10.700000000000017,11.909999999999997,20.549999999999983,-16.139999999999986,-37.920000000000016,3.0900000000000034
2024,Bahawalpur,Food & Beverages,Milk fresh (Un-boiled),0.0,0.0,0.0,0.0,0.0,0.0,0.0,1.6399999999999864,5.030000000000001,0.0,0.0
2024,Bahawalpur,Food & Beverages,Mustard Oil (Average Quality),3.7649999999999864,3.7649999999999864,-27.20999999999998,26.569999999999993,-29.04000000000002,-7.319999999999993,39.56999999999999,10.430000000000007,0.0,33.25,-14.990000000000009
2024,Bahawalpur,Food & Beverages,Mutton (Average Quality),8.375,8.375,100.03999999999996,0.0,0.0,0.0,0.0,123.54999999999995,43.190000000000055,0.0,0.0
2024,Bahawalpur,Food & Beverages,Onions,-7.180000000000007,-7.180000000000007,-44.41999999999999,-47.2,21.200000000000003,-6.25,5.299999999999983,17.659999999999997,11.030000000000001,-6.0,-16.03
2024,Bahawalpur,Food & Beverages,Potatoes,6.564999999999998,6.564999999999998,4.519999999999996,22.760000000000005,1.3900000000000006,6.260000000000005,6.659999999999997,0.0,0.0,0.0,13.299999999999997
2024,Bahawalpur,Food & Beverages,Powdered Milk NIDO 390 gm Polyba,0.0,0.0,0.0,0.0,0.0,152.92999999999995,57.07000000000005,0.0,0.0,0.0,0.0
2024,Bahawalpur,Food & Beverages,Pulse Gram,4.2450000000000045,4.2450000000000045,0.0,12.529999999999973,21.310000000000002,36.80000000000001,28.78000000000003,39.349999999999966,34.23000000000002,-15.850000000000023,-26.359999999999957
2024,Bahawalpur,Food & Beverages,Pulse Mash (Washed),-9.160000000000082,-9.159999999999968,-8.349999999999966,9.36000000000007,30.709999999999923,1.6599999999999682,10.960000000000036,4.769999999999982,-49.49000000000001,-29.609999999999957,-6.639999999999986
2024,Bahawalpur,Food & Beverages,Pulse Masoor (Washed),-5.910000000000025,-5.909999999999968,-8.180000000000007,0.0,3.240000000000009,9.949999999999989,0.0,-6.670000000000016,-6.519999999999982,-18.360000000000014,-1.6399999999999864
2024,Bahawalpur,Food & Beverages,Pulse Moong (Washed),-1.670000000000016,-1.670000000000016,-0.8799999999999955,10.120000000000005,9.759999999999991,19.340000000000032,5.509999999999991,-11.740000000000009,30.920000000000016,9.509999999999991,10.0
2024,Bahawalpur,Food & Beverages,Rice Basmati Broken (Average Qualit,0.0,0.0,0.0,0.0,0.0,0.0,0.0,0.0,0.0,0.0,0.0
2024,Bahawalpur,Food & Beverages,Rice IRRI-6/9 (Sindh/Punjab),0.0,0.0,0.0,0.0,0.0,0.0,0.0,0.0,0.0,0.0,0.0
2024,Bahawalpur,Food & Beverages,Salt Powdered (NATIONAL/SHAN) 80,0.0,0.0,0.0,0.0,0.0,0.0,0.0,0.0,0.0,0.0,0.0
2024,Bahawalpur,Food & Beverages,Sugar Refined,-1.8649999999999807,-1.865000000000009,-1.2800000000000011,1.9399999999999977,-0.6599999999999966,4.550000000000011,-1.5700000000000216,-4.25,-6.889999999999986,-2.509999999999991,1.8999999999999773
2024,Bahawalpur,Food & Beverages,Tea Lipton Yellow Label 190 gm Pack,0.0,0.0,0.0,0.0,0.0,0.0,0.0,0.0,0.0,0.0,0.0
2024,Bahawalpur,Food & Beverages,Tea Prepared Ordinary,0.0,0.0,0.0,0.0,0.0,0.0,0.0,0.0,0.0,0.0,0.0
2024,Bahawalpur,Food & Beverages,Tomatoes,-4.155000000000001,-4.155000000000001,-33.44999999999999,-56.72,46.09,98.97999999999999,-50.859999999999985,-3.1599999999999966,15.919999999999987,36.41,-8.579999999999984
2024,Bahawalpur,Food & Beverages,Vegetable Ghee DALDA/HABIB 2.5 kg,-21.080000000000155,-21.079999999999927,6.2000000000000455,18.799999999999955,0.0,0.0,5.980000000000018,9.019999999999982,0.0,49.08999999999992,89.65000000000009
2024,Bahawalpur,Food & Beverages,Vegetable Ghee DALDA/HABIB or Ot,-2.5149999999999864,-2.5149999999999864,-2.490000000000009,7.519999999999982,0.0,0.0,4.789999999999964,1.2100000000000364,0.0,40.33000000000004,22.149999999999977
2024,Bahawalpur,Food & Beverages,Wheat Flour Bag,8.099999999999909,8.100000000000364,-429.10000000000036,-506.14999999999986,-180.83999999999992,335.0999999999999,-154.06999999999994,-101.18000000000006,85.95000000000005,-37.59999999999991,-78.66000000000008
2024,Bahawalpur,Household Equipment,Energy Saver Philips 14 Watt,0.0,0.0,0.0,0.0,0.0,0.0,0.0,0.0,0.0,0.0,0.0
2024,Bahawalpur,Household Equipment,Match Box,0.0,0.0,0.0,0.0,0.0,0.0,0.0,0.0,0.0,0.0,0.0
2024,Bahawalpur,Housing Water & Energy,Electricity Charges upto 50 Units,0.04500000000000082,0.04499999999999993,-0.27000000000000046,-0.2599999999999998,0.4500000000000002,0.14999999999999947,-1.1799999999999997,0.1900000000000004,0.0699999999999994,0.0,0.0
2024,Bahawalpur,Housing Water & Energy,Firewood Whole,0.0,0.0,0.0,52.41000000000008,47.58999999999992,0.0,0.0,0.0,0.0,0.0,32.569999999999936
2024,Bahawalpur,Housing Water & Energy,Gas Charges upto 3.3719 MMBTU,132.75,132.75,0.0,0.0,0.0,0.0,0.0,0.0,0.0,0.0,0.0
2024,Bahawalpur,Housing Water & Energy,LPG 11.67 kg Cylinder,26.610000000000127,26.609999999999673,-137.26999999999998,-422.4699999999998,59.909999999999854,254.46000000000004,0.0,-82.86999999999989,-5.450000000000273,442.75,-33.73999999999978
2024,Bahawalpur,Miscellaneous,Cigarettes Capstan 20'S Packet,0.0,0.0,0.0,0.0,0.0,0.0,2.6200000000000045,0.6599999999999966,0.0,0.0,3.3400000000000034
2024,Bahawalpur,Personal Care,Sufi Washing Soap 250 gm Cake,0.0,0.0,0.0,0.0,2.490000000000009,0.8400000000000034,0.0,0.0,0.0,0.0,2.559999999999974
2024,Bahawalpur,Personal Care,Toilet Soap LIFEBUOY 115 gm,0.0,0.0,0.0,0.0,0.0,0.0,0.0,0.0,-7.189999999999998,-4.540000000000006,0.0
2024,Bahawalpur,Transport & Communication,Hi-Speed Diesel,5.0499999999999545,5.050000000000011,-0.15999999999996817,-9.060000000000002,-8.160000000000025,11.560000000000002,-11.730000000000018,-12.609999999999957,-6.880000000000024,5.840000000000003,1.8100000000000023
2024,Bahawalpur,Transport & Communication,Petrol Super,8.204999999999984,8.204999999999984,11.920000000000016,-12.509999999999991,-15.95999999999998,7.449999999999989,-6.160000000000025,-10.309999999999974,-7.0400000000000205,1.3500000000000227,3.7299999999999898
2024,Bahawalpur,Transport & Communication,Telephone Call Charges,0.0,0.0,0.0,0.0,0.0,0.0,0.0,0.0,0.0,0.0,0.0
2024,Bannu,Apparel & Footwear,Gents Sandal Bata,0.0,0.0,200.0,0.0,0.0,0.0,0.0,0.0,0.0,0.0,0.0
2024,Bannu,Apparel & Footwear,Gents Sponge Chappal Bata,0.0,0.0,0.0,0.0,0.0,0.0,0.0,0.0,0.0,0.0,0.0
2024,Bannu,Apparel & Footwear,Georgette (Average Quality),0.0,0.0,0.0,0.0,0.0,0.0,31.27000000000001,8.72999999999999,0.0,0.0,0.0
2024,Bannu,Apparel & Footwear,Ladies Sandal Bata,0.0,0.0,100.0,0.0,0.0,0.0,0.0,0.0,0.0,222.47000000000003,277.53
2024,Bannu,Apparel & Footwear,Lawn Printed Gul Ahmed/Al Karam,0.0,0.0,0.0,0.0,0.0,0.0,0.0,0.0,0.0,0.0,0.0
2024,Bannu,Apparel & Footwear,"Long Cloth 57"" Gul Ahmed/Al Karam",0.0,0.0,0.0,0.0,0.0,0.0,0.0,0.0,0.0,0.0,0.0
2024,Bannu,Apparel & Footwear,Shirting (Average Quality),0.0,0.0,0.0,0.0,26.220000000000027,0.0,0.0,0.0,0.0,0.0,0.0
2024,Bannu,Food & Beverages,Bananas (Kela) Local,35.27000000000001,35.26999999999998,-5.069999999999993,-39.47999999999999,44.09,-1.700000000000017,-39.41,-21.060000000000002,-19.709999999999994,0.0,0.0
2024,Bannu,Food & Beverages,Beef with Bone (Average Quality),18.585000000000036,18.584999999999923,12.830000000000041,0.0,0.0,37.200000000000045,12.799999999999955,0.0,0.0,0.0,0.0
2024,Bannu,Food & Beverages,Bread plain (Small Size),0.0,0.0,0.0,0.0,0.0,0.0,0.0,0.0,0.0,0.0,0.0
2024,Bannu,Food & Beverages,Chicken Farm Broiler (Live),-0.39500000000003865,-0.3949999999999818,42.670000000000016,-117.42000000000002,-6.990000000000009,50.04000000000002,54.00999999999999,-6.189999999999998,-3.240000000000009,-72.93,-25.389999999999986
2024,Bannu,Food & Beverages,Chilies Powder NATIONAL 200 gm Pa,0.0,0.0,0.0,-17.45999999999998,-62.54000000000002,0.0,0.0,0.0,0.0,0.0,0.0
2024,Bannu,Food & Beverages,Cooked Beef at Average Hotel,0.0,0.0,0.0,0.0,0.0,0.0,0.0,0.0,0.0,0.0,0.0
2024,Bannu,Food & Beverages,Cooked Daal at Average Hotel,0.0,0.0,0.0,0.0,0.0,0.0,0.0,2.430000000000007,7.569999999999993,0.0,0.0
2024,Bannu,Food & Beverages,Cooking Oil DALDA or Other Similar,7.059999999999945,7.059999999999945,0.0,0.0,0.0,100.0,0.0,0.0,0.0,109.46000000000004,-14.460000000000036
2024,Bannu,Food & Beverages,Curd (Dahi) Loose,0.0,0.0,0.0,0.0,0.0,9.960000000000008,3.4399999999999977,0.0,0.0,0.0,0.0
2024,Bannu,Food & Beverages,Eggs Hen (Farm),-69.66000000000003,-69.65999999999997,-9.370000000000005,-16.76000000000002,-1.9399999999999977,0.030000000000001137,17.600000000000023,29.029999999999973,5.090000000000032,44.69,10.229999999999961
2024,Bannu,Food & Beverages,Garlic (Lehsun),6.185000000000059,6.184999999999945,-12.370000000000005,-7.07000000000005,-39.65999999999997,34.60000000000002,-13.759999999999991,13.759999999999991,0.0,71.90999999999997,13.340000000000032
2024,Bannu,Food & Beverages,Gur (Average Quality),0.0,0.0,0.0,0.0,0.0,10.090000000000003,3.4799999999999898,0.0,0.0,0.0,0.0
2024,Bannu,Food & Beverages,Milk fresh (Un-boiled),0.0,0.0,0.0,0.0,0.0,17.25,6.159999999999997,0.0,0.0,0.0,0.0
2024,Bannu,Food & Beverages,Mustard Oil (Average Quality),0.0,0.0,0.0,-5.669999999999959,-34.78000000000003,4.930000000000007,16.850000000000023,26.589999999999975,11.569999999999993,62.829999999999984,25.600000000000023
2024,Bannu,Food & Beverages,Mutton (Average Quality),55.52999999999997,55.52999999999997,38.940000000000055,0.0,0.0,0.0,0.0,0.0,0.0,0.0,0.0
2024,Bannu,Food & Beverages,Onions,2.335000000000008,2.335000000000008,-31.460000000000008,-62.370000000000005,13.290000000000006,-13.200000000000003,21.53,12.370000000000005,-2.069999999999993,-0.3100000000000023,-15.13000000000001
2024,Bannu,Food & Beverages,Potatoes,9.625,9.624999999999993,7.530000000000001,19.820000000000007,10.769999999999996,-10.840000000000003,-6.099999999999994,0.18999999999999773,1.2199999999999989,5.030000000000001,8.75
2024,Bannu,Food & Beverages,Powdered Milk NIDO 390 gm Polyba,0.0,0.0,0.0,0.0,0.0,230.0,0.0,0.0,0.0,0.0,0.0
2024,Bannu,Food & Beverages,Pulse Gram,1.2700000000000387,1.2699999999999818,0.0,3.9499999999999886,26.310000000000002,30.560000000000002,10.800000000000011,41.610000000000014,25.41999999999996,-17.019999999999982,-19.159999999999968
2024,Bannu,Food & Beverages,Pulse Mash (Washed),13.509999999999991,13.509999999999991,-2.2100000000000364,-17.029999999999973,32.22000000000003,0.0,0.0,-11.919999999999959,-36.129999999999995,-12.0,-30.240000000000066
2024,Bannu,Food & Beverages,Pulse Masoor (Washed),-2.5600000000000023,-2.5600000000000023,5.1200000000000045,-8.160000000000025,-3.659999999999968,1.6599999999999682,-9.839999999999975,-5.1299999999999955,-14.870000000000005,4.8700000000000045,-7.399999999999977
2024,Bannu,Food & Beverages,Pulse Moong (Washed),1.2649999999999864,1.2649999999999864,2.4700000000000273,-2.4700000000000273,14.879999999999995,19.220000000000027,-9.050000000000011,-11.860000000000014,46.69999999999999,20.110000000000014,0.0
2024,Bannu,Food & Beverages,Rice Basmati Broken (Average Qualit,0.42499999999998295,0.42500000000001137,-2.5500000000000114,-9.5,-18.049999999999983,-6.640000000000015,0.0,0.0,0.0,-6.179999999999978,-17.080000000000013
2024,Bannu,Food & Beverages,Rice IRRI-6/9 (Sindh/Punjab),0.0,0.0,0.0,-1.3700000000000045,-2.030000000000001,0.0,0.0,0.0,0.0,0.0,-12.609999999999985
2024,Bannu,Food & Beverages,Salt Powdered (NATIONAL/SHAN) 80,0.0,0.0,0.0,10.0,0.0,0.0,0.0,0.0,0.0,0.0,0.0
2024,Bannu,Food & Beverages,Sugar Refined,-0.20999999999997954,-0.21000000000000796,-2.0600000000000023,0.0,0.0,3.3100000000000023,-1.7299999999999898,-3.680000000000007,-6.5800000000000125,-1.3199999999999932,2.8899999999999864
2024,Bannu,Food & Beverages,Tea Lipton Yellow Label 190 gm Pack,0.0,0.0,0.0,0.0,0.0,0.0,0.0,0.0,0.0,0.0,0.0
2024,Bannu,Food & Beverages,Tea Prepared Ordinary,0.0,0.0,0.0,0.0,0.0,0.0,0.0,0.0,0.0,0.0,0.0
2024,Bannu,Food & Beverages,Tomatoes,-1.9450000000000074,-1.9449999999999932,-21.540000000000006,-31.559999999999995,30.220000000000006,37.379999999999995,-30.22,-5.769999999999996,0.36999999999999034,40.31,25.140000000000015
2024,Bannu,Food & Beverages,Vegetable Ghee DALDA/HABIB 2.5 kg,0.0,0.0,0.0,-40.3900000000001,-22.179999999999836,56.26999999999998,26.25999999999999,5.039999999999964,25.0,136.99,38.00999999999999
2024,Bannu,Food & Beverages,Vegetable Ghee DALDA/HABIB or Ot,-0.4149999999999636,-0.41500000000002046,10.0,-8.019999999999982,-1.9800000000000182,4.970000000000027,5.029999999999973,0.0,20.0,37.34000000000003,12.659999999999968
2024,Bannu,Food & Beverages,Wheat Flour Bag,-29.759999999999764,-29.76000000000022,-330.90999999999985,-607.9000000000001,-153.46000000000004,201.80999999999995,-108.16999999999985,-148.53999999999996,168.68999999999983,24.680000000000064,-32.930000000000064
2024,Bannu,Household Equipment,Energy Saver Philips 14 Watt,0.0,0.0,0.0,0.0,0.0,0.0,0.0,0.0,0.0,0.0,0.0
2024,Bannu,Household Equipment,Match Box,0.0,0.0,0.0,0.0,0.0,0.0,0.0,0.0,0.0,0.0,0.0
2024,Bannu,Housing Water & Energy,Electricity Charges upto 50 Units,0.04500000000000082,0.04499999999999993,-0.27000000000000046,-0.2599999999999998,0.4500000000000002,0.14999999999999947,-1.1799999999999997,0.1900000000000004,0.0699999999999994,0.0,0.0
2024,Bannu,Housing Water & Energy,Firewood Whole,0.0,0.0,0.0,0.0,0.0,0.0,0.0,0.0,0.0,0.0,12.980000000000018
2024,Bannu,Housing Water & Energy,Gas Charges upto 3.3719 MMBTU,132.75,132.75,0.0,0.0,0.0,0.0,0.0,0.0,0.0,0.0,0.0
2024,Bannu,Housing Water & Energy,LPG 11.67 kg Cylinder,81.35500000000002,81.35500000000002,-192.09000000000015,-396.94000000000005,-36.51000000000022,301.0100000000002,-10.070000000000164,-65.25,-24.679999999999836,282.32000000000016,50.66999999999962
2024,Bannu,Miscellaneous,Cigarettes Capstan 20'S Packet,0.0,0.0,0.0,20.0,4.949999999999989,5.050000000000011,0.0,0.0,0.0,0.0,0.0
2024,Bannu,Personal Care,Sufi Washing Soap 250 gm Cake,0.0,0.0,0.0,5.0,0.0,0.0,0.0,0.0,0.0,0.0,0.0
2024,Bannu,Personal Care,Toilet Soap LIFEBUOY 115 gm,0.0,0.0,0.0,0.0,0.0,0.0,0.0,0.0,0.0,-13.120000000000005,-4.019999999999996
2024,Bannu,Transport & Communication,Hi-Speed Diesel,5.204999999999984,5.204999999999984,-0.38999999999998636,-9.089999999999975,-9.379999999999995,12.729999999999961,-11.819999999999993,-12.589999999999975,-6.880000000000024,5.909999999999997,1.8000000000000114
2024,Bannu,Transport & Communication,Petrol Super,8.16500000000002,8.164999999999964,11.939999999999998,-12.479999999999961,-16.210000000000036,7.600000000000023,-6.279999999999973,-10.32000000000005,-7.049999999999983,1.4000000000000057,3.6999999999999886
2024,Bannu,Transport & Communication,Telephone Call Charges,0.0,0.0,0.0,0.0,0.0,0.0,0.0,0.0,0.0,0.0,0.0
2024,Faisalabad,Apparel & Footwear,Gents Sandal Bata,0.0,0.0,200.0,0.0,0.0,0.0,0.0,0.0,0.0,0.0,0.0
2024,Faisalabad,Apparel & Footwear,Gents Sponge Chappal Bata,0.0,0.0,0.0,0.0,0.0,0.0,0.0,0.0,0.0,0.0,0.0
2024,Faisalabad,Apparel & Footwear,Georgette (Average Quality),0.0,0.0,0.0,0.0,0.0,0.0,0.0,0.0,0.0,0.0,0.0
2024,Faisalabad,Apparel & Footwear,Ladies Sandal Bata,0.0,0.0,100.0,0.0,0.0,0.0,0.0,0.0,0.0,222.47000000000003,277.53
2024,Faisalabad,Apparel & Footwear,Lawn Printed Gul Ahmed/Al Karam,0.0,0.0,16.659999999999968,17.149999999999977,0.0,0.0,0.0,0.0,0.0,0.0,0.0
2024,Faisalabad,Apparel & Footwear,"Long Cloth 57"" Gul Ahmed/Al Karam",0.0,0.0,8.560000000000002,0.0,0.0,0.0,0.0,0.0,0.0,0.0,0.0
2024,Faisalabad,Apparel & Footwear,Shirting (Average Quality),0.0,0.0,25.129999999999995,65.14999999999998,27.180000000000064,0.0,0.0,0.0,0.0,0.0,0.0
2024,Faisalabad,Food & Beverages,Bananas (Kela) Local,43.05499999999999,43.05500000000001,-26.859999999999985,-25.200000000000017,-2.1599999999999966,0.0,-17.879999999999995,-14.010000000000005,0.0,0.0,0.0
2024,Faisalabad,Food & Beverages,Beef with Bone (Average Quality),69.11500000000001,69.11500000000001,0.0,122.40000000000009,68.51999999999998,9.079999999999927,0.0,0.0,0.0,0.0,0.0
2024,Faisalabad,Food & Beverages,Bread plain (Small Size),0.0,0.0,0.0,0.0,-7.579999999999998,-2.4200000000000017,0.0,0.0,0.0,0.0,0.0
2024,Faisalabad,Food & Beverages,Chicken Farm Broiler (Live),-5.399999999999977,-5.400000000000034,37.27000000000004,-134.87,-3.009999999999991,46.56999999999999,50.420000000000016,-0.9900000000000091,-0.4300000000000068,-63.97000000000003,-17.5
2024,Faisalabad,Food & Beverages,Chilies Powder NATIONAL 200 gm Pa,0.0,0.0,0.0,-8.829999999999984,-62.120000000000005,-9.050000000000011,0.0,0.0,0.0,0.0,0.0
2024,Faisalabad,Food & Beverages,Cooked Beef at Average Hotel,0.0,0.0,0.0,0.0,0.0,0.0,0.0,7.810000000000002,8.009999999999991,0.0,0.0
2024,Faisalabad,Food & Beverages,Cooked Daal at Average Hotel,1.6200000000000045,1.6200000000000045,0.0,0.0,0.0,0.0,0.0,0.0,0.0,0.0,0.0
2024,Faisalabad,Food & Beverages,Cooking Oil DALDA or Other Similar,-55.11499999999978,-55.11500000000024,-19.769999999999982,0.0,0.0,0.0,63.809999999999945,-24.110000000000127,-39.69999999999982,102.11000000000013,143.8199999999997
2024,Faisalabad,Food & Beverages,Curd (Dahi) Loose,0.0,0.0,0.0,0.0,0.0,20.0,0.0,0.0,0.0,0.0,0.0
2024,Faisalabad,Food & Beverages,Eggs Hen (Farm),-76.30000000000001,-76.30000000000001,-6.060000000000002,-3.2099999999999795,-9.480000000000018,5.810000000000002,36.44,24.319999999999993,-8.980000000000018,45.629999999999995,-5.089999999999975
2024,Faisalabad,Food & Beverages,Garlic (Lehsun),-10.680000000000064,-10.67999999999995,3.3999999999999773,17.960000000000036,-89.52999999999997,-61.73000000000002,61.15999999999997,-9.899999999999977,77.72000000000003,45.85000000000002,54.8599999999999
2024,Faisalabad,Food & Beverages,Gur (Average Quality),3.2299999999999898,3.230000000000018,0.0,0.0,0.0,0.0,0.0,0.0,-1.3100000000000023,-5.150000000000006,0.0
2024,Faisalabad,Food & Beverages,Milk fresh (Un-boiled),0.0,0.0,0.0,10.780000000000001,2.789999999999992,0.0,0.0,0.0,0.0,0.0,0.0
2024,Faisalabad,Food & Beverages,Mustard Oil (Average Quality),0.0,0.0,0.0,-67.20000000000005,0.0,0.0,0.0,8.530000000000086,8.669999999999959,0.0,3.730000000000018
2024,Faisalabad,Food & Beverages,Mutton (Average Quality),34.50999999999999,34.50999999999999,0.0,137.98999999999978,53.29000000000042,8.7199999999998,0.0,0.0,0.0,0.0,0.0
2024,Faisalabad,Food & Beverages,Onions,4.389999999999986,4.390000000000015,-27.629999999999995,-65.59000000000002,13.960000000000008,-17.67,13.840000000000003,20.789999999999992,7.990000000000009,-8.509999999999991,-6.300000000000011
2024,Faisalabad,Food & Beverages,Potatoes,5.525000000000006,5.524999999999999,6.590000000000003,18.69999999999999,9.210000000000008,3.8599999999999994,-4.329999999999998,21.5,1.269999999999996,7.599999999999994,-11.33999999999999
2024,Faisalabad,Food & Beverages,Powdered Milk NIDO 390 gm Polyba,0.0,0.0,0.0,19.649999999999977,30.350000000000023,76.63,83.37,0.0,0.0,0.0,0.0
2024,Faisalabad,Food & Beverages,Pulse Gram,-3.2700000000000102,-3.269999999999982,-4.950000000000017,0.0,38.87000000000003,27.839999999999975,11.839999999999975,27.930000000000007,46.78000000000003,-7.699999999999989,-25.55000000000001
2024,Faisalabad,Food & Beverages,Pulse Mash (Washed),0.0,0.0,0.0,-3.0,-1.990000000000009,0.0,2.990000000000009,2.0,0.0,-3.32000000000005,0.0
2024,Faisalabad,Food & Beverages,Pulse Masoor (Washed),0.0,0.0,0.0,-8.010000000000048,-5.229999999999961,0.0,1.329999999999984,5.3700000000000045,0.0,-3.3700000000000045,6.670000000000016
2024,Faisalabad,Food & Beverages,Pulse Moong (Washed),-0.8249999999999886,-0.8250000000000455,-3.339999999999975,-6.009999999999991,13.0,14.539999999999964,12.78000000000003,8.149999999999977,13.29000000000002,29.24000000000001,-2.8799999999999955
2024,Faisalabad,Food & Beverages,Rice Basmati Broken (Average Qualit,-0.41500000000002046,-0.41499999999999204,-1.6500000000000057,-13.859999999999985,-7.77000000000001,0.0,1.2800000000000011,5.180000000000007,-1.3100000000000023,-5.150000000000006,0.0
2024,Faisalabad,Food & Beverages,Rice IRRI-6/9 (Sindh/Punjab),0.0,0.0,0.0,0.0,0.0,0.0,0.0,0.0,0.0,0.0,0.0
2024,Faisalabad,Food & Beverages,Salt Powdered (NATIONAL/SHAN) 80,0.0,0.0,0.0,0.0,0.0,0.0,0.0,0.0,0.0,0.0,0.0
2024,Faisalabad,Food & Beverages,Sugar Refined,-1.0449999999999875,-1.045000000000016,-0.5099999999999909,-1.8700000000000045,0.28999999999999204,2.5,1.6800000000000068,-3.3499999999999943,-4.670000000000016,-8.25,7.5
2024,Faisalabad,Food & Beverages,Tea Lipton Yellow Label 190 gm Pack,-67.19000000000005,-67.18999999999994,0.0,0.0,0.0,0.0,0.0,0.0,0.0,0.0,0.0
2024,Faisalabad,Food & Beverages,Tea Prepared Ordinary,0.0,0.0,0.0,0.0,0.0,0.0,0.0,0.0,0.0,0.0,0.0
2024,Faisalabad,Food & Beverages,Tomatoes,-7.405000000000001,-7.404999999999987,-21.39,-42.690000000000005,43.309999999999995,80.85000000000001,-61.53,-15.600000000000009,19.66000000000001,30.75999999999999,3.3499999999999943
2024,Faisalabad,Food & Beverages,Vegetable Ghee DALDA/HABIB 2.5 kg,0.0,0.0,0.0,0.0,0.0,0.0,5.980000000000018,1.5,1.5,48.26999999999998,87.63000000000011
2024,Faisalabad,Food & Beverages,Vegetable Ghee DALDA/HABIB or Ot,-1.545000000000016,-1.545000000000016,0.0,-4.019999999999982,-2.660000000000025,18.33000000000004,13.009999999999991,2.019999999999982,1.9800000000000182,27.879999999999995,17.620000000000005
2024,Faisalabad,Food & Beverages,Wheat Flour Bag,-28.355000000000018,-28.355000000000018,-408.2199999999998,-526.1500000000001,-175.59000000000015,116.82000000000016,-101.49000000000001,-11.930000000000064,69.50999999999999,44.960000000000036,-99.53999999999996
2024,Faisalabad,Household Equipment,Energy Saver Philips 14 Watt,4.400000000000034,4.399999999999977,0.0,0.0,0.0,0.0,0.0,0.0,0.0,0.0,0.0
2024,Faisalabad,Household Equipment,Match Box,0.2599999999999998,0.2599999999999998,0.0,0.0,0.0,0.0,0.0,0.0,0.0,0.0,0.0
2024,Faisalabad,Housing Water & Energy,Electricity Charges upto 50 Units,0.04500000000000082,0.04499999999999993,-0.27000000000000046,-0.2599999999999998,0.4500000000000002,0.14999999999999947,-1.1799999999999997,0.1900000000000004,0.0699999999999994,0.0,0.0
2024,Faisalabad,Housing Water & Energy,Firewood Whole,12.804999999999836,12.805000000000064,0.0,0.0,0.0,0.0,0.0,0.0,0.0,0.0,0.0
2024,Faisalabad,Housing Water & Energy,Gas Charges upto 3.3719 MMBTU,132.75,132.75,0.0,0.0,0.0,0.0,0.0,0.0,0.0,0.0,0.0
2024,Faisalabad,Housing Water & Energy,LPG 11.67 kg Cylinder,-22.105000000000018,-22.105000000000018,-140.82000000000016,-392.6399999999999,32.86000000000013,243.51999999999998,5.859999999999673,-223.42999999999984,268.94000000000005,408.80999999999995,-78.26999999999998
2024,Faisalabad,Miscellaneous,Cigarettes Capstan 20'S Packet,0.0,0.0,0.0,0.0,0.0,0.0,0.0,0.0,0.0,0.0,7.460000000000008
2024,Faisalabad,Personal Care,Sufi Washing Soap 250 gm Cake,0.0,0.0,0.0,0.0,0.0,0.0,0.0,0.0,0.0,0.0,0.0
2024,Faisalabad,Personal Care,Toilet Soap LIFEBUOY 115 gm,0.0,0.0,0.0,0.0,0.0,0.0,0.0,0.0,0.0,0.0,0.0
2024,Faisalabad,Transport & Communication,Hi-Speed Diesel,5.0499999999999545,5.050000000000011,-0.07999999999998408,-9.090000000000032,-8.119999999999948,11.46999999999997,-11.740000000000009,-12.569999999999993,-6.8799999999999955,5.860000000000014,1.8000000000000114
2024,Faisalabad,Transport & Communication,Petrol Super,8.215000000000032,8.214999999999975,11.939999999999998,-12.480000000000018,-16.00999999999999,7.449999999999989,-6.67999999999995,-9.770000000000039,-6.949999999999989,1.289999999999992,3.8100000000000023
2024,Faisalabad,Transport & Communication,Telephone Call Charges,0.0,0.0,0.0,0.0,0.0,0.0,0.0,0.0,0.0,0.0,0.0
2024,Gujranwala,Apparel & Footwear,Gents Sandal Bata,0.0,0.0,200.0,0.0,0.0,0.0,0.0,0.0,0.0,0.0,0.0
2024,Gujranwala,Apparel & Footwear,Gents Sponge Chappal Bata,0.0,0.0,0.0,0.0,0.0,0.0,0.0,0.0,0.0,0.0,0.0
2024,Gujranwala,Apparel & Footwear,Georgette (Average Quality),0.0,0.0,23.610000000000014,26.389999999999986,0.0,0.0,0.0,0.0,0.0,0.0,0.0
2024,Gujranwala,Apparel & Footwear,Ladies Sandal Bata,0.0,0.0,100.0,0.0,0.0,0.0,0.0,0.0,0.0,222.47000000000003,277.53
2024,Gujranwala,Apparel & Footwear,Lawn Printed Gul Ahmed/Al Karam,0.0,0.0,91.39999999999998,106.60000000000002,0.0,0.0,0.0,0.0,0.0,0.0,0.0
2024,Gujranwala,Apparel & Footwear,"Long Cloth 57"" Gul Ahmed/Al Karam",0.0,0.0,46.139999999999986,49.860000000000014,0.0,0.0,0.0,0.0,0.0,0.0,0.0
2024,Gujranwala,Apparel & Footwear,Shirting (Average Quality),0.0,0.0,47.20999999999998,52.79000000000002,0.0,0.0,0.0,0.0,0.0,0.0,0.0
2024,Gujranwala,Food & Beverages,Bananas (Kela) Local,0.0,67.91999999999999,2.630000000000024,-39.79000000000002,25.670000000000016,-15.230000000000018,-21.19999999999999,0.0,-14.389999999999986,-15.610000000000014,0.0
2024,Gujranwala,Food & Beverages,Beef with Bone (Average Quality),0.0,0.0,16.659999999999968,16.99000000000001,0.0,24.019999999999982,75.98000000000002,0.0,0.0,0.0,0.0
2024,Gujranwala,Food & Beverages,Bread plain (Small Size),0.0,-10.0,10.0,0.0,-10.0,0.0,-2.0799999999999983,-0.5100000000000051,2.5900000000000034,0.0,0.0
2024,Gujranwala,Food & Beverages,Chicken Farm Broiler (Live),0.0,-1.759999999999991,37.60000000000002,-140.10000000000002,-8.089999999999975,51.36999999999995,50.460000000000036,-3.8799999999999955,18.74000000000001,-71.39000000000004,-23.299999999999955
2024,Gujranwala,Food & Beverages,Chilies Powder NATIONAL 200 gm Pa,0.0,0.0,0.0,-80.0,0.0,0.0,0.0,0.0,0.0,0.0,0.0
2024,Gujranwala,Food & Beverages,Cooked Beef at Average Hotel,0.0,0.0,12.300000000000011,12.699999999999989,0.0,0.0,0.0,0.0,0.0,0.0,11.949999999999989
2024,Gujranwala,Food & Beverages,Cooked Daal at Average Hotel,0.0,10.0,0.0,0.0,0.0,0.0,0.0,0.0,0.0,0.0,0.0
2024,Gujranwala,Food & Beverages,Cooking Oil DALDA or Other Similar,0.0,-282.0600000000004,-39.69999999999982,63.809999999999945,16.190000000000055,0.0,0.0,-40.30000000000018,-39.69999999999982,104.65999999999985,124.90000000000009
2024,Gujranwala,Food & Beverages,Curd (Dahi) Loose,0.0,0.0,0.0,0.0,0.0,0.0,0.0,0.0,0.0,0.0,0.0
2024,Gujranwala,Food & Beverages,Eggs Hen (Farm),0.0,-152.54000000000002,-17.02000000000001,0.45000000000001705,-8.439999999999998,2.4399999999999977,39.629999999999995,10.569999999999993,3.8999999999999773,45.879999999999995,-14.109999999999957
2024,Gujranwala,Food & Beverages,Garlic (Lehsun),0.0,16.529999999999973,54.34000000000003,-84.47000000000003,-159.61,36.94,22.639999999999986,77.46999999999997,70.21000000000004,92.74000000000001,65.74000000000001
2024,Gujranwala,Food & Beverages,Gur (Average Quality),0.0,15.199999999999989,0.0,0.0,0.0,0.0,0.0,0.0,-20.0,0.0,0.0
2024,Gujranwala,Food & Beverages,Milk fresh (Un-boiled),0.0,0.0,0.0,0.0,0.0,0.0,0.0,0.0,0.0,0.0,0.0
2024,Gujranwala,Food & Beverages,Mustard Oil (Average Quality),0.0,22.30000000000001,7.699999999999989,0.0,0.0,0.0,0.0,0.0,17.769999999999982,68.00999999999999,4.220000000000027
2024,Gujranwala,Food & Beverages,Mutton (Average Quality),0.0,200.0,0.0,0.0,0.0,8.150000000000091,24.639999999999873,0.0,0.0,33.32999999999993,33.88000000000011
2024,Gujranwala,Food & Beverages,Onions,0.0,11.370000000000005,-31.430000000000007,-78.74,6.209999999999994,-14.919999999999987,28.039999999999992,17.210000000000008,-1.6299999999999955,-5.010000000000019,-1.6399999999999864
2024,Gujranwala,Food & Beverages,Potatoes,0.0,11.86,4.739999999999995,22.290000000000006,4.480000000000004,-3.0900000000000034,7.569999999999993,1.4100000000000108,7.959999999999994,19.02000000000001,-15.960000000000008
2024,Gujranwala,Food & Beverages,Powdered Milk NIDO 390 gm Polyba,0.0,0.0,0.0,50.0,0.0,160.0,0.0,0.0,0.0,0.0,0.0
2024,Gujranwala,Food & Beverages,Pulse Gram,0.0,0.0,0.0,6.509999999999991,58.110000000000014,27.69999999999999,30.639999999999986,32.80000000000001,11.410000000000025,-34.81999999999999,-17.57000000000005
2024,Gujranwala,Food & Beverages,Pulse Mash (Washed),0.0,-4.92999999999995,14.75,27.24000000000001,18.00999999999999,0.0,-18.08000000000004,-42.110000000000014,-43.87999999999994,-1.009999999999991,1.6999999999999886
2024,Gujranwala,Food & Beverages,Pulse Masoor (Washed),0.0,-12.470000000000027,0.0,0.0,-5.0400000000000205,-4.9599999999999795,-14.110000000000014,-5.889999999999986,0.0,0.0,0.0
2024,Gujranwala,Food & Beverages,Pulse Moong (Washed),0.0,15.129999999999995,0.0,0.0,9.839999999999975,22.410000000000025,9.670000000000016,-29.44999999999999,39.589999999999975,27.939999999999998,8.230000000000018
2024,Gujranwala,Food & Beverages,Rice Basmati Broken (Average Qualit,0.0,2.0,0.0,-1.5999999999999943,-24.110000000000014,6.930000000000007,0.0,0.0,0.0,0.0,0.0
2024,Gujranwala,Food & Beverages,Salt Powdered (NATIONAL/SHAN) 80,0.0,0.0,0.0,0.0,0.0,0.0,0.0,0.0,0.0,0.0,0.0
2024,Gujranwala,Food & Beverages,Sugar Refined,0.0,-1.2299999999999898,-1.509999999999991,1.509999999999991,0.0,2.4799999999999898,-2.509999999999991,-2.7299999999999898,-6.050000000000011,-2.460000000000008,2.5
2024,Gujranwala,Food & Beverages,Tea Lipton Yellow Label 190 gm Pack,0.0,0.0,0.0,0.0,0.0,0.0,0.0,0.0,0.0,0.0,0.0
2024,Gujranwala,Food & Beverages,Tea Prepared Ordinary,0.0,0.0,0.0,0.0,0.0,0.0,0.0,0.0,0.0,0.0,0.0
2024,Gujranwala,Food & Beverages,Tomatoes,0.0,-15.589999999999975,-14.070000000000007,-38.96000000000001,35.69,71.44000000000001,-27.5,-29.420000000000016,8.480000000000018,34.29999999999998,17.870000000000005
2024,Gujranwala,Food & Beverages,Vegetable Ghee DALDA/HABIB 2.5 kg,0.0,-28.769999999999982,-4.130000000000109,25.0,0.0,0.0,0.0,7.480000000000018,7.519999999999982,18.3599999999999,111.20000000000005
2024,Gujranwala,Food & Beverages,Wheat Flour Bag,0.0,-60.929999999999836,-409.2600000000002,-520.6799999999998,-125.20000000000005,233.01999999999998,-143.87999999999988,-118.96000000000004,138.8499999999999,-43.75,0.0
2024,Gujranwala,Household Equipment,Energy Saver Philips 14 Watt,0.0,0.0,0.0,0.0,0.0,0.0,0.0,0.0,0.0,0.0,0.0
2024,Gujranwala,Household Equipment,Match Box,0.0,1.0,0.0,0.0,0.0,0.0,0.0,0.0,1.0,0.0,0.0
2024,Gujranwala,Housing Water & Energy,Electricity Charges upto 50 Units,0.0,0.09000000000000075,-0.27000000000000046,-0.2599999999999998,0.4500000000000002,0.14999999999999947,-1.1799999999999997,0.1900000000000004,0.0699999999999994,0.0,0.0
2024,Gujranwala,Housing Water & Energy,Firewood Whole,0.0,100.0,0.0,0.0,0.0,0.0,0.0,0.0,0.0,0.0,0.0
2024,Gujranwala,Housing Water & Energy,Gas Charges upto 3.3719 MMBTU,0.0,265.5,0.0,0.0,0.0,0.0,0.0,0.0,0.0,0.0,0.0
2024,Gujranwala,Housing Water & Energy,LPG 11.67 kg Cylinder,0.0,18.230000000000018,-176.21000000000004,-446.28999999999996,-23.670000000000073,269.4200000000001,22.86999999999989,-22.86999999999989,91.84000000000015,440.9499999999998,88.80999999999995
2024,Gujranwala,Miscellaneous,Cigarettes Capstan 20'S Packet,0.0,0.0,0.0,0.0,0.0,10.0,0.0,0.0,0.0,0.0,0.0
2024,Gujranwala,Personal Care,Sufi Washing Soap 250 gm Cake,0.0,0.0,0.0,0.0,0.0,0.0,0.0,0.0,0.0,0.0,0.0
2024,Gujranwala,Personal Care,Toilet Soap LIFEBUOY 115 gm,0.0,2.480000000000004,0.0,0.0,0.0,0.0,0.0,0.0,0.0,0.0,0.0
2024,Gujranwala,Transport & Communication,Hi-Speed Diesel,0.0,10.199999999999989,-0.18000000000000682,-9.03000000000003,-8.189999999999998,11.580000000000041,-11.78000000000003,-12.629999999999995,-6.8799999999999955,5.910000000000025,1.75
2024,Gujranwala,Transport & Communication,Petrol Super,0.0,16.430000000000007,11.939999999999998,-12.480000000000018,-16.00999999999999,7.5,-6.220000000000027,-10.279999999999973,-7.050000000000011,1.3000000000000114,3.6999999999999886
2024,Gujranwala,Transport & Communication,Telephone Call Charges,0.0,0.0,0.0,0.0,0.0,0.0,0.0,0.0,0.0,0.0,0.0
2024,Hyderabad,Apparel & Footwear,Gents Sandal Bata,0.0,0.0,200.0,0.0,0.0,0.0,0.0,0.0,0.0,0.0,0.0
2024,Hyderabad,Apparel & Footwear,Gents Sponge Chappal Bata,0.0,0.0,0.0,0.0,0.0,0.0,0.0,0.0,0.0,0.0,0.0
2024,Hyderabad,Apparel & Footwear,Georgette (Average Quality),12.890000000000015,12.889999999999986,0.8000000000000114,0.0,6.649999999999977,6.800000000000011,7.9599999999999795,5.420000000000016,0.0,0.0,3.3000000000000114
2024,Hyderabad,Apparel & Footwear,Ladies Sandal Bata,0.0,0.0,100.0,0.0,0.0,0.0,0.0,0.0,0.0,222.47000000000003,277.53
2024,Hyderabad,Apparel & Footwear,Lawn Printed Gul Ahmed/Al Karam,0.0,0.0,0.0,0.0,0.0,0.0,0.0,0.0,0.0,0.0,0.0
2024,Hyderabad,Apparel & Footwear,"Long Cloth 57"" Gul Ahmed/Al Karam",0.0,0.0,0.0,0.0,0.0,0.0,0.0,0.0,0.0,0.0,4.159999999999968
2024,Hyderabad,Apparel & Footwear,Shirting (Average Quality),5.600000000000023,5.600000000000023,5.519999999999982,10.519999999999982,13.850000000000023,14.409999999999968,15.550000000000011,0.0,0.0,0.0,0.0
2024,Hyderabad,Food & Beverages,Bananas (Kela) Local,35.239999999999995,35.239999999999995,-2.0600000000000023,-29.309999999999988,7.589999999999989,-1.6799999999999784,-20.310000000000016,-7.349999999999994,-15.560000000000002,2.269999999999996,-0.8699999999999903
2024,Hyderabad,Food & Beverages,Beef with Bone (Average Quality),26.050000000000068,26.049999999999955,2.0699999999999363,36.889999999999986,47.29000000000008,63.68999999999994,41.17000000000007,46.18999999999994,30.90000000000009,10.949999999999818,0.0
2024,Hyderabad,Food & Beverages,Bread plain (Small Size),0.0,0.0,0.0,0.0,0.0,0.0,0.0,0.0,0.0,0.0,0.0
2024,Hyderabad,Food & Beverages,Chicken Farm Broiler (Live),-14.639999999999986,-14.640000000000043,66.26000000000005,-104.14000000000004,-30.569999999999993,12.509999999999991,114.42000000000002,-18.0,-9.71999999999997,-60.28000000000003,-15.329999999999984
2024,Hyderabad,Food & Beverages,Chilies Powder NATIONAL 200 gm Pa,0.0,0.0,0.0,-50.120000000000005,-29.879999999999995,0.0,0.0,0.0,0.0,0.0,0.0
2024,Hyderabad,Food & Beverages,Cooked Beef at Average Hotel,0.8100000000000023,0.8100000000000023,0.0,0.0,9.050000000000011,9.329999999999984,0.0,0.0,0.0,0.0,0.0
2024,Hyderabad,Food & Beverages,Cooked Daal at Average Hotel,0.21999999999999886,0.21999999999999886,0.0,0.0,0.0,0.799999999999983,0.8100000000000023,0.0,4.010000000000019,2.7299999999999898,0.0
2024,Hyderabad,Food & Beverages,Cooking Oil DALDA or Other Similar,-47.31999999999971,-47.320000000000164,-40.30000000000018,-39.69999999999982,25.019999999999982,60.34999999999991,-5.369999999999891,0.0,0.0,0.0,126.51999999999998
2024,Hyderabad,Food & Beverages,Curd (Dahi) Loose,0.0,0.0,0.0,0.0,0.0,0.0,23.569999999999993,12.220000000000027,2.5299999999999727,0.0,0.0
2024,Hyderabad,Food & Beverages,Eggs Hen (Farm),-71.59499999999997,-71.59500000000003,-17.97999999999999,-8.259999999999991,-6.72999999999999,8.159999999999997,46.22999999999999,20.420000000000016,-12.160000000000025,44.22000000000003,7.6299999999999955
2024,Hyderabad,Food & Beverages,Garlic (Lehsun),40.414999999999964,40.41500000000008,-111.10000000000002,-26.649999999999977,-22.129999999999995,26.589999999999975,38.43000000000001,86.21000000000004,14.809999999999945,71.01999999999998,51.07000000000005
2024,Hyderabad,Food & Beverages,Gur (Average Quality),1.5049999999999955,1.5049999999999955,-0.8799999999999955,0.0,0.0,4.560000000000002,6.319999999999993,0.0,0.0,-2.0999999999999943,-8.870000000000005
2024,Hyderabad,Food & Beverages,Milk fresh (Un-boiled),0.0,0.0,0.0,0.0,0.0,3.6500000000000057,13.840000000000003,0.8299999999999841,0.0,0.0,0.0
2024,Hyderabad,Food & Beverages,Mustard Oil (Average Quality),2.0500000000000114,2.0500000000000114,3.3100000000000023,-6.100000000000023,-2.9399999999999977,1.6299999999999955,7.910000000000025,9.95999999999998,47.52999999999997,51.17000000000007,27.59999999999991
2024,Hyderabad,Food & Beverages,Mutton (Average Quality),35.65000000000009,35.649999999999864,0.0,29.74000000000001,3.3600000000001273,31.569999999999936,58.440000000000055,31.439999999999827,12.920000000000073,1.7000000000000455,0.0
2024,Hyderabad,Food & Beverages,Onions,16.935000000000002,16.935000000000002,-12.780000000000001,-85.13999999999999,15.090000000000003,-17.430000000000007,11.340000000000003,15.5,10.840000000000003,-4.0800000000000125,-14.539999999999992
2024,Hyderabad,Food & Beverages,Potatoes,4.6200000000000045,4.619999999999997,1.230000000000004,8.619999999999997,5.25,3.519999999999996,0.9500000000000028,1.0700000000000074,-0.18000000000000682,1.3799999999999955,26.510000000000005
2024,Hyderabad,Food & Beverages,Powdered Milk NIDO 390 gm Polyba,0.0,0.0,12.600000000000023,19.220000000000027,4.0,74.02999999999997,89.4799999999999,13.769999999999982,4.3900000000001,0.0,0.0
2024,Hyderabad,Food & Beverages,Pulse Gram,0.22499999999999432,0.22499999999999432,-0.19999999999998863,5.299999999999983,42.02000000000001,45.60000000000002,9.419999999999959,46.900000000000034,9.729999999999961,3.090000000000032,-26.25999999999999
2024,Hyderabad,Food & Beverages,Pulse Mash (Washed),-23.72999999999996,-23.730000000000018,12.170000000000016,36.10000000000002,16.49000000000001,6.689999999999941,-2.689999999999941,-19.629999999999995,-52.42000000000007,13.920000000000016,-7.519999999999982
2024,Hyderabad,Food & Beverages,Pulse Masoor (Washed),-1.384999999999991,-1.384999999999991,-17.519999999999982,-12.510000000000048,-0.38999999999998636,23.980000000000018,-9.189999999999998,0.07999999999998408,-1.0199999999999818,-0.6700000000000159,1.6899999999999977
2024,Hyderabad,Food & Beverages,Pulse Moong (Washed),1.634999999999991,1.6350000000000477,-6.310000000000002,-3.650000000000034,4.850000000000023,21.159999999999968,5.439999999999998,2.400000000000034,27.149999999999977,41.379999999999995,-23.029999999999973
2024,Hyderabad,Food & Beverages,Rice Basmati Broken (Average Qualit,1.670000000000016,1.6699999999999875,0.0,-27.379999999999995,-29.840000000000003,12.980000000000018,15.189999999999998,5.72999999999999,0.8499999999999943,0.0,0.0
2024,Hyderabad,Food & Beverages,Rice IRRI-6/9 (Sindh/Punjab),2.335000000000008,2.3349999999999795,0.0,-13.019999999999982,-21.640000000000015,9.610000000000014,7.530000000000001,0.8299999999999841,0.0,0.0,0.0
2024,Hyderabad,Food & Beverages,Salt Powdered (NATIONAL/SHAN) 80,0.0,0.0,0.0,0.0,0.0,0.0,0.0,0.0,0.0,0.0,0.0
2024,Hyderabad,Food & Beverages,Sugar Refined,0.28999999999999204,0.29000000000002046,-0.17000000000001592,0.17000000000001592,0.0,2.0999999999999943,-2.180000000000007,-0.5500000000000114,-9.819999999999993,-1.5999999999999943,1.509999999999991
2024,Hyderabad,Food & Beverages,Tea Lipton Yellow Label 190 gm Pack,0.0,0.0,0.0,0.0,0.0,0.0,0.0,0.0,0.0,0.0,0.0
2024,Hyderabad,Food & Beverages,Tea Prepared Ordinary,0.0,0.0,0.0,0.0,0.0,0.0,0.0,0.0,0.0,0.0,0.0
2024,Hyderabad,Food & Beverages,Tomatoes,-5.3799999999999955,-5.3799999999999955,-16.86,-12.760000000000005,47.96000000000001,81.6,-59.129999999999995,-5.349999999999994,18.53,10.359999999999985,-6.310000000000002
2024,Hyderabad,Food & Beverages,Vegetable Ghee DALDA/HABIB 2.5 kg,0.0,0.0,-12.559999999999945,-12.440000000000055,6.2000000000000455,18.799999999999955,0.0,0.0,16.99000000000001,8.009999999999991,96.34999999999991
2024,Hyderabad,Food & Beverages,Vegetable Ghee DALDA/HABIB or Ot,-1.259999999999991,-1.259999999999991,-7.480000000000018,0.0,2.480000000000018,7.519999999999982,0.0,6.0,4.710000000000036,19.289999999999964,16.850000000000023
2024,Hyderabad,Food & Beverages,Wheat Flour Bag,-63.57500000000027,-63.57499999999982,-310.8699999999999,-339.1500000000001,-142.69000000000005,32.38000000000011,-7.150000000000091,-60.25,27.340000000000146,13.259999999999991,-13.610000000000127
2024,Hyderabad,Household Equipment,Energy Saver Philips 14 Watt,0.0,0.0,0.0,0.0,0.0,0.0,0.0,0.0,0.0,0.0,0.0
2024,Hyderabad,Household Equipment,Match Box,0.1200000000000001,0.11999999999999922,0.0,0.0,0.0,0.0,0.0,0.0,0.0,0.0,0.0
2024,Hyderabad,Housing Water & Energy,Electricity Charges upto 50 Units,0.04500000000000082,0.04499999999999993,-0.27000000000000046,-0.2599999999999998,0.4500000000000002,0.14999999999999947,-1.1799999999999997,0.1900000000000004,0.0699999999999994,0.0,0.0
2024,Hyderabad,Housing Water & Energy,Firewood Whole,0.0,0.0,0.0,0.0,0.0,16.00999999999999,16.269999999999982,0.0,0.0,0.0,0.0
2024,Hyderabad,Housing Water & Energy,Gas Charges upto 3.3719 MMBTU,132.75,132.75,0.0,0.0,0.0,0.0,0.0,0.0,0.0,0.0,0.0
2024,Hyderabad,Housing Water & Energy,LPG 11.67 kg Cylinder,79.92000000000007,79.91999999999962,-185.25999999999976,-573.9000000000001,-281.02,0.0,0.0,770.7600000000002,151.03999999999996,-38.83000000000038,60.49000000000024
2024,Hyderabad,Miscellaneous,Cigarettes Capstan 20'S Packet,0.0,0.0,0.0,0.0,21.150000000000006,2.1399999999999864,-2.9599999999999795,-0.3300000000000125,7.460000000000008,2.539999999999992,0.0
2024,Hyderabad,Personal Care,Sufi Washing Soap 250 gm Cake,0.0,0.0,0.0,0.0,0.0,0.0,0.0,0.0,0.0,0.0,0.0
2024,Hyderabad,Personal Care,Toilet Soap LIFEBUOY 115 gm,0.0,0.0,0.0,0.0,0.0,0.0,0.0,0.0,0.0,-6.030000000000001,-5.710000000000008
2024,Hyderabad,Transport & Communication,Hi-Speed Diesel,5.149999999999977,5.150000000000034,-0.12000000000000455,-9.180000000000007,-8.20999999999998,11.769999999999982,-11.79000000000002,-13.479999999999961,-5.910000000000025,5.720000000000027,1.7799999999999727
2024,Hyderabad,Transport & Communication,Petrol Super,8.20999999999998,8.210000000000036,11.920000000000016,-12.5,-15.990000000000009,7.609999999999957,-6.17999999999995,-11.080000000000013,-5.969999999999999,1.039999999999992,3.6999999999999886
2024,Hyderabad,Transport & Communication,Telephone Call Charges,0.0,0.0,0.0,0.0,0.0,0.0,0.0,0.0,0.0,0.0,0.0
2024,Islamabad,Apparel & Footwear,Gents Sandal Bata,0.0,0.0,200.0,0.0,0.0,0.0,0.0,0.0,0.0,0.0,0.0
2024,Islamabad,Apparel & Footwear,Gents Sponge Chappal Bata,0.0,0.0,0.0,0.0,0.0,0.0,0.0,0.0,0.0,0.0,0.0
2024,Islamabad,Apparel & Footwear,Georgette (Average Quality),0.0,20.930000000000007,7.2900000000000205,0.0,0.0,0.0,0.0,0.0,0.0,20.66999999999996,7.170000000000016
2024,Islamabad,Apparel & Footwear,Ladies Sandal Bata,0.0,0.0,100.0,0.0,0.0,0.0,0.0,0.0,0.0,222.47000000000003,277.53
2024,Islamabad,Apparel & Footwear,Lawn Printed Gul Ahmed/Al Karam,0.0,23.400000000000034,8.050000000000011,0.0,0.0,16.889999999999986,5.75,0.0,0.0,0.0,0.0
2024,Islamabad,Apparel & Footwear,"Long Cloth 57"" Gul Ahmed/Al Karam",0.0,39.06000000000006,11.889999999999986,0.0,0.0,37.139999999999986,12.870000000000005,0.0,0.0,0.0,0.0
2024,Islamabad,Apparel & Footwear,Shirting (Average Quality),0.0,75.5,17.600000000000023,0.0,0.0,0.0,0.0,0.0,0.0,0.0,0.0
2024,Islamabad,Food & Beverages,Bananas (Kela) Local,0.0,91.06,-16.00999999999999,-41.370000000000005,19.120000000000005,-3.25,-35.27000000000001,-25.289999999999992,-5.099999999999994,-9.170000000000016,10.52000000000001
2024,Islamabad,Food & Beverages,Beef with Bone (Average Quality),0.0,63.77999999999997,17.429999999999836,67.23000000000002,14.600000000000136,0.0,0.0,0.0,0.0,0.0,0.0
2024,Islamabad,Food & Beverages,Bread plain (Small Size),0.0,0.0,0.0,0.0,-10.0,0.0,0.0,0.0,0.0,0.0,0.0
2024,Islamabad,Food & Beverages,Chicken Farm Broiler (Live),0.0,4.7900000000000205,36.25999999999999,-122.97000000000003,0.5100000000000477,49.56,37.76999999999998,3.509999999999991,-4.529999999999973,-76.68,-19.58000000000004
2024,Islamabad,Food & Beverages,Chilies Powder NATIONAL 200 gm Pa,0.0,0.0,-21.69999999999999,-58.30000000000001,0.0,0.0,0.0,0.0,0.0,0.0,0.0
2024,Islamabad,Food & Beverages,Cooked Beef at Average Hotel,0.0,9.129999999999995,0.0,0.0,0.0,0.0,0.0,0.0,0.0,26.470000000000027,9.319999999999993
2024,Islamabad,Food & Beverages,Cooked Daal at Average Hotel,0.0,18.900000000000006,0.0,0.0,3.9099999999999966,12.129999999999995,0.0,0.0,0.0,0.0,0.0
2024,Islamabad,Food & Beverages,Curd (Dahi) Loose,0.0,0.0,0.0,0.0,0.0,5.099999999999994,1.7199999999999989,0.0,0.0,0.0,0.0
2024,Islamabad,Food & Beverages,Eggs Hen (Farm),0.0,-146.13,-8.710000000000036,-5.560000000000002,-2.669999999999959,9.419999999999959,25.060000000000002,25.480000000000018,-2.6100000000000136,34.06999999999999,-5.979999999999961
2024,Islamabad,Food & Beverages,Garlic (Lehsun),0.0,-49.819999999999936,-4.5,-77.0200000000001,-101.99999999999994,59.589999999999975,19.100000000000023,43.02999999999997,37.07000000000005,36.64999999999998,38.40999999999997
2024,Islamabad,Food & Beverages,Gur (Average Quality),0.0,12.560000000000002,0.0,0.0,0.0,0.0,0.0,0.0,0.0,0.0,6.170000000000016
2024,Islamabad,Food & Beverages,Milk fresh (Un-boiled),0.0,0.0,0.0,0.0,0.0,6.939999999999998,2.359999999999985,0.0,0.0,1.200000000000017,1.1999999999999886
2024,Islamabad,Food & Beverages,Mustard Oil (Average Quality),0.0,0.0,0.0,0.0,0.0,0.0,0.0,-2.909999999999968,-16.230000000000018,-4.990000000000009,0.0
2024,Islamabad,Food & Beverages,Mutton (Average Quality),0.0,77.36000000000013,17.65000000000009,58.690000000000055,13.429999999999836,0.0,0.0,0.0,0.0,0.0,0.0
2024,Islamabad,Food & Beverages,Onions,0.0,39.81000000000003,-48.74000000000004,-108.57999999999998,18.269999999999982,-1.009999999999991,25.879999999999995,8.79000000000002,3.309999999999974,-7.849999999999994,-0.4299999999999784
2024,Islamabad,Food & Beverages,Potatoes,0.0,1.1400000000000006,5.709999999999994,18.55000000000001,6.409999999999997,0.0,5.3799999999999955,5.599999999999994,4.5,12.150000000000006,-10.449999999999989
2024,Islamabad,Food & Beverages,Powdered Milk NIDO 390 gm Polyba,0.0,0.0,10.299999999999955,24.730000000000018,0.0,144.89,15.110000000000014,0.0,0.0,25.720000000000027,0.0
2024,Islamabad,Food & Beverages,Pulse Gram,0.0,10.950000000000045,0.0,0.0,35.40999999999997,34.410000000000025,21.779999999999973,45.420000000000016,26.96999999999997,-10.70999999999998,-19.680000000000007
2024,Islamabad,Food & Beverages,Pulse Mash (Washed),0.0,9.539999999999964,0.0,0.0,8.800000000000068,20.519999999999982,10.850000000000023,-17.700000000000045,-7.669999999999959,-21.790000000000077,-47.14999999999998
2024,Islamabad,Food & Beverages,Pulse Masoor (Washed),0.0,9.230000000000018,0.0,0.0,0.0,0.0,0.0,-11.009999999999991,-5.860000000000014,-7.089999999999975,-11.189999999999998
2024,Islamabad,Food & Beverages,Pulse Moong (Washed),0.0,11.909999999999968,0.0,-2.3700000000000045,4.560000000000002,31.79000000000002,3.5299999999999727,-3.2999999999999545,14.129999999999995,18.67999999999995,16.590000000000032
2024,Islamabad,Food & Beverages,Rice Basmati Broken (Average Qualit,0.0,0.0,0.0,-2.3799999999999955,-7.8799999999999955,-1.009999999999991,9.579999999999984,0.0,0.0,0.0,0.0
2024,Islamabad,Food & Beverages,Rice IRRI-6/9 (Sindh/Punjab),0.0,2.75,0.0,0.0,0.0,0.0,0.0,0.0,0.0,0.0,0.0
2024,Islamabad,Food & Beverages,Sugar Refined,0.0,-4.27000000000001,-2.3700000000000045,0.0,0.0,2.490000000000009,1.2299999999999898,-4.769999999999982,-8.29000000000002,-2.0299999999999727,3.009999999999991
2024,Islamabad,Food & Beverages,Tea Lipton Yellow Label 190 gm Pack,0.0,0.0,0.0,0.0,0.0,0.0,0.0,0.0,0.0,0.0,0.0
2024,Islamabad,Food & Beverages,Tea Prepared Ordinary,0.0,2.8700000000000045,0.0,0.0,0.0,0.0,0.0,0.0,0.0,0.0,0.0
2024,Islamabad,Food & Beverages,Tomatoes,0.0,-28.640000000000015,-16.960000000000008,-37.209999999999994,33.82000000000001,62.78,-34.47999999999999,-26.51000000000002,28.080000000000013,36.53,28.769999999999982
2024,Islamabad,Food & Beverages,Vegetable Ghee DALDA/HABIB 2.5 kg,0.0,-12.440000000000055,0.0,25.0,0.0,0.0,8.980000000000018,6.019999999999982,13.86999999999989,54.840000000000146,79.95000000000005
2024,Islamabad,Food & Beverages,Wheat Flour Bag,0.0,-54.73000000000002,-357.19000000000005,-517.6399999999999,-140.4000000000001,274.3600000000001,-188.8900000000001,-94.25,118.12999999999988,-6.129999999999882,-16.710000000000036
2024,Islamabad,Household Equipment,Energy Saver Philips 14 Watt,0.0,5.149999999999977,0.0,0.0,0.0,0.0,0.0,0.0,0.0,0.0,0.0
2024,Islamabad,Household Equipment,Match Box,0.0,0.0,0.0,0.0,0.0,0.0,0.0,0.0,0.0,0.0,0.0
2024,Islamabad,Housing Water & Energy,Electricity Charges upto 50 Units,0.0,0.09000000000000075,-0.27000000000000046,-0.2599999999999998,0.4500000000000002,0.14999999999999947,-1.1799999999999997,0.1900000000000004,0.0699999999999994,0.0,0.0
2024,Islamabad,Housing Water & Energy,Firewood Whole,0.0,0.0,0.0,0.0,0.0,0.0,0.0,0.0,30.200000000000045,125.84999999999991,25.799999999999955
2024,Islamabad,Housing Water & Energy,Gas Charges upto 3.3719 MMBTU,0.0,265.5,0.0,0.0,0.0,0.0,0.0,0.0,0.0,0.0,0.0
2024,Islamabad,Housing Water & Energy,LPG 11.67 kg Cylinder,0.0,-44.440000000000055,-58.57999999999993,-424.5999999999999,-31.490000000000236,247.76000000000022,164.65999999999985,-15.0,70.36000000000013,136.51999999999998,68.92999999999984
2024,Islamabad,Miscellaneous,Cigarettes Capstan 20'S Packet,0.0,0.0,0.0,0.0,9.580000000000013,13.569999999999993,0.0,0.0,0.0,0.0,0.0
2024,Islamabad,Personal Care,Sufi Washing Soap 250 gm Cake,0.0,0.0,0.0,0.0,0.0,0.0,0.0,0.0,0.0,0.0,5.810000000000002
2024,Islamabad,Personal Care,Toilet Soap LIFEBUOY 115 gm,0.0,0.0,0.0,0.0,0.0,0.0,0.0,-6.039999999999992,-6.820000000000007,-4.269999999999996,0.0
2024,Islamabad,Transport & Communication,Hi-Speed Diesel,0.0,10.21999999999997,-0.15999999999996817,-9.090000000000032,-8.149999999999977,11.589999999999975,-11.779999999999973,-12.620000000000005,-6.8700000000000045,5.860000000000014,1.7699999999999818
2024,Islamabad,Transport & Communication,Petrol Super,0.0,16.44999999999999,11.900000000000034,-12.5,-15.960000000000036,7.470000000000027,-6.240000000000009,-10.280000000000001,-7.049999999999983,1.3499999999999943,3.7299999999999898
2024,Karachi,Apparel & Footwear,Gents Sandal Bata,0.0,0.0,200.0,0.0,0.0,0.0,0.0,0.0,0.0,0.0,0.0
2024,Karachi,Apparel & Footwear,Gents Sponge Chappal Bata,0.0,0.0,0.0,0.0,0.0,0.0,0.0,0.0,0.0,0.0,0.0
2024,Karachi,Apparel & Footwear,Georgette (Average Quality),0.0,0.0,0.0,0.0,0.0,0.0,0.0,15.699999999999989,16.24000000000001,0.0,0.0
2024,Karachi,Apparel & Footwear,Ladies Sandal Bata,0.0,0.0,100.0,0.0,0.0,0.0,0.0,0.0,0.0,222.47000000000003,277.53
2024,Karachi,Apparel & Footwear,Lawn Printed Gul Ahmed/Al Karam,0.0,0.0,33.629999999999995,17.850000000000023,0.0,27.889999999999986,29.16999999999996,0.0,0.0,0.0,0.0
2024,Karachi,Apparel & Footwear,"Long Cloth 57"" Gul Ahmed/Al Karam",0.0,0.0,100.06000000000006,0.0,0.0,0.0,0.0,0.0,0.0,0.0,0.0
2024,Karachi,Apparel & Footwear,Shirting (Average Quality),2.0500000000000114,2.0500000000000114,16.610000000000014,11.699999999999989,0.0,27.569999999999993,45.079999999999984,65.01000000000005,37.889999999999986,6.3700000000000045,3.6399999999999864
2024,Karachi,Food & Beverages,Bananas (Kela) Local,29.965000000000003,29.965000000000003,-22.599999999999994,-25.780000000000015,18.429999999999993,-5.119999999999976,-8.860000000000014,-12.929999999999993,-7.220000000000013,5.140000000000001,3.8599999999999994
2024,Karachi,Food & Beverages,Beef with Bone (Average Quality),47.78499999999997,47.78499999999997,68.35000000000014,45.569999999999936,8.269999999999982,8.6099999999999,17.970000000000027,7.920000000000073,8.789999999999964,8.599999999999909,10.590000000000146
2024,Karachi,Food & Beverages,Bread plain (Small Size),0.0,0.0,0.0,0.0,-1.5699999999999932,-4.220000000000013,-1.3299999999999983,-2.009999999999991,-0.5799999999999983,0.0,-0.15000000000000568
2024,Karachi,Food & Beverages,Chicken Farm Broiler (Live),-12.050000000000011,-12.049999999999955,72.26999999999998,-114.44,-32.650000000000034,6.980000000000018,120.88999999999999,-9.799999999999955,-9.590000000000032,-63.129999999999995,-21.75999999999999
2024,Karachi,Food & Beverages,Chilies Powder NATIONAL 200 gm Pa,0.0,0.0,-42.23000000000002,-37.76999999999998,0.0,0.0,0.0,0.0,0.0,0.0,0.0
2024,Karachi,Food & Beverages,Cooked Beef at Average Hotel,1.7549999999999955,1.7549999999999955,1.0200000000000387,17.329999999999984,11.829999999999984,0.0,0.0,0.0,0.9800000000000182,1.3799999999999955,0.2400000000000091
2024,Karachi,Food & Beverages,Cooked Daal at Average Hotel,0.6799999999999784,0.6800000000000068,0.3100000000000023,10.22999999999999,7.3700000000000045,1.759999999999991,1.2700000000000102,0.0,0.18999999999999773,0.12999999999999545,3.170000000000016
2024,Karachi,Food & Beverages,Cooking Oil DALDA or Other Similar,-52.4050000000002,-52.404999999999745,-25.190000000000055,63.809999999999945,16.190000000000055,0.0,0.0,-45.75,-9.309999999999945,100.61999999999989,124.44000000000005
2024,Karachi,Food & Beverages,Curd (Dahi) Loose,0.0,0.0,0.0,2.25,9.659999999999968,10.300000000000011,2.1299999999999955,1.8500000000000227,0.0,0.0,0.0
2024,Karachi,Food & Beverages,Eggs Hen (Farm),-64.755,-64.755,-0.3900000000000432,-13.819999999999993,-4.789999999999992,9.56000000000003,27.939999999999998,22.319999999999993,2.109999999999957,30.79000000000002,3.4700000000000273
2024,Karachi,Food & Beverages,Garlic (Lehsun),14.720000000000027,14.719999999999914,-32.819999999999936,-11.920000000000073,-4.2299999999999045,1.6499999999999773,14.25,13.909999999999968,31.289999999999964,109.90000000000009,66.67999999999995
2024,Karachi,Food & Beverages,Gur (Average Quality),1.8149999999999977,1.8149999999999977,-0.1699999999999875,2.009999999999991,3.6699999999999875,0.3200000000000216,0.9099999999999966,2.4599999999999795,2.4099999999999966,3.9700000000000273,5.299999999999983
2024,Karachi,Food & Beverages,Milk fresh (Un-boiled),0.0,0.0,0.0,0.0,9.759999999999991,10.240000000000009,0.0,0.0,0.0,0.0,0.0
2024,Karachi,Food & Beverages,Mustard Oil (Average Quality),1.7749999999999773,1.7749999999999773,8.670000000000016,-1.8999999999999773,-5.180000000000007,0.3299999999999841,3.6899999999999977,2.840000000000032,9.239999999999952,50.37000000000006,17.549999999999955
2024,Karachi,Food & Beverages,Mutton (Average Quality),32.04500000000007,32.04500000000007,40.039999999999964,53.47000000000003,15.829999999999927,22.420000000000073,21.37999999999988,17.320000000000164,17.960000000000036,25.419999999999618,4.580000000000382
2024,Karachi,Food & Beverages,Onions,12.094999999999999,12.094999999999999,-4.539999999999992,-101.94000000000001,10.060000000000016,-17.37000000000002,15.450000000000003,15.640000000000015,10.079999999999984,0.9000000000000057,-11.050000000000011
2024,Karachi,Food & Beverages,Potatoes,3.259999999999991,3.260000000000012,0.519999999999996,9.86,9.780000000000001,6.329999999999998,-2.039999999999992,-1.8900000000000006,-1.4399999999999977,6.189999999999998,20.909999999999997
2024,Karachi,Food & Beverages,Powdered Milk NIDO 390 gm Polyba,0.0,0.0,5.909999999999968,14.279999999999973,1.9500000000000455,181.76999999999998,1.5199999999999818,0.0,0.0,0.0,0.0
2024,Karachi,Food & Beverages,Pulse Gram,4.470000000000027,4.46999999999997,-0.75,5.28000000000003,17.839999999999975,47.60000000000002,29.409999999999968,44.410000000000025,24.29000000000002,-12.990000000000009,-31.110000000000014
2024,Karachi,Food & Beverages,Pulse Mash (Washed),-17.960000000000036,-17.960000000000036,6.330000000000041,23.049999999999955,12.860000000000014,15.25,8.289999999999964,-15.819999999999936,-25.360000000000014,-32.14999999999998,-27.08000000000004
2024,Karachi,Food & Beverages,Pulse Masoor (Washed),-0.014999999999986358,-0.014999999999986358,-7.03000000000003,-14.169999999999959,-18.920000000000016,15.060000000000002,2.7299999999999613,-4.229999999999961,-3.009999999999991,-6.510000000000048,-6.399999999999977
2024,Karachi,Food & Beverages,Pulse Moong (Washed),3.1499999999999773,3.150000000000034,0.5999999999999659,-5.389999999999986,-2.230000000000018,28.430000000000007,21.860000000000014,4.819999999999993,12.569999999999993,41.360000000000014,-8.660000000000025
2024,Karachi,Food & Beverages,Rice Basmati Broken (Average Qualit,0.16500000000002046,0.16500000000002046,0.13999999999998636,-2.75,-12.02000000000001,6.280000000000001,4.920000000000016,4.189999999999998,0.14999999999997726,0.0,0.0
2024,Karachi,Food & Beverages,Rice IRRI-6/9 (Sindh/Punjab),1.25,1.25,0.0,-1.7299999999999898,-10.75,3.9199999999999875,4.1299999999999955,1.8000000000000114,1.3199999999999932,0.22999999999998977,-0.030000000000001137
2024,Karachi,Food & Beverages,Salt Powdered (NATIONAL/SHAN) 80,0.0,0.0,0.0,0.0,0.0,0.0,1.5999999999999943,3.990000000000009,0.6199999999999903,0.0,0.0
2024,Karachi,Food & Beverages,Sugar Refined,1.920000000000016,1.9199999999999875,-1.6800000000000068,2.3000000000000114,-1.5800000000000125,3.0400000000000205,-1.8500000000000227,-3.619999999999976,-4.690000000000026,-2.9799999999999898,1.990000000000009
2024,Karachi,Food & Beverages,Tea Lipton Yellow Label 190 gm Pack,-15.514999999999986,-15.514999999999986,0.0,0.0,0.0,0.0,0.0,0.0,0.0,0.0,0.0
2024,Karachi,Food & Beverages,Tea Prepared Ordinary,0.0,0.0,0.0,0.0,0.0,0.0,0.0,0.0,0.0,0.0,0.0
2024,Karachi,Food & Beverages,Tomatoes,-7.260000000000005,-7.260000000000005,-9.780000000000001,-11.11,51.14,45.03999999999999,-25.78,-13.030000000000001,30.860000000000014,6.3700000000000045,-3.8300000000000125
2024,Karachi,Food & Beverages,Vegetable Ghee DALDA/HABIB 2.5 kg,-12.5,-12.5,0.0,19.960000000000036,5.039999999999964,0.0,8.980000000000018,6.019999999999982,7.990000000000009,57.01999999999998,80.74000000000001
2024,Karachi,Food & Beverages,Vegetable Ghee DALDA/HABIB or Ot,-4.355000000000018,-4.354999999999961,0.0,7.680000000000007,2.019999999999982,0.0,3.480000000000018,2.519999999999982,3.2000000000000455,29.479999999999905,25.360000000000014
2024,Karachi,Food & Beverages,Wheat Flour Bag,-97.375,-97.375,-208.48999999999978,-339.77,-104.75,64.23000000000002,-12.6400000000001,-115.91999999999985,95.58999999999992,43.42000000000007,-50.48000000000002
2024,Karachi,Household Equipment,Energy Saver Philips 14 Watt,0.0,0.0,0.0,0.0,0.0,0.0,0.0,0.0,0.0,0.0,0.0
2024,Karachi,Household Equipment,Match Box,0.0,0.0,0.0,0.0,0.0,0.0,0.0,0.0,0.0,0.0,0.0
2024,Karachi,Housing Water & Energy,Electricity Charges upto 50 Units,0.04500000000000082,0.04499999999999993,-0.27000000000000046,-0.2599999999999998,0.4500000000000002,0.14999999999999947,-1.1799999999999997,0.1900000000000004,0.0699999999999994,0.0,0.0
2024,Karachi,Housing Water & Energy,Firewood Whole,0.0,0.0,0.0,-3.2000000000000455,0.0,0.0,0.0,0.0,0.0,0.0,85.92000000000007
2024,Karachi,Housing Water & Energy,Gas Charges upto 3.3719 MMBTU,132.75,132.75,0.0,0.0,0.0,0.0,0.0,0.0,0.0,0.0,0.0
2024,Karachi,Housing Water & Energy,LPG 11.67 kg Cylinder,72.67500000000018,72.67499999999973,-168.67999999999984,-489.48,182.5,131.07999999999993,35.92000000000007,-87.67000000000007,126.92000000000007,171.44000000000005,46.940000000000055
2024,Karachi,Miscellaneous,Cigarettes Capstan 20'S Packet,0.0,0.0,0.0,0.0,8.969999999999999,7.72999999999999,-9.689999999999998,0.0,0.0,0.0,0.0
2024,Karachi,Personal Care,Sufi Washing Soap 250 gm Cake,0.0,0.0,0.0,0.0,0.0,0.0,0.0,0.0,0.0,0.0,0.0
2024,Karachi,Personal Care,Toilet Soap LIFEBUOY 115 gm,0.0,0.0,0.0,0.0,0.0,0.0,0.0,-6.030000000000001,-5.710000000000008,0.0,0.0
2024,Karachi,Transport & Communication,Hi-Speed Diesel,5.109999999999957,5.110000000000014,-0.15999999999996817,-9.050000000000011,-8.170000000000016,11.550000000000011,-11.70999999999998,-12.620000000000005,-6.840000000000032,5.8700000000000045,1.7800000000000296
2024,Karachi,Transport & Communication,Petrol Super,8.220000000000027,8.21999999999997,11.920000000000016,-12.490000000000009,-15.95999999999998,7.419999999999959,-6.159999999999968,-10.280000000000001,-7.0,1.3499999999999943,3.7299999999999898
2024,Karachi,Transport & Communication,Telephone Call Charges,0.0,0.0,0.0,0.0,0.0,0.0,0.0,0.0,0.0,0.0,0.0
2024,Khuzdar,Apparel & Footwear,Gents Sandal Bata,0.0,0.0,200.0,0.0,0.0,0.0,0.0,0.0,0.0,0.0,0.0
2024,Khuzdar,Apparel & Footwear,Gents Sponge Chappal Bata,0.0,0.0,0.0,0.0,0.0,0.0,0.0,0.0,0.0,0.0,0.0
2024,Khuzdar,Apparel & Footwear,Georgette (Average Quality),0.0,0.0,0.0,0.0,0.0,0.0,0.0,0.0,0.0,0.0,0.0
2024,Khuzdar,Apparel & Footwear,Ladies Sandal Bata,0.0,0.0,100.0,0.0,0.0,0.0,0.0,0.0,0.0,222.47000000000003,277.53
2024,Khuzdar,Apparel & Footwear,Lawn Printed Gul Ahmed/Al Karam,0.0,0.0,0.0,0.0,0.0,0.0,0.0,0.0,0.0,0.0,0.0
2024,Khuzdar,Apparel & Footwear,"Long Cloth 57"" Gul Ahmed/Al Karam",0.0,0.0,0.0,0.0,0.0,0.0,0.0,0.0,0.0,0.0,0.0
2024,Khuzdar,Apparel & Footwear,Shirting (Average Quality),0.0,0.0,0.0,40.20999999999998,29.819999999999993,0.0,0.0,0.0,0.0,0.0,0.0
2024,Khuzdar,Food & Beverages,Bananas (Kela) Local,10.829999999999998,10.829999999999998,18.519999999999996,6.740000000000009,0.0,0.0,-5.009999999999991,-18.41000000000001,-2.8599999999999994,-10.799999999999997,0.0
2024,Khuzdar,Food & Beverages,Beef with Bone (Average Quality),4.235000000000014,4.235000000000014,8.559999999999945,0.0,61.48000000000002,21.529999999999973,58.73000000000002,41.309999999999945,0.0,0.0,0.0
2024,Khuzdar,Food & Beverages,Bread plain (Small Size),0.0,0.0,0.0,0.0,0.0,0.0,0.0,0.0,0.0,0.0,0.0
2024,Khuzdar,Food & Beverages,Chicken Farm Broiler (Live),6.255000000000052,6.2549999999999955,35.07999999999993,-104.32999999999993,-3.2900000000000205,16.189999999999998,87.70000000000005,1.240000000000009,-16.840000000000032,-60.68000000000001,-76.21000000000004
2024,Khuzdar,Food & Beverages,Chilies Powder NATIONAL 200 gm Pa,0.0,0.0,0.0,0.0,-61.639999999999986,-18.360000000000014,0.0,0.0,0.0,0.0,0.0
2024,Khuzdar,Food & Beverages,Cooked Beef at Average Hotel,0.0,0.0,0.0,0.0,0.0,0.0,0.0,11.550000000000011,11.96999999999997,0.0,0.0
2024,Khuzdar,Food & Beverages,Cooked Daal at Average Hotel,0.0,0.0,0.0,0.0,0.0,0.0,0.0,9.740000000000009,10.289999999999992,0.0,0.0
2024,Khuzdar,Food & Beverages,Cooking Oil DALDA or Other Similar,-12.444999999999709,-12.445000000000164,-63.23000000000002,-31.88000000000011,20.110000000000127,0.0,11.980000000000018,8.019999999999982,0.0,24.889999999999873,25.110000000000127
2024,Khuzdar,Food & Beverages,Curd (Dahi) Loose,0.0,0.0,0.0,0.0,3.309999999999974,3.3600000000000136,0.0,0.0,0.0,0.0,0.0
2024,Khuzdar,Food & Beverages,Eggs Hen (Farm),-55.764999999999986,-55.764999999999986,-10.180000000000007,-53.34,-3.1599999999999966,0.0,37.81,18.75,0.0,43.379999999999995,4.9599999999999795
2024,Khuzdar,Food & Beverages,Garlic (Lehsun),33.02499999999998,33.02499999999998,23.610000000000014,-18.959999999999923,-51.210000000000036,20.139999999999986,-8.129999999999995,58.15999999999997,0.0,0.0,0.0
2024,Khuzdar,Food & Beverages,Gur (Average Quality),0.0,0.0,0.0,0.0,0.0,7.159999999999997,23.0,0.0,-12.560000000000002,-17.599999999999994,0.0
2024,Khuzdar,Food & Beverages,Milk fresh (Un-boiled),1.3199999999999932,1.3200000000000216,0.0,0.0,0.0,0.0,0.0,0.0,0.0,0.0,0.0
2024,Khuzdar,Food & Beverages,Mustard Oil (Average Quality),0.0,0.0,0.0,0.0,0.0,0.0,0.0,0.0,15.839999999999975,10.830000000000041,44.39999999999998
2024,Khuzdar,Food & Beverages,Mutton (Average Quality),41.440000000000055,41.440000000000055,17.11999999999989,0.0,61.98000000000002,21.190000000000055,0.0,0.0,0.0,0.0,0.0
2024,Khuzdar,Food & Beverages,Onions,5.7949999999999875,5.7949999999999875,-43.27999999999997,-80.98000000000002,-6.829999999999998,-8.549999999999997,18.019999999999996,20.750000000000014,16.319999999999993,-5.090000000000003,-15.800000000000011
2024,Khuzdar,Food & Beverages,Potatoes,7.585000000000008,7.584999999999994,1.6899999999999977,16.25,1.7399999999999949,5.430000000000007,0.0,0.0,0.0,0.0,12.189999999999998
2024,Khuzdar,Food & Beverages,Powdered Milk NIDO 390 gm Polyba,4.970000000000027,4.970000000000027,10.059999999999945,11.940000000000055,8.059999999999945,81.16999999999996,88.83000000000004,0.0,0.0,0.0,0.0
2024,Khuzdar,Food & Beverages,Pulse Gram,0.0,0.0,0.0,-16.779999999999973,19.00999999999999,44.44,15.899999999999977,31.100000000000023,38.839999999999975,-2.579999999999984,-13.339999999999975
2024,Khuzdar,Food & Beverages,Pulse Mash (Washed),27.145000000000095,27.144999999999925,-16.400000000000034,-7.949999999999989,40.98000000000002,-29.760000000000048,25.62000000000006,24.449999999999932,-33.67999999999995,-16.390000000000043,-10.310000000000002
2024,Khuzdar,Food & Beverages,Pulse Masoor (Washed),-10.814999999999998,-10.814999999999998,-6.599999999999966,-23.430000000000007,-10.050000000000011,10.180000000000007,11.839999999999975,-4.449999999999989,-4.089999999999975,0.0,-16.79000000000002
2024,Khuzdar,Food & Beverages,Pulse Moong (Washed),-1.6650000000000205,-1.6649999999999636,-3.3000000000000114,-3.410000000000025,-13.289999999999964,40.0,0.0,29.909999999999968,1.0200000000000387,18.99000000000001,0.0
2024,Khuzdar,Food & Beverages,Rice Basmati Broken (Average Qualit,11.569999999999993,11.569999999999993,10.200000000000017,-5.420000000000016,-24.799999999999983,-3.1200000000000045,0.0,0.0,-20.0,0.0,0.0
2024,Khuzdar,Food & Beverages,Rice IRRI-6/9 (Sindh/Punjab),5.349999999999994,5.349999999999994,5.900000000000006,-5.469999999999999,-11.599999999999994,-1.2199999999999989,8.280000000000001,-6.590000000000003,0.0,0.0,0.0
2024,Khuzdar,Food & Beverages,Salt Powdered (NATIONAL/SHAN) 80,0.0,0.0,0.0,0.0,0.0,0.0,0.0,1.730000000000004,1.7800000000000011,0.0,0.0
2024,Khuzdar,Food & Beverages,Sugar Refined,0.9000000000000057,0.9000000000000057,-2.3200000000000216,2.219999999999999,-0.44999999999998863,3.4099999999999966,-0.710000000000008,-3.289999999999992,-6.969999999999999,-5.1200000000000045,5.5800000000000125
2024,Khuzdar,Food & Beverages,Tea Lipton Yellow Label 190 gm Pack,0.0,0.0,0.0,0.0,0.0,0.0,0.0,0.0,0.0,-15.970000000000027,0.0
2024,Khuzdar,Food & Beverages,Tea Prepared Ordinary,0.0,0.0,0.0,0.0,0.0,0.0,0.0,0.0,0.0,0.0,0.0
2024,Khuzdar,Food & Beverages,Tomatoes,-7.625,-7.624999999999986,-32.80000000000001,-15.549999999999997,29.83,17.180000000000007,-1.269999999999996,27.829999999999984,11.240000000000009,8.780000000000001,21.650000000000006
2024,Khuzdar,Food & Beverages,Vegetable Ghee DALDA/HABIB 2.5 kg,5.019999999999982,5.019999999999982,-25.25,-3.869999999999891,14.11999999999989,0.0,0.0,0.0,0.0,41.819999999999936,43.180000000000064
2024,Khuzdar,Food & Beverages,Vegetable Ghee DALDA/HABIB or Ot,-2.490000000000009,-2.490000000000009,-5.019999999999982,2.7799999999999727,5.240000000000009,0.0,0.0,0.0,0.0,15.759999999999991,16.24000000000001
2024,Khuzdar,Food & Beverages,Wheat Flour Bag,-91.78999999999996,-91.78999999999996,-183.00999999999976,-383.1400000000003,-134.18999999999983,9.330000000000155,17.779999999999973,-42.47000000000003,-7.529999999999973,20.149999999999864,-25.159999999999854
2024,Khuzdar,Household Equipment,Energy Saver Philips 14 Watt,21.899999999999977,21.899999999999977,0.0,29.310000000000002,20.77000000000004,0.0,0.0,0.0,0.0,0.0,0.0
2024,Khuzdar,Household Equipment,Match Box,0.0,0.0,0.0,0.0,0.0,0.0,0.0,0.0,0.0,0.0,0.0
2024,Khuzdar,Housing Water & Energy,Electricity Charges upto 50 Units,0.04500000000000082,0.04499999999999993,-0.27000000000000046,-0.2599999999999998,0.4500000000000002,0.14999999999999947,-1.1799999999999997,0.1900000000000004,0.0699999999999994,0.0,0.0
2024,Khuzdar,Housing Water & Energy,Firewood Whole,0.0,0.0,0.0,0.0,0.0,0.0,0.0,0.0,0.0,0.0,0.0
2024,Khuzdar,Housing Water & Energy,LPG 11.67 kg Cylinder,34.054999999999836,34.054999999999836,58.690000000000055,-238.36000000000013,-333.05999999999995,218.1600000000003,0.0,-196.75,-40.08000000000038,238.36000000000013,8.039999999999964
2024,Khuzdar,Miscellaneous,Cigarettes Capstan 20'S Packet,0.0,0.0,0.0,0.0,0.0,0.0,0.0,0.0,0.0,0.0,0.0
2024,Khuzdar,Personal Care,Sufi Washing Soap 250 gm Cake,0.0,0.0,0.0,0.0,0.0,0.0,0.0,0.0,0.0,0.0,0.0
2024,Khuzdar,Personal Care,Toilet Soap LIFEBUOY 115 gm,0.0,0.0,0.0,0.0,0.0,0.0,0.0,3.4399999999999977,3.5600000000000023,0.0,0.0
2024,Khuzdar,Transport & Communication,Hi-Speed Diesel,5.115000000000009,5.114999999999952,-0.16999999999995907,-9.069999999999993,-7.580000000000041,10.939999999999998,-11.71999999999997,-12.620000000000005,-6.8799999999999955,5.8700000000000045,1.7699999999999818
2024,Khuzdar,Transport & Communication,Petrol Super,8.225000000000023,8.224999999999966,11.910000000000025,-12.480000000000018,-15.389999999999986,6.810000000000002,-6.180000000000007,-10.280000000000001,-7.049999999999983,1.3599999999999852,3.719999999999999
2024,Khuzdar,Transport & Communication,Telephone Call Charges,0.0,0.0,0.0,0.0,0.0,0.0,0.0,0.0,0.0,0.0,0.0
2024,Lahore,Apparel & Footwear,Gents Sandal Bata,0.0,0.0,200.0,0.0,0.0,0.0,0.0,0.0,0.0,0.0,0.0
2024,Lahore,Apparel & Footwear,Gents Sponge Chappal Bata,0.0,0.0,0.0,0.0,0.0,0.0,0.0,0.0,0.0,0.0,0.0
2024,Lahore,Apparel & Footwear,Georgette (Average Quality),0.0,0.0,33.74000000000001,0.0,0.0,0.0,0.0,0.0,0.0,0.0,0.0
2024,Lahore,Apparel & Footwear,Ladies Sandal Bata,0.0,0.0,100.0,0.0,0.0,0.0,0.0,0.0,0.0,222.47000000000003,277.53
2024,Lahore,Apparel & Footwear,Lawn Printed Gul Ahmed/Al Karam,0.0,0.0,114.84999999999991,0.0,0.0,0.0,0.0,0.0,0.0,0.0,0.0
2024,Lahore,Apparel & Footwear,"Long Cloth 57"" Gul Ahmed/Al Karam",0.0,0.0,127.80999999999995,0.0,0.0,0.0,0.0,0.0,0.0,0.0,0.0
2024,Lahore,Apparel & Footwear,Shirting (Average Quality),0.0,0.0,50.44999999999999,0.0,0.0,0.0,0.0,0.0,0.0,0.0,0.0
2024,Lahore,Food & Beverages,Bananas (Kela) Local,30.809999999999988,30.810000000000002,-15.549999999999983,-20.310000000000002,9.25,-1.3799999999999955,-19.77000000000001,-7.390000000000001,-3.510000000000005,-13.099999999999994,14.870000000000005
2024,Lahore,Food & Beverages,Beef with Bone (Average Quality),0.0,0.0,28.389999999999986,29.32000000000005,0.0,0.0,0.0,68.50999999999999,23.949999999999932,0.0,0.0
2024,Lahore,Food & Beverages,Bread plain (Small Size),-3.5400000000000063,-3.539999999999992,3.489999999999995,3.5900000000000034,-10.0,0.0,-4.109999999999999,1.519999999999996,2.5900000000000034,0.0,0.0
2024,Lahore,Food & Beverages,Chicken Farm Broiler (Live),-4.930000000000007,-4.930000000000007,38.81999999999999,-127.42000000000002,-9.629999999999995,45.829999999999984,57.710000000000036,-7.53000000000003,4.28000000000003,-64.13,-25.810000000000002
2024,Lahore,Food & Beverages,Chilies Powder NATIONAL 200 gm Pa,0.0,0.0,0.0,-17.45999999999998,-62.54000000000002,0.0,0.0,0.0,0.0,0.0,0.0
2024,Lahore,Food & Beverages,Cooked Beef at Average Hotel,0.0,0.0,0.0,0.0,0.0,0.0,11.259999999999991,42.74000000000001,3.9599999999999795,6.050000000000011,0.0
2024,Lahore,Food & Beverages,Cooked Daal at Average Hotel,0.0,0.0,0.0,0.0,0.0,0.0,8.20999999999998,32.74000000000001,7.75,12.27000000000001,0.0
2024,Lahore,Food & Beverages,Cooking Oil DALDA or Other Similar,-60.159999999999854,-60.16000000000031,-31.909999999999854,0.0,0.0,39.69999999999982,24.110000000000127,-63.809999999999945,0.0,100.0,19.7800000000002
2024,Lahore,Food & Beverages,Curd (Dahi) Loose,0.0,0.0,0.0,2.9099999999999966,14.280000000000001,6.680000000000007,2.8799999999999955,0.22999999999998977,1.6899999999999977,5.900000000000006,0.0
2024,Lahore,Food & Beverages,Eggs Hen (Farm),-66.82499999999999,-66.82499999999999,-17.940000000000026,0.9900000000000091,-3.710000000000008,9.01000000000002,30.059999999999974,20.480000000000018,-1.8600000000000136,36.23000000000002,-7.2900000000000205
2024,Lahore,Food & Beverages,Garlic (Lehsun),8.240000000000009,8.240000000000009,-86.98000000000008,-30.269999999999982,-0.3100000000000023,26.019999999999982,14.100000000000023,-4.139999999999986,22.25,43.41999999999996,66.23000000000002
2024,Lahore,Food & Beverages,Gur (Average Quality),-2.920000000000016,-2.9199999999999875,0.0,0.0,5.159999999999997,16.25999999999999,0.0,4.950000000000017,-0.3300000000000125,-21.909999999999997,-4.810000000000002
2024,Lahore,Food & Beverages,Milk fresh (Un-boiled),0.0,0.0,0.0,2.1299999999999955,9.389999999999986,1.7700000000000102,5.240000000000009,0.0,0.0,0.0,0.0
2024,Lahore,Food & Beverages,Mustard Oil (Average Quality),-9.305000000000007,-9.305000000000007,0.0,0.0,0.0,0.0,0.0,0.0,3.9399999999999977,31.000000000000057,20.00999999999999
2024,Lahore,Food & Beverages,Mutton (Average Quality),37.284999999999854,37.28500000000031,74.90000000000009,50.57999999999993,0.0,0.0,0.0,0.0,0.0,0.0,0.0
2024,Lahore,Food & Beverages,Onions,-3.234999999999985,-3.2350000000000136,-38.099999999999994,-73.74000000000001,20.420000000000016,-23.730000000000004,35.57000000000001,4.97999999999999,2.3400000000000034,-1.3700000000000045,-2.259999999999991
2024,Lahore,Food & Beverages,Potatoes,3.0700000000000003,3.069999999999993,2.9200000000000017,20.450000000000003,1.0900000000000034,2.4200000000000017,4.659999999999997,1.3299999999999983,3.3900000000000006,27.150000000000006,-0.6400000000000148
2024,Lahore,Food & Beverages,Powdered Milk NIDO 390 gm Polyba,0.0,0.0,24.629999999999995,25.370000000000005,0.0,117.42999999999995,42.57000000000005,0.0,0.0,0.0,0.0
2024,Lahore,Food & Beverages,Pulse Gram,1.0250000000000057,1.0250000000000057,0.0,-8.030000000000001,20.49000000000001,47.610000000000014,23.659999999999968,48.39999999999998,12.550000000000011,-37.70999999999998,-18.660000000000025
2024,Lahore,Food & Beverages,Pulse Mash (Washed),23.495000000000005,23.495000000000005,0.0,4.969999999999914,37.47000000000003,0.0,-0.09000000000003183,-31.339999999999918,-25.269999999999982,-54.520000000000095,-4.92999999999995
2024,Lahore,Food & Beverages,Pulse Masoor (Washed),5.71999999999997,5.720000000000027,0.0,-7.28000000000003,-1.7899999999999636,0.0,-12.720000000000027,-28.24000000000001,0.0,0.0,0.0
2024,Lahore,Food & Beverages,Pulse Moong (Washed),9.490000000000009,9.490000000000009,0.0,0.0,4.649999999999977,29.29000000000002,1.2200000000000273,-15.160000000000025,15.660000000000025,24.349999999999966,0.0
2024,Lahore,Food & Beverages,Rice Basmati Broken (Average Qualit,0.0,0.0,6.900000000000006,-12.210000000000008,-12.72999999999999,-13.659999999999997,5.3700000000000045,6.060000000000002,-8.240000000000009,-15.859999999999985,-4.010000000000019
2024,Lahore,Food & Beverages,Salt Powdered (NATIONAL/SHAN) 80,0.0,0.0,0.0,0.0,0.0,0.0,0.0,0.0,0.0,0.0,0.0
2024,Lahore,Food & Beverages,Sugar Refined,-0.5799999999999841,-0.5800000000000125,0.12000000000000455,-0.18999999999999773,-0.75,1.2299999999999898,1.75,-3.579999999999984,-6.3700000000000045,-4.300000000000011,4.400000000000006
2024,Lahore,Food & Beverages,Tea Lipton Yellow Label 190 gm Pack,0.0,0.0,0.0,0.0,0.0,0.0,0.0,0.0,0.0,0.0,0.0
2024,Lahore,Food & Beverages,Tea Prepared Ordinary,3.740000000000002,3.740000000000002,0.0,0.0,0.0,0.0,0.0,0.0,0.0,2.269999999999996,0.7800000000000011
2024,Lahore,Food & Beverages,Tomatoes,-7.110000000000014,-7.109999999999985,-29.230000000000004,-37.66,31.61999999999999,74.14000000000001,-28.120000000000005,-39.60000000000001,25.89999999999999,45.77000000000001,8.090000000000003
2024,Lahore,Food & Beverages,Vegetable Ghee DALDA/HABIB 2.5 kg,-9.400000000000091,-9.399999999999864,-6.2000000000000455,0.0,0.0,0.0,30.980000000000018,9.019999999999982,0.0,60.0,71.03999999999996
2024,Lahore,Food & Beverages,Vegetable Ghee DALDA/HABIB or Ot,-1.240000000000009,-1.240000000000009,2.480000000000018,7.519999999999982,0.0,0.0,4.789999999999964,1.2100000000000364,5.590000000000032,37.26999999999998,12.850000000000023
2024,Lahore,Food & Beverages,Wheat Flour Bag,-12.414999999999964,-12.414999999999964,-384.8000000000002,-581.1899999999998,-116.32000000000016,137.59000000000015,-72.83000000000015,-35.679999999999836,-4.009999999999991,14.069999999999936,0.0
2024,Lahore,Household Equipment,Energy Saver Philips 14 Watt,62.914999999999964,62.91500000000002,0.0,0.0,0.0,0.0,0.0,0.0,0.0,0.0,0.0
2024,Lahore,Household Equipment,Match Box,0.0,0.0,0.0,0.0,0.0,0.0,0.0,0.0,0.0,0.0,0.0
2024,Lahore,Housing Water & Energy,Electricity Charges upto 50 Units,0.04500000000000082,0.04499999999999993,-0.27000000000000046,-0.2599999999999998,0.4500000000000002,0.14999999999999947,-1.1799999999999997,0.1900000000000004,0.0699999999999994,0.0,0.0
2024,Lahore,Housing Water & Energy,Firewood Whole,0.0,0.0,0.0,0.0,0.0,0.0,0.0,0.0,0.0,167.47000000000003,22.09999999999991
2024,Lahore,Housing Water & Energy,Gas Charges upto 3.3719 MMBTU,132.75,132.75,0.0,0.0,0.0,0.0,0.0,0.0,0.0,0.0,0.0
2024,Lahore,Housing Water & Energy,LPG 11.67 kg Cylinder,18.509999999999764,18.51000000000022,-251.0,-432.82000000000016,38.960000000000036,480.74000000000024,-162.6500000000001,-60.7800000000002,5.309999999999945,470.6800000000003,30.259999999999764
2024,Lahore,Miscellaneous,Cigarettes Capstan 20'S Packet,0.0,0.0,0.0,3.8600000000000136,16.139999999999986,0.0,0.0,-5.050000000000011,-4.949999999999989,0.0,0.0
2024,Lahore,Personal Care,Sufi Washing Soap 250 gm Cake,0.0,0.0,0.0,0.0,0.0,0.0,0.0,-3.769999999999996,-1.230000000000004,0.8799999999999955,2.670000000000016
2024,Lahore,Personal Care,Toilet Soap LIFEBUOY 115 gm,0.0,0.0,0.0,0.0,0.0,0.0,0.0,-8.929999999999993,-8.210000000000008,0.0,2.6700000000000017
2024,Lahore,Transport & Communication,Hi-Speed Diesel,5.104999999999961,5.105000000000018,-0.14999999999997726,-9.080000000000041,-8.159999999999968,11.589999999999975,-11.779999999999973,-12.620000000000005,-6.8799999999999955,5.8700000000000045,1.7699999999999818
2024,Lahore,Transport & Communication,Petrol Super,8.225000000000023,8.224999999999966,11.910000000000025,-12.529999999999973,-15.940000000000055,7.470000000000027,-6.240000000000009,-10.280000000000001,-7.049999999999983,1.3499999999999943,3.7299999999999898
2024,Lahore,Transport & Communication,Telephone Call Charges,0.0,0.0,0.0,0.0,0.0,0.0,0.0,0.0,0.0,0.0,0.0
2024,Larkana,Apparel & Footwear,Gents Sandal Bata,0.0,0.0,200.0,0.0,0.0,0.0,0.0,0.0,0.0,0.0,0.0
2024,Larkana,Apparel & Footwear,Gents Sponge Chappal Bata,0.0,0.0,0.0,0.0,0.0,0.0,0.0,0.0,0.0,0.0,0.0
2024,Larkana,Apparel & Footwear,Georgette (Average Quality),0.0,0.0,0.0,0.0,0.0,0.0,0.0,0.0,0.0,0.0,0.0
2024,Larkana,Apparel & Footwear,Ladies Sandal Bata,0.0,0.0,100.0,0.0,0.0,0.0,0.0,0.0,0.0,222.47000000000003,277.53
2024,Larkana,Apparel & Footwear,Lawn Printed Gul Ahmed/Al Karam,0.0,0.0,0.0,0.0,0.0,0.0,0.0,0.0,0.0,0.0,0.0
2024,Larkana,Apparel & Footwear,"Long Cloth 57"" Gul Ahmed/Al Karam",0.0,0.0,0.0,0.0,0.0,0.0,0.0,0.0,0.0,0.0,0.0
2024,Larkana,Apparel & Footwear,Shirting (Average Quality),0.0,0.0,0.0,0.0,0.0,0.0,0.0,0.0,0.0,0.0,0.0
2024,Larkana,Food & Beverages,Bananas (Kela) Local,11.754999999999995,11.75500000000001,-25.05000000000001,-11.769999999999996,24.53,-12.329999999999998,13.819999999999993,-13.39,-11.849999999999994,-11.929999999999993,5.6699999999999875
2024,Larkana,Food & Beverages,Beef with Bone (Average Quality),39.41000000000008,39.40999999999997,44.50999999999999,42.15999999999997,25.769999999999982,8.740000000000009,0.0,0.0,0.0,0.0,0.0
2024,Larkana,Food & Beverages,Bread plain (Small Size),0.0,0.0,0.0,0.0,0.0,0.0,0.0,0.0,0.0,0.0,0.0
2024,Larkana,Food & Beverages,Chicken Farm Broiler (Live),-2.5749999999999886,-2.5749999999999886,41.81,-137.71000000000004,15.600000000000023,24.120000000000005,86.50999999999999,-15.70999999999998,1.9599999999999795,-81.92000000000002,-23.139999999999986
2024,Larkana,Food & Beverages,Chilies Powder NATIONAL 200 gm Pa,0.0,0.0,0.0,0.0,0.0,0.0,0.0,-80.0,0.0,0.0,0.0
2024,Larkana,Food & Beverages,Cooked Beef at Average Hotel,0.0,0.0,0.0,0.0,0.0,0.0,0.0,0.0,0.0,0.0,0.0
2024,Larkana,Food & Beverages,Cooked Daal at Average Hotel,0.0,0.0,0.0,0.0,0.0,0.0,0.0,0.0,0.0,0.0,0.0
2024,Larkana,Food & Beverages,Cooking Oil DALDA or Other Similar,-125.11499999999978,-125.11500000000024,-19.769999999999982,0.0,0.0,19.769999999999982,60.23000000000002,0.0,0.0,0.0,174.98999999999978
2024,Larkana,Food & Beverages,Curd (Dahi) Loose,13.245000000000005,13.245000000000005,0.0,20.00999999999999,0.0,0.0,0.0,0.0,0.0,0.0,0.0
2024,Larkana,Food & Beverages,Eggs Hen (Farm),-73.43,-73.43,-11.909999999999968,-4.920000000000016,-10.549999999999983,-1.7600000000000193,36.170000000000016,21.99000000000001,1.5399999999999636,29.850000000000023,17.19999999999999
2024,Larkana,Food & Beverages,Garlic (Lehsun),-3.519999999999982,-3.5200000000000955,41.25,-71.02999999999997,-142.62,18.629999999999995,40.05000000000001,54.09000000000003,53.599999999999966,53.950000000000045,-1.6499999999999773
2024,Larkana,Food & Beverages,Gur (Average Quality),-13.474999999999994,-13.474999999999994,3.460000000000008,-5.320000000000022,14.370000000000005,-6.0,0.9200000000000159,2.759999999999991,-8.240000000000009,3.170000000000016,-5.030000000000001
2024,Larkana,Food & Beverages,Milk fresh (Un-boiled),0.0,0.0,0.0,13.349999999999994,0.0,0.0,0.0,6.6699999999999875,0.0,0.0,0.0
2024,Larkana,Food & Beverages,Mustard Oil (Average Quality),-5.80499999999995,-5.805000000000007,-5.089999999999975,-11.230000000000018,14.75,0.0,0.0,-6.759999999999991,0.0,25.059999999999945,76.6400000000001
2024,Larkana,Food & Beverages,Mutton (Average Quality),0.0,0.0,49.32999999999993,50.700000000000045,49.809999999999945,16.90000000000009,0.0,0.0,0.0,16.589999999999918,25.160000000000082
2024,Larkana,Food & Beverages,Onions,-8.625,-8.625,-42.099999999999994,-43.97,17.83,-25.439999999999998,28.299999999999997,13.990000000000009,2.9599999999999795,-7.560000000000002,-9.909999999999997
2024,Larkana,Food & Beverages,Potatoes,7.2450000000000045,7.244999999999997,0.3200000000000003,9.689999999999998,10.909999999999997,2.6200000000000045,3.8599999999999994,0.1599999999999966,-4.019999999999996,6.180000000000007,4.1499999999999915
2024,Larkana,Food & Beverages,Powdered Milk NIDO 390 gm Polyba,0.0,0.0,0.0,20.0,0.0,138.80999999999995,51.190000000000055,0.0,0.0,0.0,0.0
2024,Larkana,Food & Beverages,Pulse Gram,-1.9699999999999989,-1.9699999999999989,0.0,16.829999999999984,36.379999999999995,36.110000000000014,35.129999999999995,-4.449999999999989,21.129999999999995,1.910000000000025,-13.879999999999995
2024,Larkana,Food & Beverages,Pulse Mash (Washed),6.840000000000032,6.840000000000032,-10.730000000000018,-8.129999999999995,0.0,2.480000000000018,29.289999999999964,-14.610000000000014,18.780000000000086,-27.690000000000055,-3.2999999999999545
2024,Larkana,Food & Beverages,Pulse Masoor (Washed),-4.544999999999959,-4.545000000000016,2.5600000000000023,-8.160000000000025,-12.069999999999993,16.730000000000018,-10.670000000000016,-20.95999999999998,-2.259999999999991,10.349999999999966,-12.95999999999998
2024,Larkana,Food & Beverages,Pulse Moong (Washed),6.509999999999991,6.509999999999991,4.970000000000027,-1.9499999999999886,-1.3000000000000114,9.75,2.8799999999999955,5.480000000000018,-11.270000000000039,74.56,-8.310000000000002
2024,Larkana,Food & Beverages,Rice Basmati Broken (Average Qualit,5.840000000000003,5.840000000000003,2.509999999999991,-0.22000000000002728,-17.279999999999973,6.6699999999999875,0.0,3.3300000000000125,0.0,-0.8700000000000045,-6.72999999999999
2024,Larkana,Food & Beverages,Rice IRRI-6/9 (Sindh/Punjab),0.0,0.0,0.0,-7.319999999999993,-26.030000000000015,5.8999999999999915,0.8600000000000136,0.0,0.0,0.0,-1.7199999999999989
2024,Larkana,Food & Beverages,Salt Powdered (NATIONAL/SHAN) 80,0.0,0.0,0.0,0.0,0.0,0.0,0.0,0.0,0.0,0.0,0.0
2024,Larkana,Food & Beverages,Sugar Refined,1.125,1.125,-1.4000000000000057,0.0,0.0,0.0,0.0,0.0,-7.849999999999994,-2.1500000000000057,0.0
2024,Larkana,Food & Beverages,Tea Lipton Yellow Label 190 gm Pack,-67.18000000000006,-67.17999999999995,0.0,0.0,0.0,0.0,0.0,0.0,0.0,0.0,0.0
2024,Larkana,Food & Beverages,Tea Prepared Ordinary,0.0,0.0,1.5600000000000023,6.310000000000002,2.1299999999999955,0.0,0.0,0.0,0.0,0.0,0.0
2024,Larkana,Food & Beverages,Tomatoes,-12.159999999999997,-12.159999999999997,-34.09,-25.479999999999997,62.660000000000004,32.639999999999986,-5.269999999999982,-18.530000000000015,26.62000000000002,7.149999999999977,3.3000000000000114
2024,Larkana,Food & Beverages,Vegetable Ghee DALDA/HABIB 2.5 kg,-39.75999999999999,-39.75999999999999,-25.480000000000018,19.960000000000036,5.039999999999964,0.0,0.0,0.0,0.0,56.289999999999964,94.72000000000003
2024,Larkana,Food & Beverages,Vegetable Ghee DALDA/HABIB or Ot,-10.0,-10.0,0.0,7.980000000000018,2.019999999999982,0.0,2.3899999999999864,3.6100000000000136,1.9800000000000182,29.579999999999927,26.40000000000009
2024,Larkana,Food & Beverages,Wheat Flour Bag,-20.115000000000236,-20.11499999999978,-199.6800000000003,-595.9699999999998,-106.1099999999999,153.37999999999988,-66.92000000000007,-134.52999999999997,127.38000000000011,5.069999999999936,-69.20000000000005
2024,Larkana,Household Equipment,Energy Saver Philips 14 Watt,2.5500000000000114,2.5500000000000114,0.0,0.0,0.0,0.0,0.0,0.0,0.0,0.0,0.0
2024,Larkana,Household Equipment,Match Box,0.28000000000000025,0.27999999999999936,0.0,0.0,0.0,0.0,0.0,0.0,0.0,0.0,0.0
2024,Larkana,Housing Water & Energy,Electricity Charges upto 50 Units,0.04500000000000082,0.04499999999999993,-0.27000000000000046,-0.2599999999999998,0.4500000000000002,0.14999999999999947,-1.1799999999999997,0.1900000000000004,0.0699999999999994,0.0,0.0
2024,Larkana,Housing Water & Energy,Firewood Whole,12.690000000000055,12.68999999999994,8.289999999999964,8.370000000000005,0.0,0.0,0.0,0.0,0.0,0.0,0.0
2024,Larkana,Housing Water & Energy,Gas Charges upto 3.3719 MMBTU,132.75,132.75,0.0,0.0,0.0,0.0,0.0,0.0,0.0,0.0,0.0
2024,Larkana,Housing Water & Energy,LPG 11.67 kg Cylinder,44.789999999999964,44.789999999999964,-12.920000000000073,-341.5899999999997,-68.18000000000029,283.1100000000001,0.0,0.0,0.0,251.2199999999998,-31.25
2024,Larkana,Miscellaneous,Cigarettes Capstan 20'S Packet,0.0,0.0,0.0,0.0,0.0,0.0,0.0,0.0,0.0,0.0,0.0
2024,Larkana,Personal Care,Sufi Washing Soap 250 gm Cake,0.0,0.0,0.0,0.0,0.0,0.0,0.0,0.0,0.0,0.0,0.0
2024,Larkana,Personal Care,Toilet Soap LIFEBUOY 115 gm,0.0,0.0,0.0,0.0,0.0,0.0,0.0,0.0,0.0,0.0,0.0
2024,Larkana,Transport & Communication,Hi-Speed Diesel,5.110000000000014,5.109999999999957,-0.15999999999996817,-9.079999999999984,-8.170000000000016,11.550000000000011,-11.700000000000045,-12.539999999999964,-6.900000000000006,5.909999999999997,1.670000000000016
2024,Larkana,Transport & Communication,Petrol Super,8.220000000000027,8.21999999999997,11.920000000000016,-12.509999999999991,-15.960000000000036,7.430000000000007,-6.149999999999977,-10.569999999999993,-7.050000000000011,2.0999999999999943,3.2600000000000193
2024,Larkana,Transport & Communication,Telephone Call Charges,0.0,0.0,0.0,0.0,0.0,0.0,0.0,0.0,0.0,0.0,0.0
2024,Multan,Apparel & Footwear,Gents Sandal Bata,0.0,0.0,200.0,0.0,0.0,0.0,0.0,0.0,0.0,0.0,0.0
2024,Multan,Apparel & Footwear,Gents Sponge Chappal Bata,0.0,0.0,0.0,0.0,0.0,0.0,0.0,0.0,0.0,0.0,0.0
2024,Multan,Apparel & Footwear,Georgette (Average Quality),0.0,0.0,0.0,0.0,76.45000000000002,0.0,0.0,0.0,0.0,0.0,0.0
2024,Multan,Apparel & Footwear,Ladies Sandal Bata,0.0,0.0,100.0,0.0,0.0,0.0,0.0,0.0,0.0,222.47000000000003,277.53
2024,Multan,Apparel & Footwear,Lawn Printed Gul Ahmed/Al Karam,0.0,0.0,0.0,0.0,69.0,0.0,0.0,0.0,0.0,0.0,0.0
2024,Multan,Apparel & Footwear,"Long Cloth 57"" Gul Ahmed/Al Karam",28.0,28.0,0.0,51.49000000000001,36.50999999999999,0.0,0.0,0.0,0.0,0.0,0.0
2024,Multan,Apparel & Footwear,Shirting (Average Quality),0.0,0.0,0.0,0.0,0.0,0.0,0.0,0.0,0.0,0.0,0.0
2024,Multan,Food & Beverages,Bananas (Kela) Local,49.69,49.69,-35.97,-14.289999999999992,18.5,6.900000000000006,-45.31,-8.680000000000007,-14.639999999999986,-2.719999999999999,0.0
2024,Multan,Food & Beverages,Beef with Bone (Average Quality),21.50500000000011,21.504999999999995,21.17999999999995,29.159999999999968,48.30000000000007,8.399999999999977,2.8099999999999454,8.150000000000091,24.839999999999918,30.260000000000105,31.149999999999864
2024,Multan,Food & Beverages,Bread plain (Small Size),0.0,0.0,0.0,0.0,-10.0,0.0,0.0,0.0,0.0,0.0,0.0
2024,Multan,Food & Beverages,Chicken Farm Broiler (Live),-12.454999999999984,-12.455000000000041,40.920000000000016,-125.65999999999997,-10.53000000000003,42.660000000000025,71.57,-14.25,4.079999999999984,-59.79000000000002,-22.769999999999982
2024,Multan,Food & Beverages,Chilies Powder NATIONAL 200 gm Pa,0.0,0.0,-21.69999999999999,-58.30000000000001,0.0,0.0,0.0,0.0,0.0,0.0,0.0
2024,Multan,Food & Beverages,Cooked Beef at Average Hotel,0.0,0.0,0.0,0.0,0.0,0.0,0.0,0.0,0.0,0.0,0.0
2024,Multan,Food & Beverages,Cooked Daal at Average Hotel,0.0,0.0,2.940000000000012,9.269999999999996,0.0,0.0,0.0,0.0,0.0,0.0,0.0
2024,Multan,Food & Beverages,Cooking Oil DALDA or Other Similar,-18.795000000000073,-18.795000000000073,-12.409999999999854,0.0,0.0,0.0,0.0,0.0,0.0,0.0,101.94000000000005
2024,Multan,Food & Beverages,Curd (Dahi) Loose,0.0,0.0,0.0,0.0,0.0,4.4599999999999795,2.690000000000026,0.6699999999999875,0.0,0.0,0.0
2024,Multan,Food & Beverages,Eggs Hen (Farm),-80.88,-80.88,-16.880000000000024,-4.139999999999986,-4.910000000000025,2.2700000000000102,45.110000000000014,4.550000000000011,8.649999999999977,47.25,-6.279999999999973
2024,Multan,Food & Beverages,Garlic (Lehsun),0.0,0.0,0.0,-36.91000000000008,-146.48999999999995,3.589999999999975,99.64999999999998,33.42000000000007,40.95999999999992,112.94000000000005,40.66999999999996
2024,Multan,Food & Beverages,Gur (Average Quality),0.0,0.0,0.0,0.0,0.0,0.0,0.0,0.0,0.0,0.0,0.0
2024,Multan,Food & Beverages,Milk fresh (Un-boiled),0.0,0.0,0.0,0.0,0.0,5.530000000000001,2.6899999999999977,0.6700000000000159,0.6699999999999875,3.509999999999991,0.27000000000001023
2024,Multan,Food & Beverages,Mustard Oil (Average Quality),-7.1650000000000205,-7.164999999999964,-13.53000000000003,0.0,0.0,0.0,0.0,0.0,11.420000000000016,66.18,24.329999999999927
2024,Multan,Food & Beverages,Mutton (Average Quality),41.309999999999945,41.309999999999945,28.38000000000011,32.930000000000064,50.450000000000045,0.0,0.0,0.0,0.0,52.12999999999988,53.49000000000001
2024,Multan,Food & Beverages,Onions,-10.029999999999973,-10.030000000000001,-32.09,-50.230000000000004,21.659999999999982,-26.029999999999987,31.299999999999997,21.72,4.650000000000006,-6.650000000000006,-13.310000000000002
2024,Multan,Food & Beverages,Potatoes,3.759999999999998,3.760000000000005,3.009999999999991,26.340000000000003,3.780000000000001,4.689999999999998,13.629999999999995,1.6800000000000068,0.0,22.169999999999987,-10.639999999999986
2024,Multan,Food & Beverages,Powdered Milk NIDO 390 gm Polyba,0.0,0.0,12.220000000000027,37.77999999999997,0.0,164.99,-4.990000000000009,0.0,0.0,0.0,0.0
2024,Multan,Food & Beverages,Pulse Gram,-3.1200000000000045,-3.1200000000000045,-14.050000000000011,2.4000000000000057,56.84,41.31,17.610000000000014,32.97999999999996,9.810000000000002,-26.049999999999955,-16.04000000000002
2024,Multan,Food & Beverages,Pulse Mash (Washed),-10.660000000000082,-10.659999999999968,0.0,6.5499999999999545,38.889999999999986,27.710000000000036,0.0,-2.159999999999968,-33.370000000000005,-58.75,-17.100000000000023
2024,Multan,Food & Beverages,Pulse Masoor (Washed),-10.384999999999991,-10.384999999999991,-13.629999999999995,-6.010000000000048,8.480000000000018,26.910000000000025,0.0,-2.1899999999999977,-21.660000000000025,-1.829999999999984,0.0
2024,Multan,Food & Beverages,Pulse Moong (Washed),-2.180000000000007,-2.180000000000007,0.0,0.0,16.579999999999984,31.80000000000001,0.5500000000000114,0.0,28.560000000000002,-5.1200000000000045,-4.730000000000018
2024,Multan,Food & Beverages,Rice Basmati Broken (Average Qualit,0.0,0.0,0.0,-1.4000000000000057,-5.5,0.0,0.0,0.0,0.0,0.0,0.0
2024,Multan,Food & Beverages,Rice IRRI-6/9 (Sindh/Punjab),4.769999999999982,4.77000000000001,0.0,-2.2700000000000102,-8.799999999999983,2.2700000000000102,0.0,0.0,0.0,0.0,0.0
2024,Multan,Food & Beverages,Salt Powdered (NATIONAL/SHAN) 80,0.0,0.0,0.0,0.0,0.0,0.0,0.0,0.0,0.0,0.0,0.0
2024,Multan,Food & Beverages,Sugar Refined,-3.5449999999999875,-3.545000000000016,0.6500000000000057,1.0200000000000102,-0.4000000000000057,6.219999999999999,-2.9399999999999977,-5.539999999999992,-5.460000000000008,-2.780000000000001,7.219999999999999
2024,Multan,Food & Beverages,Tea Lipton Yellow Label 190 gm Pack,0.0,0.0,0.0,0.0,0.0,0.0,0.0,0.0,0.0,0.0,0.0
2024,Multan,Food & Beverages,Tea Prepared Ordinary,3.8200000000000074,3.819999999999993,0.0,0.0,0.0,0.0,0.0,0.0,0.0,0.0,0.0
2024,Multan,Food & Beverages,Tomatoes,-6.090000000000003,-6.090000000000003,-21.159999999999997,-54.03,53.47,70.69999999999999,-59.44999999999999,5.400000000000006,24.28,14.259999999999991,8.240000000000009
2024,Multan,Food & Beverages,Vegetable Ghee DALDA/HABIB 2.5 kg,-6.279999999999973,-6.279999999999973,-12.440000000000055,19.960000000000036,5.039999999999964,0.0,5.980000000000018,9.019999999999982,0.0,18.710000000000036,67.40999999999985
2024,Multan,Food & Beverages,Vegetable Ghee DALDA/HABIB or Ot,-2.490000000000009,-2.490000000000009,2.480000000000018,7.519999999999982,0.0,0.0,3.590000000000032,2.409999999999968,3.980000000000018,27.960000000000036,28.059999999999945
2024,Multan,Food & Beverages,Wheat Flour Bag,-31.985000000000127,-31.985000000000127,-253.75,-637.8399999999999,-163.48000000000002,227.16000000000008,-139.59000000000015,-95.38999999999987,67.37999999999988,7.050000000000182,-11.660000000000082
2024,Multan,Household Equipment,Energy Saver Philips 14 Watt,0.0,0.0,0.0,0.0,0.0,0.0,0.0,0.0,0.0,0.0,0.0
2024,Multan,Household Equipment,Match Box,0.0,0.0,0.0,0.0,0.0,0.0,0.0,0.0,0.0,0.0,0.0
2024,Multan,Housing Water & Energy,Electricity Charges upto 50 Units,0.04500000000000082,0.04499999999999993,-0.27000000000000046,-0.2599999999999998,0.4500000000000002,0.14999999999999947,-1.1799999999999997,0.1900000000000004,0.0699999999999994,0.0,0.0
2024,Multan,Housing Water & Energy,Firewood Whole,34.99499999999989,34.99500000000012,0.0,0.0,0.0,0.0,0.0,0.0,0.0,0.0,0.0
2024,Multan,Housing Water & Energy,Gas Charges upto 3.3719 MMBTU,132.75,132.75,0.0,0.0,0.0,0.0,0.0,0.0,0.0,0.0,0.0
2024,Multan,Housing Water & Energy,LPG 11.67 kg Cylinder,57.625,57.625,-405.52,-428.5999999999999,162.8499999999999,209.30999999999995,-31.480000000000018,-109.65999999999985,163.38999999999987,355.9500000000003,2.2399999999997817
2024,Multan,Miscellaneous,Cigarettes Capstan 20'S Packet,0.0,0.0,0.0,0.0,0.0,0.0,0.0,0.0,0.0,0.0,0.0
2024,Multan,Personal Care,Sufi Washing Soap 250 gm Cake,0.0,0.0,0.0,0.0,0.0,0.0,0.0,0.0,0.0,1.9500000000000028,6.049999999999997
2024,Multan,Personal Care,Toilet Soap LIFEBUOY 115 gm,0.0,0.0,0.0,0.0,0.0,0.0,0.0,0.0,0.0,0.0,0.0
2024,Multan,Transport & Communication,Hi-Speed Diesel,5.1200000000000045,5.119999999999948,-0.16999999999995907,-9.160000000000025,-8.099999999999966,11.549999999999955,-11.729999999999961,-12.620000000000005,-6.840000000000003,5.849999999999994,1.7699999999999818
2024,Multan,Transport & Communication,Petrol Super,8.224999999999966,8.225000000000023,11.909999999999968,-12.489999999999952,-15.930000000000007,7.3799999999999955,-6.170000000000016,-10.269999999999982,-7.060000000000002,1.3899999999999864,3.730000000000018
2024,Multan,Transport & Communication,Telephone Call Charges,0.0,0.0,0.0,0.0,0.0,0.0,0.0,0.0,0.0,0.0,0.0
2024,Peshawar,Apparel & Footwear,Gents Sandal Bata,0.0,0.0,200.0,0.0,0.0,0.0,0.0,0.0,0.0,0.0,0.0
2024,Peshawar,Apparel & Footwear,Gents Sponge Chappal Bata,0.0,0.0,0.0,0.0,0.0,0.0,0.0,0.0,0.0,0.0,0.0
2024,Peshawar,Apparel & Footwear,Georgette (Average Quality),0.0,0.0,0.0,0.6999999999999886,2.8300000000000125,0.0,0.0,0.0,0.0,0.0,0.0
2024,Peshawar,Apparel & Footwear,Ladies Sandal Bata,0.0,0.0,100.0,0.0,0.0,0.0,0.0,0.0,0.0,222.47000000000003,277.53
2024,Peshawar,Apparel & Footwear,Lawn Printed Gul Ahmed/Al Karam,0.0,0.0,0.0,0.0,0.0,0.0,0.0,0.0,0.0,0.0,0.0
2024,Peshawar,Apparel & Footwear,"Long Cloth 57"" Gul Ahmed/Al Karam",0.0,0.0,0.0,0.0,0.0,0.0,0.0,0.0,0.0,0.0,0.0
2024,Peshawar,Apparel & Footwear,Shirting (Average Quality),19.189999999999998,19.189999999999998,135.08999999999997,38.83000000000004,0.0,0.0,0.0,0.0,0.0,0.0,0.0
2024,Peshawar,Food & Beverages,Bananas (Kela) Local,35.07000000000001,35.06999999999999,2.1599999999999966,-19.900000000000006,11.620000000000005,3.4099999999999966,-25.819999999999993,-21.379999999999995,-7.150000000000006,-2.289999999999992,-5.050000000000011
2024,Peshawar,Food & Beverages,Beef with Bone (Average Quality),32.055000000000064,32.05499999999995,27.06000000000006,21.59999999999991,11.430000000000064,10.589999999999918,11.110000000000014,16.65000000000009,4.199999999999932,7.810000000000059,11.42999999999995
2024,Peshawar,Food & Beverages,Bread plain (Small Size),0.0,0.0,0.0,-3.4399999999999977,-6.560000000000002,0.0,0.0,0.0,0.0,0.0,0.0
2024,Peshawar,Food & Beverages,Chicken Farm Broiler (Live),0.8050000000000068,0.8050000000000068,34.01999999999998,-121.69999999999999,-1.7800000000000296,46.93000000000001,50.710000000000036,-3.180000000000007,4.899999999999977,-77.58999999999997,-21.670000000000016
2024,Peshawar,Food & Beverages,Chilies Powder NATIONAL 200 gm Pa,0.0,0.0,0.0,-17.45999999999998,-62.54000000000002,0.0,0.0,0.0,0.0,0.0,0.0
2024,Peshawar,Food & Beverages,Cooked Beef at Average Hotel,0.0,0.0,0.0,0.0,2.1299999999999955,2.1500000000000057,2.180000000000007,0.0,7.569999999999993,25.539999999999992,0.0
2024,Peshawar,Food & Beverages,Cooked Daal at Average Hotel,0.0,0.0,0.0,0.0,13.529999999999987,0.0,0.0,0.0,0.0,4.210000000000008,0.0
2024,Peshawar,Food & Beverages,Cooking Oil DALDA or Other Similar,-20.02500000000009,-20.02500000000009,-6.629999999999654,0.0,0.0,0.0,1.0,4.0099999999997635,0.0,62.590000000000146,93.59999999999991
2024,Peshawar,Food & Beverages,Curd (Dahi) Loose,0.0,0.0,0.0,3.569999999999993,3.1599999999999966,4.240000000000009,5.430000000000007,3.829999999999984,3.8400000000000034,0.0,0.0
2024,Peshawar,Food & Beverages,Eggs Hen (Farm),-75.11000000000001,-75.10999999999996,-8.53000000000003,-5.420000000000016,-10.669999999999987,-3.1699999999999875,34.49000000000001,31.69999999999999,1.2199999999999704,34.25,-2.849999999999966
2024,Peshawar,Food & Beverages,Garlic (Lehsun),-11.235000000000014,-11.235000000000014,57.190000000000055,-127.64999999999998,-98.93000000000006,-16.689999999999998,78.63000000000005,34.17999999999995,28.430000000000064,57.299999999999955,87.07000000000005
2024,Peshawar,Food & Beverages,Gur (Average Quality),-0.2750000000000057,-0.27499999999997726,-2.740000000000009,-0.4399999999999977,22.069999999999993,8.370000000000005,0.8799999999999955,8.460000000000008,-5.27000000000001,-12.710000000000008,-0.2699999999999818
2024,Peshawar,Food & Beverages,Milk fresh (Un-boiled),0.0,0.0,0.0,2.430000000000007,4.340000000000003,4.5,5.139999999999986,3.3300000000000125,1.1199999999999761,0.0,0.0
2024,Peshawar,Food & Beverages,Mustard Oil (Average Quality),-30.069999999999936,-30.07000000000005,-1.6600000000000819,0.44000000000005457,29.549999999999955,18.25999999999999,2.6900000000000546,0.0,0.0,0.0,23.210000000000036
2024,Peshawar,Food & Beverages,Mutton (Average Quality),19.840000000000146,19.839999999999918,9.8900000000001,17.539999999999964,11.789999999999964,5.259999999999991,31.11999999999989,24.200000000000045,5.160000000000082,0.0,2.650000000000091
2024,Peshawar,Food & Beverages,Onions,21.94999999999999,21.94999999999999,-49.70999999999998,-105.99000000000001,28.680000000000007,-7.260000000000005,21.60000000000001,15.810000000000002,-4.77000000000001,-7.8300000000000125,1.0500000000000114
2024,Peshawar,Food & Beverages,Potatoes,2.779999999999987,2.780000000000001,6.38000000000001,11.799999999999997,4.670000000000002,10.899999999999991,4.430000000000007,-3.200000000000003,-0.8499999999999943,3.0799999999999983,2.039999999999992
2024,Peshawar,Food & Beverages,Powdered Milk NIDO 390 gm Polyba,-3.324999999999932,-3.3250000000000455,12.110000000000014,12.069999999999936,-9.819999999999936,198.67999999999995,11.819999999999936,0.6700000000000728,1.3399999999999181,0.900000000000091,0.0
2024,Peshawar,Food & Beverages,Pulse Gram,-1.9850000000000136,-1.9850000000000136,-12.17999999999995,7.859999999999957,29.730000000000018,36.26999999999998,21.390000000000043,29.41999999999996,22.25999999999999,-13.169999999999959,-19.58000000000004
2024,Peshawar,Food & Beverages,Pulse Mash (Washed),0.0,0.0,0.4499999999999318,9.32000000000005,12.129999999999995,17.199999999999932,8.240000000000009,-16.029999999999973,-68.03999999999996,-41.170000000000016,-14.899999999999977
2024,Peshawar,Food & Beverages,Pulse Masoor (Washed),-1.8249999999999886,-1.8249999999999886,-8.450000000000045,-24.569999999999993,-2.2099999999999795,14.019999999999982,-0.37999999999999545,-16.399999999999977,-9.180000000000007,0.7799999999999727,0.0
2024,Peshawar,Food & Beverages,Pulse Moong (Washed),8.875,8.875,-1.3999999999999773,3.1999999999999886,1.7799999999999727,18.670000000000016,8.839999999999975,-18.659999999999968,36.69,14.769999999999982,7.189999999999998
2024,Peshawar,Food & Beverages,Rice Basmati Broken (Average Qualit,-1.5599999999999739,-1.5600000000000023,-4.380000000000024,-4.579999999999984,-0.6599999999999966,0.0,0.0,0.0,-9.51000000000002,-6.639999999999986,-15.879999999999995
2024,Peshawar,Food & Beverages,Rice IRRI-6/9 (Sindh/Punjab),0.5550000000000068,0.5549999999999784,-0.5600000000000023,-12.869999999999976,-2.6100000000000136,0.0,0.0,0.0,-5.409999999999997,-5.77000000000001,-6.1699999999999875
2024,Peshawar,Food & Beverages,Salt Powdered (NATIONAL/SHAN) 80,0.0,0.0,0.0,0.0,0.0,0.0,0.0,0.0,0.0,0.0,0.0
2024,Peshawar,Food & Beverages,Sugar Refined,-0.19999999999998863,-0.20000000000001705,-1.0199999999999818,0.0,1.049999999999983,1.740000000000009,-1.0600000000000023,-6.699999999999989,-4.110000000000014,-2.219999999999999,2.530000000000001
2024,Peshawar,Food & Beverages,Tea Lipton Yellow Label 190 gm Pack,0.0,0.0,0.0,0.0,0.0,0.0,0.0,0.0,0.0,0.0,0.0
2024,Peshawar,Food & Beverages,Tea Prepared Ordinary,0.0,0.0,0.0,0.0,0.0,1.3499999999999943,1.6500000000000057,1.0399999999999991,3.1999999999999957,0.0,0.0
2024,Peshawar,Food & Beverages,Tomatoes,-11.210000000000008,-11.20999999999998,-11.820000000000007,-38.17,24.83,47.05,-25.11999999999999,-28.560000000000002,19.450000000000003,45.599999999999994,31.169999999999987
2024,Peshawar,Food & Beverages,Vegetable Ghee DALDA/HABIB 2.5 kg,-7.505000000000109,-7.504999999999882,-4.990000000000009,0.0,0.0,14.970000000000027,9.990000000000009,20.039999999999964,0.0,4.990000000000009,95.00999999999999
2024,Peshawar,Food & Beverages,Vegetable Ghee DALDA/HABIB or Ot,0.0,0.0,0.0,0.0,0.0,0.0,4.759999999999991,10.240000000000009,3.980000000000018,23.409999999999968,29.600000000000023
2024,Peshawar,Food & Beverages,Wheat Flour Bag,-39.50500000000011,-39.504999999999654,-346.1300000000001,-586.9000000000001,-130.81999999999994,262.72,-163.76,-130.76,167.07999999999993,47.049999999999955,-24.299999999999955
2024,Peshawar,Household Equipment,Energy Saver Philips 14 Watt,5.099999999999994,5.099999999999994,0.0,11.54000000000002,68.22999999999996,10.230000000000018,0.0,0.0,0.0,0.0,0.0
2024,Peshawar,Household Equipment,Match Box,0.2599999999999998,0.2599999999999998,0.0,0.0,0.0,0.0,0.0,0.0,0.0,0.0,0.0
2024,Peshawar,Housing Water & Energy,Electricity Charges upto 50 Units,0.04500000000000082,0.04499999999999993,-0.27000000000000046,-0.2599999999999998,0.4500000000000002,0.14999999999999947,-1.1799999999999997,0.1900000000000004,0.0699999999999994,0.0,0.0
2024,Peshawar,Housing Water & Energy,Firewood Whole,-27.24000000000001,-27.24000000000001,0.0,-40.25,-39.610000000000014,46.73000000000002,36.93999999999994,42.34000000000003,108.91000000000008,57.319999999999936,7.75
2024,Peshawar,Housing Water & Energy,Gas Charges upto 3.3719 MMBTU,132.75,132.75,0.0,0.0,0.0,0.0,0.0,0.0,0.0,0.0,0.0
2024,Peshawar,Housing Water & Energy,LPG 11.67 kg Cylinder,-42.960000000000036,-42.960000000000036,-227.8199999999997,-403.3300000000004,-2.3099999999999454,383.1800000000003,-102.93000000000029,19.840000000000146,38.190000000000055,312.50999999999976,62.26999999999998
2024,Peshawar,Miscellaneous,Cigarettes Capstan 20'S Packet,0.0,0.0,0.0,0.0,0.0,0.0,0.0,0.0,0.0,0.0,0.0
2024,Peshawar,Personal Care,Sufi Washing Soap 250 gm Cake,0.0,0.0,0.0,0.0,0.0,0.0,0.0,0.0,0.0,0.0,0.0
2024,Peshawar,Personal Care,Toilet Soap LIFEBUOY 115 gm,0.0,0.0,0.0,0.0,0.0,0.0,0.0,0.0,0.0,0.0,0.0
2024,Peshawar,Transport & Communication,Hi-Speed Diesel,5.0849999999999795,5.0849999999999795,-0.15999999999996817,-9.069999999999993,-8.170000000000016,11.589999999999975,-11.779999999999973,-12.620000000000005,-6.8799999999999955,5.920000000000016,1.6999999999999886
2024,Peshawar,Transport & Communication,Petrol Super,8.20999999999998,8.20999999999998,11.910000000000025,-12.509999999999991,-15.960000000000036,7.470000000000027,-6.240000000000009,-10.289999999999992,-7.069999999999993,1.4000000000000057,3.6999999999999886
2024,Peshawar,Transport & Communication,Telephone Call Charges,0.0,0.0,0.0,0.0,0.0,0.0,0.0,0.0,0.0,0.0,0.0
2024,Quetta,Apparel & Footwear,Gents Sandal Bata,0.0,0.0,200.0,0.0,0.0,0.0,0.0,0.0,0.0,0.0,0.0
2024,Quetta,Apparel & Footwear,Gents Sponge Chappal Bata,0.0,0.0,0.0,0.0,0.0,0.0,0.0,0.0,0.0,0.0,0.0
2024,Quetta,Apparel & Footwear,Georgette (Average Quality),4.510000000000019,4.509999999999991,0.0,0.0,0.0,0.0,0.0,0.0,0.0,0.0,0.0
2024,Quetta,Apparel & Footwear,Ladies Sandal Bata,0.0,0.0,100.0,0.0,0.0,0.0,0.0,0.0,0.0,222.47000000000003,277.53
2024,Quetta,Apparel & Footwear,Lawn Printed Gul Ahmed/Al Karam,0.0,0.0,0.0,0.0,0.0,0.0,0.0,0.0,0.0,0.0,0.0
2024,Quetta,Apparel & Footwear,"Long Cloth 57"" Gul Ahmed/Al Karam",0.0,0.0,0.0,0.0,0.0,0.0,0.0,0.0,0.0,0.0,0.0
2024,Quetta,Apparel & Footwear,Shirting (Average Quality),0.0,0.0,0.0,0.0,0.0,0.0,0.0,0.0,0.0,0.0,0.0
2024,Quetta,Food & Beverages,Bananas (Kela) Local,11.379999999999995,11.379999999999995,-13.72999999999999,-2.1099999999999994,10.459999999999994,-3.1400000000000006,-1.5999999999999943,21.17,-22.010000000000005,-18.849999999999994,13.299999999999997
2024,Quetta,Food & Beverages,Beef with Bone (Average Quality),13.740000000000009,13.740000000000009,16.25,23.81000000000006,14.959999999999923,10.06000000000006,0.0,0.0,0.0,0.0,0.0
2024,Quetta,Food & Beverages,Bread plain (Small Size),0.0,0.0,0.0,0.0,0.0,0.0,0.0,0.0,0.0,0.0,0.0
2024,Quetta,Food & Beverages,Chicken Farm Broiler (Live),6.420000000000016,6.420000000000016,67.38999999999999,-153.54000000000002,-3.069999999999993,43.73000000000002,84.46999999999997,-28.689999999999998,2.0,-93.43,-28.039999999999964
2024,Quetta,Food & Beverages,Chilies Powder NATIONAL 200 gm Pa,0.0,0.0,0.0,0.0,0.0,0.0,-65.39999999999998,-14.600000000000023,0.0,0.0,0.0
2024,Quetta,Food & Beverages,Cooked Beef at Average Hotel,0.0,0.0,0.0,0.0,0.0,0.0,0.0,0.0,0.0,0.0,0.0
2024,Quetta,Food & Beverages,Cooked Daal at Average Hotel,0.0,0.0,0.0,0.0,0.0,0.0,0.0,0.0,0.0,0.0,12.370000000000005
2024,Quetta,Food & Beverages,Cooking Oil DALDA or Other Similar,-60.66000000000031,-60.659999999999854,-19.769999999999982,63.809999999999945,16.190000000000055,0.0,-16.190000000000055,-63.809999999999945,0.0,53.51999999999998,43.9699999999998
2024,Quetta,Food & Beverages,Curd (Dahi) Loose,0.0,0.0,0.0,0.0,0.0,0.0,0.0,0.0,0.0,0.0,0.0
2024,Quetta,Food & Beverages,Eggs Hen (Farm),-67.29500000000002,-67.29499999999996,5.689999999999998,-26.439999999999998,-10.900000000000006,3.1200000000000045,31.379999999999967,24.210000000000036,-3.7800000000000296,35.85000000000002,18.659999999999968
2024,Quetta,Food & Beverages,Garlic (Lehsun),24.625,24.625,-38.039999999999964,-32.18999999999994,-30.610000000000014,-57.25000000000006,44.43000000000001,24.25,53.58000000000004,15.049999999999955,65.22000000000003
2024,Quetta,Food & Beverages,Gur (Average Quality),-11.38500000000002,-11.384999999999991,0.0,0.0,0.0,0.0,0.0,0.0,15.860000000000014,6.659999999999997,7.489999999999981
2024,Quetta,Food & Beverages,Milk fresh (Un-boiled),0.0,0.0,0.0,0.0,0.0,0.0,0.0,0.0,0.0,0.0,0.0
2024,Quetta,Food & Beverages,Mustard Oil (Average Quality),-7.219999999999914,-7.220000000000027,3.92999999999995,11.980000000000018,0.0,0.0,-16.08000000000004,-3.949999999999932,0.0,19.620000000000005,33.23000000000002
2024,Quetta,Food & Beverages,Mutton (Average Quality),40.47000000000003,40.47000000000003,39.690000000000055,136.95000000000005,6.649999999999864,0.0,0.0,0.0,0.0,0.0,0.0
2024,Quetta,Food & Beverages,Onions,8.370000000000005,8.370000000000005,13.25,-119.81,20.66000000000001,-29.040000000000006,21.85000000000001,-0.010000000000005116,21.28,-17.03,3.3799999999999955
2024,Quetta,Food & Beverages,Potatoes,1.8449999999999989,1.8449999999999989,5.029999999999994,2.460000000000008,12.579999999999998,2.3299999999999983,3.0600000000000023,-3.0600000000000023,-9.049999999999997,9.049999999999997,13.170000000000002
2024,Quetta,Food & Beverages,Powdered Milk NIDO 390 gm Polyba,0.0,0.0,4.960000000000036,15.039999999999964,0.0,160.0,0.0,0.0,0.0,0.0,0.0
2024,Quetta,Food & Beverages,Pulse Gram,2.519999999999982,2.5200000000000387,2.4699999999999704,-7.509999999999991,23.379999999999995,41.629999999999995,31.889999999999986,12.930000000000007,18.170000000000016,21.95999999999998,-25.439999999999998
2024,Quetta,Food & Beverages,Pulse Mash (Washed),23.279999999999973,23.279999999999973,8.790000000000077,-42.30000000000007,-10.269999999999982,53.75,24.07000000000005,6.009999999999991,-27.25,-22.800000000000068,-37.45999999999992
2024,Quetta,Food & Beverages,Pulse Masoor (Washed),5.654999999999973,5.65500000000003,5.009999999999991,-23.75999999999999,-11.330000000000041,32.610000000000014,-10.170000000000016,-32.36999999999995,-9.5,2.0299999999999727,-0.07999999999998408
2024,Quetta,Food & Beverages,Pulse Moong (Washed),20.664999999999964,20.66500000000002,2.519999999999982,-20.279999999999973,-9.930000000000007,32.620000000000005,1.509999999999991,-3.920000000000016,11.879999999999995,18.090000000000032,22.399999999999977
2024,Quetta,Food & Beverages,Rice Basmati Broken (Average Qualit,3.734999999999957,3.7350000000000136,-3.759999999999991,-7.8700000000000045,2.6499999999999773,11.510000000000048,-5.090000000000032,6.28000000000003,-2.2100000000000364,-5.279999999999973,-3.6999999999999886
2024,Quetta,Food & Beverages,Rice IRRI-6/9 (Sindh/Punjab),0.0,0.0,0.0,0.0,0.0,0.0,0.0,0.0,0.0,0.0,-5.069999999999993
2024,Quetta,Food & Beverages,Salt Powdered (NATIONAL/SHAN) 80,2.594999999999999,2.594999999999999,0.0,0.0,0.0,0.0,0.0,0.0,0.0,0.0,0.0
2024,Quetta,Food & Beverages,Sugar Refined,-2.109999999999985,-2.1100000000000136,-1.240000000000009,-3.0999999999999943,-3.259999999999991,9.340000000000003,-1.3900000000000148,-10.329999999999984,-9.159999999999997,-6.090000000000003,1.4499999999999886
2024,Quetta,Food & Beverages,Tea Lipton Yellow Label 190 gm Pack,0.0,0.0,0.0,0.0,0.0,0.0,0.0,0.0,0.0,0.0,0.0
2024,Quetta,Food & Beverages,Tea Prepared Ordinary,0.0,0.0,0.0,0.0,0.0,6.090000000000003,3.9099999999999966,0.0,0.0,0.0,0.0
2024,Quetta,Food & Beverages,Tomatoes,-17.5,-17.5,4.739999999999995,-39.15,46.080000000000005,28.61,-39.95,-1.7099999999999937,20.239999999999995,13.079999999999998,36.71000000000001
2024,Quetta,Food & Beverages,Vegetable Ghee DALDA/HABIB 2.5 kg,-12.5,-12.5,0.0,19.960000000000036,5.039999999999964,0.0,5.980000000000018,9.019999999999982,0.0,15.569999999999936,39.65000000000009
2024,Quetta,Food & Beverages,Vegetable Ghee DALDA/HABIB or Ot,-3.115000000000009,-3.115000000000009,2.480000000000018,7.519999999999982,0.0,0.0,3.590000000000032,2.409999999999968,0.0,14.149999999999977,42.00999999999999
2024,Quetta,Food & Beverages,Wheat Flour Bag,-47.875,-47.875,-194.59000000000015,-429.02999999999975,-106.05000000000018,45.940000000000055,-79.34999999999991,-150.6300000000001,28.289999999999964,47.100000000000136,0.6299999999998818
2024,Quetta,Household Equipment,Energy Saver Philips 14 Watt,0.0,0.0,0.0,0.0,0.0,0.0,0.0,0.0,0.0,0.0,0.0
2024,Quetta,Household Equipment,Match Box,0.0649999999999995,0.06500000000000039,0.0,0.0,0.0,0.0,0.0,0.0,0.0,0.0,0.0
2024,Quetta,Housing Water & Energy,Electricity Charges upto 50 Units,0.04500000000000082,0.04499999999999993,-0.27000000000000046,-0.2599999999999998,0.4500000000000002,0.14999999999999947,-1.1799999999999997,0.1900000000000004,0.0699999999999994,0.0,0.0
2024,Quetta,Housing Water & Energy,Firewood Whole,0.0,0.0,0.0,-11.910000000000082,-38.11000000000013,18.5300000000002,6.240000000000009,0.0,0.0,0.0,36.679999999999836
2024,Quetta,Housing Water & Energy,Gas Charges upto 3.3719 MMBTU,132.75,132.75,0.0,0.0,0.0,0.0,0.0,0.0,0.0,0.0,0.0
2024,Quetta,Housing Water & Energy,LPG 11.67 kg Cylinder,64.20000000000027,64.19999999999982,37.30000000000018,-292.6700000000001,-413.77,156.48000000000002,134.82999999999993,108.98000000000002,41.36000000000013,40.059999999999945,124.53999999999996
2024,Quetta,Miscellaneous,Cigarettes Capstan 20'S Packet,0.0,0.0,0.0,2.009999999999991,10.51000000000002,3.769999999999982,3.719999999999999,0.0,0.0,0.0,0.0
2024,Quetta,Personal Care,Sufi Washing Soap 250 gm Cake,0.0,0.0,0.0,0.0,0.0,0.0,0.0,0.0,0.0,0.0,0.0
2024,Quetta,Personal Care,Toilet Soap LIFEBUOY 115 gm,0.0,0.0,0.0,0.0,0.0,0.0,0.0,0.0,0.0,0.0,0.0
2024,Quetta,Transport & Communication,Hi-Speed Diesel,5.090000000000032,5.089999999999975,-0.12999999999999545,-9.04000000000002,-8.17999999999995,11.42999999999995,-11.67999999999995,-12.110000000000014,-7.219999999999999,5.8300000000000125,1.6499999999999773
2024,Quetta,Transport & Communication,Petrol Super,8.205000000000041,8.204999999999984,11.970000000000027,-12.510000000000048,-16.00999999999999,7.400000000000034,-6.150000000000034,-9.449999999999989,-7.800000000000011,1.3500000000000227,3.6999999999999886
2024,Quetta,Transport & Communication,Telephone Call Charges,0.0,0.0,0.0,0.0,0.0,0.0,0.0,0.0,0.0,0.0,0.0
2024,Rawalpindi,Apparel & Footwear,Gents Sandal Bata,0.0,0.0,200.0,0.0,0.0,0.0,0.0,0.0,0.0,0.0,0.0
2024,Rawalpindi,Apparel & Footwear,Gents Sponge Chappal Bata,0.0,0.0,0.0,0.0,0.0,0.0,0.0,0.0,0.0,0.0,0.0
2024,Rawalpindi,Apparel & Footwear,Georgette (Average Quality),0.0,20.599999999999966,7.180000000000007,0.0,0.0,0.0,0.0,0.0,0.0,30.99000000000001,10.96999999999997
2024,Rawalpindi,Apparel & Footwear,Ladies Sandal Bata,0.0,0.0,100.0,0.0,0.0,0.0,0.0,0.0,0.0,222.47000000000003,277.53
2024,Rawalpindi,Apparel & Footwear,Lawn Printed Gul Ahmed/Al Karam,0.0,27.92999999999995,9.710000000000036,0.0,0.0,18.909999999999968,6.470000000000027,0.0,0.0,0.0,0.0
2024,Rawalpindi,Apparel & Footwear,"Long Cloth 57"" Gul Ahmed/Al Karam",0.0,34.48000000000002,11.970000000000027,0.0,0.0,39.549999999999955,13.75,0.0,0.0,0.0,0.0
2024,Rawalpindi,Apparel & Footwear,Shirting (Average Quality),0.0,59.370000000000005,8.279999999999973,0.0,0.0,0.0,0.0,0.0,0.0,5.07000000000005,1.6999999999999318
2024,Rawalpindi,Food & Beverages,Bananas (Kela) Local,0.0,76.17000000000002,-2.7600000000000193,-25.69999999999999,18.370000000000005,1.6500000000000057,-31.090000000000003,-34.58000000000001,-7.349999999999994,-2.3499999999999943,5.259999999999991
2024,Rawalpindi,Food & Beverages,Beef with Bone (Average Quality),0.0,82.60000000000002,12.660000000000082,44.0,18.45999999999981,0.0,0.0,0.0,0.0,0.0,0.0
2024,Rawalpindi,Food & Beverages,Bread plain (Small Size),0.0,0.0,0.0,0.0,-10.0,0.0,0.0,0.0,0.0,0.0,0.0
2024,Rawalpindi,Food & Beverages,Chicken Farm Broiler (Live),0.0,0.7400000000000091,36.860000000000014,-119.88,1.2099999999999795,47.629999999999995,48.56999999999999,-1.8100000000000023,4.110000000000014,-78.94999999999999,-14.699999999999989
2024,Rawalpindi,Food & Beverages,Chilies Powder NATIONAL 200 gm Pa,0.0,0.0,-21.69999999999999,-58.30000000000001,0.0,0.0,0.0,0.0,0.0,0.0,0.0
2024,Rawalpindi,Food & Beverages,Cooked Beef at Average Hotel,0.0,9.480000000000018,0.0,0.0,0.0,0.0,0.0,0.0,0.0,19.539999999999964,5.740000000000009
2024,Rawalpindi,Food & Beverages,Cooked Daal at Average Hotel,0.0,8.900000000000006,0.0,0.0,3.3499999999999943,10.360000000000014,0.0,0.0,0.0,0.0,0.0
2024,Rawalpindi,Food & Beverages,Curd (Dahi) Loose,0.0,1.339999999999975,0.0,0.0,0.0,5.260000000000019,1.9899999999999807,0.0,0.0,0.6900000000000261,0.6999999999999886
2024,Rawalpindi,Food & Beverages,Eggs Hen (Farm),0.0,-143.36,-5.0400000000000205,-9.689999999999998,-3.7799999999999727,7.980000000000018,28.159999999999968,21.870000000000005,0.6700000000000159,36.170000000000016,-3.2900000000000205
2024,Rawalpindi,Food & Beverages,Garlic (Lehsun),0.0,-16.75999999999999,-18.710000000000036,-15.729999999999905,-92.66000000000003,18.21999999999997,4.990000000000009,27.700000000000045,34.25999999999999,37.59999999999991,41.41000000000008
2024,Rawalpindi,Food & Beverages,Gur (Average Quality),0.0,8.650000000000006,0.0,0.0,0.0,0.0,0.0,0.0,0.0,0.0,3.9899999999999807
2024,Rawalpindi,Food & Beverages,Milk fresh (Un-boiled),0.0,1.3499999999999943,0.0,0.0,0.0,2.490000000000009,1.25,0.0,0.0,0.0,0.0
2024,Rawalpindi,Food & Beverages,Mustard Oil (Average Quality),0.0,0.0,0.0,0.0,0.0,0.0,0.0,-2.340000000000032,-13.440000000000055,-4.269999999999982,0.0
2024,Rawalpindi,Food & Beverages,Mutton (Average Quality),0.0,102.85999999999967,20.5300000000002,82.55000000000018,33.06999999999971,0.0,0.0,0.0,0.0,0.0,0.0
2024,Rawalpindi,Food & Beverages,Onions,0.0,32.74000000000004,-48.25000000000003,-102.87,23.840000000000003,-2.039999999999992,25.299999999999983,4.52000000000001,-0.8700000000000045,-7.329999999999984,-2.980000000000018
2024,Rawalpindi,Food & Beverages,Potatoes,0.0,-1.25,3.269999999999996,16.75,11.16000000000001,5.179999999999993,1.730000000000004,3.700000000000003,6.239999999999995,12.550000000000011,-10.660000000000025
2024,Rawalpindi,Food & Beverages,Powdered Milk NIDO 390 gm Polyba,0.0,0.0,8.700000000000045,26.649999999999977,0.0,144.89,15.110000000000014,0.0,0.0,17.8900000000001,0.0
2024,Rawalpindi,Food & Beverages,Pulse Gram,0.0,10.890000000000043,0.0,0.0,20.180000000000007,38.92999999999995,29.180000000000007,39.19,25.660000000000025,1.6200000000000045,-16.189999999999998
2024,Rawalpindi,Food & Beverages,Pulse Mash (Washed),0.0,4.659999999999968,0.0,0.0,16.269999999999982,20.190000000000055,8.149999999999977,-10.970000000000027,-8.049999999999955,-18.620000000000005,-61.53000000000003
2024,Rawalpindi,Food & Beverages,Pulse Masoor (Washed),0.0,6.730000000000018,0.0,0.0,0.0,5.039999999999964,1.6800000000000068,-7.319999999999993,-2.920000000000016,-8.239999999999952,-5.4500000000000455
2024,Rawalpindi,Food & Beverages,Pulse Moong (Washed),0.0,11.399999999999977,0.0,-2.7099999999999795,5.310000000000002,30.160000000000025,1.849999999999966,-3.180000000000007,22.340000000000032,24.180000000000007,8.20999999999998
2024,Rawalpindi,Food & Beverages,Rice Basmati Broken (Average Qualit,0.0,0.0,0.0,-3.8100000000000023,-14.580000000000013,-1.6399999999999864,7.949999999999989,0.0,0.0,0.0,0.0
2024,Rawalpindi,Food & Beverages,Rice IRRI-6/9 (Sindh/Punjab),0.0,1.0600000000000023,0.0,0.0,0.0,0.0,0.0,0.0,0.0,0.0,0.0
2024,Rawalpindi,Food & Beverages,Salt Powdered (NATIONAL/SHAN) 80,0.0,0.0,0.0,0.75,1.1500000000000057,1.6099999999999994,0.3299999999999983,0.0,0.0,0.0,0.0
2024,Rawalpindi,Food & Beverages,Sugar Refined,0.0,-2.1299999999999955,-1.5900000000000034,0.45000000000001705,0.12999999999999545,2.3000000000000114,0.13999999999998636,-4.300000000000011,-5.619999999999976,-3.8700000000000045,2.1399999999999864
2024,Rawalpindi,Food & Beverages,Tea Lipton Yellow Label 190 gm Pack,0.0,0.0,0.0,0.0,0.0,0.0,0.0,0.0,0.0,0.0,0.0
2024,Rawalpindi,Food & Beverages,Tea Prepared Ordinary,0.0,2.9399999999999977,0.0,0.0,0.0,0.0,0.0,0.0,0.0,0.0,0.0
2024,Rawalpindi,Food & Beverages,Tomatoes,0.0,-20.919999999999987,-23.14,-28.28,28.189999999999998,66.17,-32.52000000000001,-28.489999999999995,24.89999999999999,42.77000000000001,23.430000000000007
2024,Rawalpindi,Food & Beverages,Vegetable Ghee DALDA/HABIB 2.5 kg,0.0,-12.440000000000055,0.0,25.0,0.0,0.0,8.980000000000018,6.019999999999982,13.86999999999989,54.840000000000146,79.95000000000005
2024,Rawalpindi,Food & Beverages,Wheat Flour Bag,0.0,-66.11999999999989,-343.0500000000002,-518.9899999999998,-132.36000000000013,250.63999999999987,-172.64999999999986,-102.57999999999993,122.38000000000011,-2.5800000000001546,-19.669999999999845
2024,Rawalpindi,Household Equipment,Energy Saver Philips 14 Watt,0.0,0.0,0.0,0.0,0.0,0.0,0.0,0.0,0.0,0.0,0.0
2024,Rawalpindi,Household Equipment,Match Box,0.0,0.0,0.0,0.0,0.0,0.0,0.0,0.0,0.0,0.0,0.0
2024,Rawalpindi,Housing Water & Energy,Electricity Charges upto 50 Units,0.0,0.09000000000000075,-0.27000000000000046,-0.2599999999999998,0.4500000000000002,0.14999999999999947,-1.1799999999999997,0.1900000000000004,0.0699999999999994,0.0,0.0
2024,Rawalpindi,Housing Water & Energy,Firewood Whole,0.0,0.0,0.0,0.0,0.0,0.0,0.0,0.0,17.100000000000136,87.05999999999995,9.900000000000091
2024,Rawalpindi,Housing Water & Energy,Gas Charges upto 3.3719 MMBTU,0.0,265.5,0.0,0.0,0.0,0.0,0.0,0.0,0.0,0.0,0.0
2024,Rawalpindi,Housing Water & Energy,LPG 11.67 kg Cylinder,0.0,32.01000000000022,-80.90000000000009,-334.1300000000001,-66.00999999999976,231.30999999999995,112.19999999999982,2.1600000000003092,56.61999999999989,167.10999999999967,81.07000000000016
2024,Rawalpindi,Miscellaneous,Cigarettes Capstan 20'S Packet,0.0,0.0,0.0,0.0,10.560000000000002,13.939999999999998,0.0,0.0,0.0,0.0,0.0
2024,Rawalpindi,Personal Care,Sufi Washing Soap 250 gm Cake,0.0,0.0,0.0,0.0,0.0,0.0,0.0,0.0,0.0,0.0,5.800000000000011
2024,Rawalpindi,Personal Care,Toilet Soap LIFEBUOY 115 gm,0.0,0.0,0.0,0.0,0.0,0.0,0.0,-6.030000000000001,-6.590000000000003,-3.4599999999999937,0.0
2024,Rawalpindi,Transport & Communication,Hi-Speed Diesel,0.0,10.20999999999998,-0.17999999999994998,-9.129999999999995,-8.090000000000032,11.54000000000002,-11.730000000000018,-12.610000000000014,-6.859999999999985,5.859999999999985,1.7300000000000182
2024,Rawalpindi,Transport & Communication,Petrol Super,0.0,16.46999999999997,11.920000000000016,-12.430000000000007,-16.029999999999973,7.409999999999968,-6.189999999999998,-10.269999999999982,-7.0400000000000205,1.3400000000000034,3.740000000000009
2024,Rawalpindi,Transport & Communication,Telephone Call Charges,0.0,0.0,0.0,0.0,0.0,0.0,0.0,0.0,0.0,0.0,0.0
2024,Sargodha,Apparel & Footwear,Gents Sandal Bata,0.0,0.0,200.0,0.0,0.0,0.0,0.0,0.0,0.0,0.0,0.0
2024,Sargodha,Apparel & Footwear,Gents Sponge Chappal Bata,0.0,0.0,0.0,0.0,0.0,0.0,0.0,0.0,0.0,0.0,0.0
2024,Sargodha,Apparel & Footwear,Georgette (Average Quality),0.0,0.0,17.819999999999993,18.730000000000018,0.0,13.449999999999989,0.0,0.0,0.0,0.0,0.0
2024,Sargodha,Apparel & Footwear,Ladies Sandal Bata,0.0,0.0,100.0,0.0,0.0,0.0,0.0,0.0,0.0,222.47000000000003,277.53
2024,Sargodha,Apparel & Footwear,Lawn Printed Gul Ahmed/Al Karam,0.0,0.0,0.0,0.0,0.0,0.0,0.0,0.0,0.0,0.0,0.0
2024,Sargodha,Apparel & Footwear,"Long Cloth 57"" Gul Ahmed/Al Karam",15.0,15.0,0.0,0.0,0.0,0.0,0.0,0.0,0.0,0.0,0.0
2024,Sargodha,Apparel & Footwear,Shirting (Average Quality),0.0,0.0,0.0,0.0,0.0,13.409999999999968,0.0,0.0,0.0,0.0,0.0
2024,Sargodha,Food & Beverages,Bananas (Kela) Local,39.19499999999999,39.19499999999999,-14.429999999999978,-40.16000000000001,20.049999999999997,6.150000000000006,-26.810000000000002,-13.649999999999991,-0.2400000000000091,-4.640000000000001,4.090000000000003
2024,Sargodha,Food & Beverages,Beef with Bone (Average Quality),4.154999999999973,4.154999999999973,28.40000000000009,4.0,2.67999999999995,0.0,0.0,0.0,0.0,50.0,0.0
2024,Sargodha,Food & Beverages,Bread plain (Small Size),0.0,0.0,0.0,0.0,0.0,0.0,0.0,0.0,0.0,0.0,0.0
2024,Sargodha,Food & Beverages,Chicken Farm Broiler (Live),2.555000000000007,2.555000000000007,18.339999999999975,-130.05,11.490000000000009,57.420000000000016,40.389999999999986,5.009999999999991,-4.029999999999973,-62.28000000000003,-30.739999999999952
2024,Sargodha,Food & Beverages,Chilies Powder NATIONAL 200 gm Pa,0.0,0.0,0.0,0.0,-80.0,0.0,0.0,0.0,0.0,0.0,0.0
2024,Sargodha,Food & Beverages,Cooked Beef at Average Hotel,0.0,0.0,0.0,0.0,0.0,0.0,35.06,14.939999999999998,0.0,0.0,0.0
2024,Sargodha,Food & Beverages,Cooked Daal at Average Hotel,0.0,0.0,0.0,0.0,0.0,0.0,27.27000000000001,2.7299999999999898,0.0,0.0,0.0
2024,Sargodha,Food & Beverages,Cooking Oil DALDA or Other Similar,-18.704999999999927,-18.704999999999927,0.0,0.0,0.0,0.0,0.0,-60.23000000000002,44.039999999999964,26.170000000000073,151.76999999999998
2024,Sargodha,Food & Beverages,Curd (Dahi) Loose,0.0,0.0,0.0,3.8300000000000125,16.169999999999987,0.0,0.0,0.0,0.0,0.0,0.0
2024,Sargodha,Food & Beverages,Eggs Hen (Farm),-70.02000000000004,-70.01999999999998,-16.950000000000017,0.9900000000000091,-3.710000000000008,9.01000000000002,30.059999999999974,19.720000000000027,-1.1000000000000227,36.23000000000002,-7.550000000000011
2024,Sargodha,Food & Beverages,Garlic (Lehsun),18.54499999999996,18.54499999999996,29.730000000000018,-39.069999999999936,-133.24000000000007,25.660000000000025,4.389999999999986,26.210000000000036,25.269999999999982,109.58000000000004,3.240000000000009
2024,Sargodha,Food & Beverages,Gur (Average Quality),-12.435000000000002,-12.435000000000002,0.0,0.0,0.0,12.330000000000013,6.989999999999981,7.230000000000018,6.739999999999981,-21.819999999999993,-11.469999999999999
2024,Sargodha,Food & Beverages,Milk fresh (Un-boiled),0.0,0.0,0.0,0.6800000000000068,7.649999999999977,5.0800000000000125,0.0,0.0,0.0,0.0,0.0
2024,Sargodha,Food & Beverages,Mustard Oil (Average Quality),0.0,0.0,0.0,0.0,0.0,0.0,0.0,0.0,0.0,22.299999999999955,62.360000000000014
2024,Sargodha,Food & Beverages,Mutton (Average Quality),8.289999999999964,8.289999999999964,16.75999999999999,49.57999999999993,33.930000000000064,0.0,0.0,0.0,66.50999999999999,83.49000000000001,37.36999999999989
2024,Sargodha,Food & Beverages,Onions,3.460000000000008,3.4599999999999795,-15.829999999999984,-94.89,16.980000000000004,-23.49000000000001,26.99000000000001,18.5,-1.920000000000016,-6.429999999999978,-4.430000000000007
2024,Sargodha,Food & Beverages,Potatoes,5.24499999999999,5.245000000000012,6.920000000000002,14.510000000000005,19.989999999999995,1.9899999999999949,-5.769999999999996,0.0,-2.0900000000000034,11.070000000000007,4.019999999999996
2024,Sargodha,Food & Beverages,Powdered Milk NIDO 390 gm Polyba,0.0,0.0,0.0,0.0,0.0,152.92999999999995,57.07000000000005,0.0,0.0,0.0,0.0
2024,Sargodha,Food & Beverages,Pulse Gram,0.8499999999999943,0.8499999999999943,0.0,0.3300000000000125,30.27000000000001,24.299999999999955,39.39000000000004,52.31,8.039999999999964,-20.0,-24.639999999999986
2024,Sargodha,Food & Beverages,Pulse Mash (Washed),-8.324999999999932,-8.325000000000045,0.0,2.6399999999999864,12.340000000000032,19.090000000000032,26.870000000000005,-37.54000000000008,-16.090000000000032,-5.659999999999968,-21.649999999999977
2024,Sargodha,Food & Beverages,Pulse Masoor (Washed),-7.555000000000007,-7.555000000000007,-4.889999999999986,-8.160000000000025,-19.649999999999977,24.439999999999998,-6.100000000000023,-10.529999999999973,-1.3500000000000227,-4.669999999999959,-27.360000000000014
2024,Sargodha,Food & Beverages,Pulse Moong (Washed),10.840000000000032,10.839999999999975,1.6899999999999977,-19.339999999999975,11.619999999999948,21.850000000000023,1.1399999999999864,-30.389999999999986,26.49000000000001,48.629999999999995,-10.420000000000016
2024,Sargodha,Food & Beverages,Rice Basmati Broken (Average Qualit,-7.164999999999992,-7.1650000000000205,-4.819999999999993,0.0,-15.199999999999989,-4.800000000000011,0.0,0.0,0.0,-11.710000000000008,-3.359999999999985
2024,Sargodha,Food & Beverages,Rice IRRI-6/9 (Sindh/Punjab),0.0,0.0,0.0,0.0,-7.549999999999983,-2.450000000000017,0.0,0.8400000000000034,2.5600000000000023,-10.0,0.0
2024,Sargodha,Food & Beverages,Salt Powdered (NATIONAL/SHAN) 80,0.0,0.0,0.0,0.0,0.0,0.0,0.0,0.0,0.0,7.3700000000000045,2.6299999999999955
2024,Sargodha,Food & Beverages,Sugar Refined,0.0,0.0,-1.25,1.1500000000000057,-2.3799999999999955,5.0,-2.0200000000000102,-5.5,-4.5,-2.9799999999999898,1.2299999999999898
2024,Sargodha,Food & Beverages,Tea Lipton Yellow Label 190 gm Pack,-31.684999999999945,-31.68500000000006,0.0,0.0,0.0,0.0,0.0,0.0,0.0,0.0,0.0
2024,Sargodha,Food & Beverages,Tea Prepared Ordinary,0.0,0.0,0.0,0.0,0.0,3.539999999999999,0.0,0.0,0.0,0.0,0.0
2024,Sargodha,Food & Beverages,Tomatoes,-9.875,-9.875,0.39000000000000057,-52.73,29.020000000000003,29.92,-6.5800000000000125,-15.459999999999994,20.0,36.81999999999999,9.230000000000018
2024,Sargodha,Food & Beverages,Vegetable Ghee DALDA/HABIB 2.5 kg,0.0,0.0,0.0,0.0,0.0,0.0,0.0,0.0,19.960000000000036,20.039999999999964,113.74000000000001
2024,Sargodha,Food & Beverages,Vegetable Ghee DALDA/HABIB or Ot,-1.240000000000009,-1.240000000000009,4.980000000000018,5.019999999999982,0.0,0.0,6.0,0.0,5.590000000000032,30.269999999999982,25.110000000000014
2024,Sargodha,Food & Beverages,Wheat Flour Bag,-40.69999999999982,-40.70000000000027,-367.02999999999975,-455.08000000000015,-126.49000000000001,99.20000000000005,-33.75,-132.45000000000005,35.98000000000002,-39.190000000000055,41.450000000000045
2024,Sargodha,Household Equipment,Energy Saver Philips 14 Watt,0.0,0.0,0.0,0.0,0.0,0.0,0.0,0.0,0.0,0.0,22.350000000000023
2024,Sargodha,Household Equipment,Match Box,0.0,0.0,0.0,0.0,0.0,0.0,0.0,0.0,0.0,0.0,0.0
2024,Sargodha,Housing Water & Energy,Electricity Charges upto 50 Units,0.04500000000000082,0.04499999999999993,-0.27000000000000046,-0.2599999999999998,0.4500000000000002,0.14999999999999947,-1.1799999999999997,0.1900000000000004,0.0699999999999994,0.0,0.0
2024,Sargodha,Housing Water & Energy,Firewood Whole,0.0,0.0,0.0,0.0,0.0,0.0,79.23000000000002,20.769999999999982,100.0,37.309999999999945,12.690000000000055
2024,Sargodha,Housing Water & Energy,Gas Charges upto 3.3719 MMBTU,132.75,132.75,0.0,0.0,0.0,0.0,0.0,0.0,0.0,0.0,0.0
2024,Sargodha,Housing Water & Energy,LPG 11.67 kg Cylinder,-6.264999999999873,-6.264999999999873,-116.61999999999989,-211.04000000000042,-72.56999999999971,75.32999999999993,79.73000000000002,120.26999999999998,59.940000000000055,176.53999999999996,150.94999999999982
2024,Sargodha,Miscellaneous,Cigarettes Capstan 20'S Packet,0.0,0.0,0.0,0.0,0.0,2.460000000000008,6.179999999999978,1.3600000000000136,0.0,0.0,0.0
2024,Sargodha,Personal Care,Sufi Washing Soap 250 gm Cake,0.0,0.0,0.0,0.0,0.0,0.0,0.0,0.0,0.0,0.0,0.0
2024,Sargodha,Personal Care,Toilet Soap LIFEBUOY 115 gm,0.0,0.0,0.0,0.0,0.0,0.0,0.0,0.0,0.0,0.0,0.0
2024,Sargodha,Transport & Communication,Hi-Speed Diesel,5.110000000000014,5.110000000000014,-0.160000000000025,-9.079999999999984,-8.170000000000016,11.629999999999995,-11.769999999999982,-12.600000000000023,-6.929999999999978,5.869999999999976,1.7300000000000182
2024,Sargodha,Transport & Communication,Petrol Super,8.225000000000023,8.225000000000023,11.909999999999968,-12.509999999999991,-15.95999999999998,7.509999999999991,-6.240000000000009,-10.289999999999992,-7.050000000000011,1.3499999999999943,3.730000000000018
2024,Sargodha,Transport & Communication,Telephone Call Charges,0.0,0.0,0.0,0.0,0.0,0.0,0.0,0.0,0.0,0.0,0.0
2024,Sialkot,Apparel & Footwear,Gents Sandal Bata,0.0,0.0,200.0,0.0,0.0,0.0,0.0,0.0,0.0,0.0,0.0
2024,Sialkot,Apparel & Footwear,Gents Sponge Chappal Bata,0.0,0.0,0.0,0.0,0.0,0.0,0.0,0.0,0.0,0.0,0.0
2024,Sialkot,Apparel & Footwear,Georgette (Average Quality),0.0,0.0,0.0,0.0,0.0,0.0,0.0,0.0,0.0,0.0,0.0
2024,Sialkot,Apparel & Footwear,Ladies Sandal Bata,0.0,0.0,100.0,0.0,0.0,0.0,0.0,0.0,0.0,222.47000000000003,277.53
2024,Sialkot,Apparel & Footwear,Lawn Printed Gul Ahmed/Al Karam,0.0,0.0,47.90999999999997,52.09000000000003,0.0,0.0,0.0,0.0,0.0,0.0,0.0
2024,Sialkot,Apparel & Footwear,"Long Cloth 57"" Gul Ahmed/Al Karam",0.0,0.0,43.35000000000002,46.64999999999998,0.0,0.0,0.0,0.0,0.0,0.0,0.0
2024,Sialkot,Apparel & Footwear,Shirting (Average Quality),0.0,0.0,38.04000000000002,41.95999999999998,0.0,0.0,0.0,0.0,0.0,0.0,0.0
2024,Sialkot,Food & Beverages,Bananas (Kela) Local,42.95000000000002,42.94999999999999,-22.069999999999993,-48.879999999999995,27.0,-14.77000000000001,-26.819999999999993,0.0,0.0,0.0,0.0
2024,Sialkot,Food & Beverages,Beef with Bone (Average Quality),12.68999999999994,12.690000000000055,48.610000000000014,51.389999999999986,0.0,0.0,19.690000000000055,30.309999999999945,0.0,48.809999999999945,51.190000000000055
2024,Sialkot,Food & Beverages,Bread plain (Small Size),0.0,0.0,10.0,0.0,-10.0,0.0,0.0,0.0,0.0,0.0,0.0
2024,Sialkot,Food & Beverages,Chicken Farm Broiler (Live),-0.6599999999999682,-0.660000000000025,32.39999999999998,-135.12,-8.689999999999998,53.860000000000014,48.79000000000002,-3.8799999999999955,17.80000000000001,-70.45000000000005,-20.909999999999968
2024,Sialkot,Food & Beverages,Chilies Powder NATIONAL 200 gm Pa,0.0,0.0,0.0,-80.0,0.0,0.0,0.0,0.0,0.0,0.0,0.0
2024,Sialkot,Food & Beverages,Cooked Beef at Average Hotel,0.0,0.0,24.04000000000002,25.95999999999998,0.0,0.0,0.0,0.0,0.0,0.0,0.0
2024,Sialkot,Food & Beverages,Cooked Daal at Average Hotel,0.0,0.0,0.0,17.189999999999998,19.810000000000002,23.0,0.0,0.0,0.0,0.0,0.0
2024,Sialkot,Food & Beverages,Cooking Oil DALDA or Other Similar,-70.0,-70.0,0.0,0.0,0.0,0.0,0.0,-20.230000000000018,-59.76999999999998,104.65999999999985,124.90000000000009
2024,Sialkot,Food & Beverages,Curd (Dahi) Loose,0.0,0.0,0.0,0.0,0.0,0.0,0.0,0.0,0.0,0.0,0.0
2024,Sialkot,Food & Beverages,Eggs Hen (Farm),-80.00999999999999,-80.01000000000005,-15.099999999999966,1.4399999999999977,-8.090000000000003,4.189999999999998,33.62999999999997,18.960000000000036,2.409999999999968,49.710000000000036,-12.360000000000014
2024,Sialkot,Food & Beverages,Garlic (Lehsun),-1.8349999999999227,-1.8350000000000364,66.69000000000005,-86.68000000000006,-87.23000000000002,-22.779999999999973,23.839999999999975,57.76000000000005,69.68999999999994,90.12,50.00999999999999
2024,Sialkot,Food & Beverages,Gur (Average Quality),10.0,10.0,0.0,3.9499999999999886,6.050000000000011,0.0,0.0,0.0,-10.0,0.0,0.0
2024,Sialkot,Food & Beverages,Milk fresh (Un-boiled),0.0,0.0,0.0,0.0,0.0,0.0,3.930000000000007,6.069999999999993,0.0,0.0,0.0
2024,Sialkot,Food & Beverages,Mustard Oil (Average Quality),0.0,0.0,0.0,0.0,0.0,0.0,0.0,0.0,0.0,54.92999999999995,5.07000000000005
2024,Sialkot,Food & Beverages,Mutton (Average Quality),12.585000000000036,12.585000000000036,73.53999999999996,76.46000000000004,0.0,0.0,0.0,0.0,0.0,49.38999999999987,50.61000000000013
2024,Sialkot,Food & Beverages,Onions,-2.555000000000007,-2.555000000000007,-27.94999999999999,-80.91,25.650000000000006,-24.330000000000013,27.120000000000005,21.75999999999999,-6.409999999999997,4.280000000000001,-10.47999999999999
2024,Sialkot,Food & Beverages,Potatoes,1.3549999999999898,1.355000000000004,5.489999999999995,21.540000000000006,9.36,5.269999999999996,2.660000000000011,4.099999999999994,0.6400000000000006,14.730000000000004,-7.6200000000000045
2024,Sialkot,Food & Beverages,Powdered Milk NIDO 390 gm Polyba,0.0,0.0,12.220000000000027,37.77999999999997,0.0,117.42999999999995,42.57000000000005,0.0,0.0,0.0,0.0
2024,Sialkot,Food & Beverages,Pulse Gram,0.625,0.625,-1.25,7.469999999999999,42.16,35.04000000000002,31.92999999999995,40.710000000000036,7.839999999999975,-37.77999999999997,-17.460000000000036
2024,Sialkot,Food & Beverages,Pulse Mash (Washed),-8.134999999999991,-8.134999999999991,12.449999999999932,28.510000000000105,14.059999999999945,-7.519999999999982,-6.539999999999964,-41.16000000000008,-24.779999999999973,0.0,-2.519999999999982
2024,Sialkot,Food & Beverages,Pulse Masoor (Washed),-10.0,-10.0,0.0,-4.0400000000000205,-5.9599999999999795,0.0,-12.170000000000016,-7.829999999999984,0.0,0.0,0.0
2024,Sialkot,Food & Beverages,Pulse Moong (Washed),7.564999999999998,7.564999999999998,0.0,0.0,16.839999999999975,13.160000000000025,-10.129999999999995,0.12999999999999545,30.95999999999998,19.04000000000002,14.970000000000027
2024,Sialkot,Food & Beverages,Rice Basmati Broken (Average Qualit,-1.2300000000000182,-1.2299999999999898,-0.8100000000000023,-2.0200000000000102,-1.7399999999999807,3.759999999999991,0.0,4.9199999999999875,11.01000000000002,14.069999999999993,0.0
2024,Sialkot,Food & Beverages,Salt Powdered (NATIONAL/SHAN) 80,0.0,0.0,0.0,0.0,0.0,0.0,0.0,0.0,0.0,0.0,0.0
2024,Sialkot,Food & Beverages,Sugar Refined,0.37999999999999545,0.37999999999999545,-1.509999999999991,0.29999999999998295,-0.28999999999999204,3.4799999999999898,-2.4199999999999875,-3.5600000000000023,-5.310000000000002,-1.960000000000008,2.5
2024,Sialkot,Food & Beverages,Tea Lipton Yellow Label 190 gm Pack,0.0,0.0,0.0,0.0,0.0,0.0,0.0,0.0,0.0,0.0,0.0
2024,Sialkot,Food & Beverages,Tea Prepared Ordinary,0.0,0.0,0.0,0.0,0.0,0.0,0.0,0.0,0.0,0.0,0.0
2024,Sialkot,Food & Beverages,Tomatoes,-10.400000000000006,-10.400000000000006,5.180000000000007,-45.67,23.569999999999993,61.58999999999999,-30.289999999999992,-27.22,27.879999999999995,47.170000000000016,-3.6299999999999955
2024,Sialkot,Food & Beverages,Vegetable Ghee DALDA/HABIB 2.5 kg,-12.5,-12.5,0.0,25.0,0.0,0.0,0.0,3.730000000000018,11.269999999999982,18.3599999999999,104.66000000000008
2024,Sialkot,Food & Beverages,Vegetable Ghee DALDA/HABIB or Ot,-3.740000000000009,-3.740000000000009,0.0,10.0,0.0,0.0,4.789999999999964,1.2100000000000364,3.9400000000000546,30.989999999999895,22.879999999999995
2024,Sialkot,Food & Beverages,Wheat Flour Bag,-33.99499999999989,-33.99499999999989,-373.82000000000016,-559.8400000000001,-115.08999999999992,249.74,-121.45000000000005,-144.54999999999995,116.46000000000004,-56.37000000000012,0.0
2024,Sialkot,Household Equipment,Energy Saver Philips 14 Watt,0.0,0.0,0.0,0.0,0.0,0.0,0.0,0.0,0.0,0.0,0.0
2024,Sialkot,Household Equipment,Match Box,0.0,0.0,0.0,0.0,0.0,0.0,0.0,0.0,0.0,0.0,0.0
2024,Sialkot,Housing Water & Energy,Electricity Charges upto 50 Units,0.04500000000000082,0.04499999999999993,-0.27000000000000046,-0.2599999999999998,0.4500000000000002,0.14999999999999947,-1.1799999999999997,0.1900000000000004,0.0699999999999994,0.0,0.0
2024,Sialkot,Housing Water & Energy,Firewood Whole,100.0,100.0,0.0,0.0,0.0,0.0,0.0,0.0,0.0,147.06999999999994,102.07000000000016
2024,Sialkot,Housing Water & Energy,Gas Charges upto 3.3719 MMBTU,132.75,132.75,0.0,0.0,0.0,0.0,0.0,0.0,0.0,0.0,0.0
2024,Sialkot,Housing Water & Energy,LPG 11.67 kg Cylinder,39.72499999999991,39.72499999999991,-166.2199999999998,-469.6800000000003,36.7800000000002,289.2399999999998,-41.25999999999976,-17.240000000000236,39.820000000000164,423.9499999999998,31.920000000000073
2024,Sialkot,Miscellaneous,Cigarettes Capstan 20'S Packet,0.0,0.0,0.0,0.0,0.0,10.0,0.0,0.0,0.0,0.0,0.0
2024,Sialkot,Personal Care,Sufi Washing Soap 250 gm Cake,0.0,0.0,0.0,0.0,0.0,0.0,0.0,0.0,0.0,10.0,0.0
2024,Sialkot,Personal Care,Toilet Soap LIFEBUOY 115 gm,0.0,0.0,0.0,0.0,0.0,0.0,0.0,0.0,0.0,0.0,0.0
2024,Sialkot,Transport & Communication,Hi-Speed Diesel,5.109999999999957,5.110000000000014,-0.15999999999996817,-9.080000000000041,-8.169999999999959,11.620000000000005,-11.78000000000003,-12.620000000000005,-6.889999999999986,5.860000000000014,1.7799999999999727
2024,Sialkot,Transport & Communication,Petrol Super,8.229999999999961,8.230000000000018,11.910000000000025,-12.509999999999991,-15.960000000000036,7.490000000000009,-6.230000000000018,-10.289999999999992,-7.049999999999983,1.3499999999999943,3.7299999999999898
2024,Sialkot,Transport & Communication,Telephone Call Charges,0.0,0.0,0.0,0.0,0.0,0.0,0.0,0.0,0.0,0.0,0.0
2024,Sukkur,Apparel & Footwear,Gents Sandal Bata,0.0,0.0,200.0,0.0,0.0,0.0,0.0,0.0,0.0,0.0,0.0
2024,Sukkur,Apparel & Footwear,Gents Sponge Chappal Bata,0.0,0.0,0.0,0.0,0.0,0.0,0.0,0.0,0.0,0.0,0.0
2024,Sukkur,Apparel & Footwear,Georgette (Average Quality),0.0,0.0,0.0,0.0,0.0,0.0,0.0,0.0,0.0,0.0,0.0
2024,Sukkur,Apparel & Footwear,Ladies Sandal Bata,0.0,0.0,100.0,0.0,0.0,0.0,0.0,0.0,0.0,222.47000000000003,277.53
2024,Sukkur,Apparel & Footwear,Lawn Printed Gul Ahmed/Al Karam,0.0,0.0,0.0,0.0,0.0,0.0,0.0,0.0,0.0,0.0,0.0
2024,Sukkur,Apparel & Footwear,"Long Cloth 57"" Gul Ahmed/Al Karam",0.0,0.0,0.0,0.0,0.0,0.0,0.0,0.0,0.0,0.0,0.0
2024,Sukkur,Apparel & Footwear,Shirting (Average Quality),0.0,0.0,0.0,0.0,0.0,0.0,0.0,0.0,0.0,0.0,0.0
2024,Sukkur,Food & Beverages,Bananas (Kela) Local,11.719999999999999,11.719999999999999,11.710000000000008,-17.150000000000006,-2.3200000000000074,12.060000000000016,0.0,0.0,-22.710000000000008,-6.560000000000002,0.0
2024,Sukkur,Food & Beverages,Beef with Bone (Average Quality),12.699999999999932,12.700000000000045,0.0,0.0,0.0,7.889999999999986,24.139999999999986,0.0,0.0,0.0,16.5
2024,Sukkur,Food & Beverages,Bread plain (Small Size),0.0,0.0,0.0,0.0,0.0,0.0,0.0,-23.22,-6.780000000000001,0.0,0.0
2024,Sukkur,Food & Beverages,Chicken Farm Broiler (Live),-3.8100000000000023,-3.8100000000000023,39.579999999999984,-128.03999999999996,0.47999999999996135,38.150000000000034,76.00999999999999,-16.100000000000023,-5.75,-51.72999999999996,-28.439999999999998
2024,Sukkur,Food & Beverages,Chilies Powder NATIONAL 200 gm Pa,0.0,0.0,0.0,0.0,0.0,7.930000000000007,-19.329999999999984,-68.60000000000002,0.0,0.0,0.0
2024,Sukkur,Food & Beverages,Cooked Beef at Average Hotel,0.0,0.0,0.0,0.0,0.0,0.0,0.0,0.0,0.0,0.0,0.0
2024,Sukkur,Food & Beverages,Cooked Daal at Average Hotel,11.560000000000002,11.560000000000002,0.0,0.0,0.0,0.0,0.0,0.0,0.0,0.0,0.0
2024,Sukkur,Food & Beverages,Cooking Oil DALDA or Other Similar,-25.0,-25.0,0.0,0.0,0.0,0.0,0.0,0.0,0.0,24.889999999999873,25.110000000000127
2024,Sukkur,Food & Beverages,Curd (Dahi) Loose,0.0,0.0,0.0,0.0,0.0,0.0,0.0,0.0,0.0,0.0,0.0
2024,Sukkur,Food & Beverages,Eggs Hen (Farm),-74.38999999999999,-74.39000000000004,-9.049999999999955,-12.580000000000041,-4.429999999999978,8.710000000000008,31.589999999999975,17.19999999999999,9.0,30.930000000000007,-2.490000000000009
2024,Sukkur,Food & Beverages,Garlic (Lehsun),-17.06000000000006,-17.059999999999945,38.33000000000004,-117.84000000000003,-53.05000000000001,8.160000000000025,141.24,38.639999999999986,-20.519999999999982,111.92999999999995,-67.83999999999992
2024,Sukkur,Food & Beverages,Gur (Average Quality),-1.1949999999999932,-1.1949999999999932,-12.699999999999989,12.699999999999989,20.0,0.0,7.430000000000007,-9.780000000000001,-4.550000000000011,-13.099999999999994,0.0
2024,Sukkur,Food & Beverages,Milk fresh (Un-boiled),0.0,0.0,0.0,0.0,0.0,0.0,0.0,0.0,0.0,0.0,0.0
2024,Sukkur,Food & Beverages,Mustard Oil (Average Quality),11.189999999999998,11.189999999999998,2.660000000000025,-20.170000000000016,-6.949999999999989,32.01999999999998,21.07000000000005,6.509999999999991,33.39999999999998,51.5,-19.94999999999999
2024,Sukkur,Food & Beverages,Mutton (Average Quality),50.0,50.0,0.0,0.0,0.0,0.0,0.0,0.0,0.0,0.0,0.0
2024,Sukkur,Food & Beverages,Onions,-14.150000000000006,-14.150000000000006,-11.610000000000014,-53.75999999999999,8.170000000000002,-25.61,16.840000000000003,12.780000000000001,18.319999999999993,-1.3499999999999943,-11.930000000000007
2024,Sukkur,Food & Beverages,Potatoes,4.594999999999999,4.594999999999999,1.5799999999999983,12.659999999999997,3.3400000000000034,1.6500000000000057,5.159999999999997,0.0,0.0,0.0,34.650000000000006
2024,Sukkur,Food & Beverages,Powdered Milk NIDO 390 gm Polyba,0.0,0.0,0.0,20.0,0.0,90.15999999999997,99.84000000000003,0.0,0.0,0.0,0.0
2024,Sukkur,Food & Beverages,Pulse Gram,0.0,0.0,0.0,0.0,44.879999999999995,30.00999999999999,26.810000000000002,50.72000000000003,7.579999999999984,0.0,0.0
2024,Sukkur,Food & Beverages,Pulse Mash (Washed),-15.149999999999977,-15.150000000000034,0.0,42.20999999999998,0.57000000000005,7.519999999999982,0.0,14.92999999999995,5.07000000000005,0.0,-5.07000000000005
2024,Sukkur,Food & Beverages,Pulse Masoor (Washed),-5.074999999999989,-5.074999999999989,-9.850000000000023,0.0,-20.0,0.0,0.0,0.0,0.0,0.0,0.0
2024,Sukkur,Food & Beverages,Pulse Moong (Washed),-2.444999999999993,-2.444999999999993,0.0,0.0,-10.149999999999977,30.149999999999977,0.0,0.0,15.449999999999989,39.52000000000004,5.029999999999973
2024,Sukkur,Food & Beverages,Rice Basmati Broken (Average Qualit,0.0,0.0,0.0,-20.0,0.0,0.0,0.0,0.0,0.0,0.0,0.0
2024,Sukkur,Food & Beverages,Rice IRRI-6/9 (Sindh/Punjab),0.0,0.0,0.0,0.0,0.0,0.0,0.0,0.0,0.0,0.0,0.0
2024,Sukkur,Food & Beverages,Salt Powdered (NATIONAL/SHAN) 80,0.0,0.0,0.0,0.0,0.0,0.0,0.0,0.0,0.0,0.0,0.0
2024,Sukkur,Food & Beverages,Sugar Refined,-0.8100000000000023,-0.8100000000000023,1.2399999999999807,1.6200000000000045,-0.5199999999999818,-0.0800000000000125,-1.1999999999999886,-3.5700000000000216,-6.459999999999994,-3.780000000000001,6.500000000000014
2024,Sukkur,Food & Beverages,Tea Lipton Yellow Label 190 gm Pack,7.980000000000018,7.980000000000018,0.0,0.0,0.0,0.0,0.0,0.0,0.0,0.0,0.0
2024,Sukkur,Food & Beverages,Tea Prepared Ordinary,0.0,0.0,0.0,0.0,0.0,0.0,0.0,0.0,0.0,0.0,0.0
2024,Sukkur,Food & Beverages,Tomatoes,1.5749999999999886,1.5750000000000028,-26.97,-39.68,57.559999999999995,82.52000000000001,-54.49000000000001,-22.08999999999999,30.14,3.069999999999993,19.879999999999995
2024,Sukkur,Food & Beverages,Vegetable Ghee DALDA/HABIB 2.5 kg,-43.585000000000036,-43.585000000000036,-27.829999999999927,19.960000000000036,5.039999999999964,0.0,0.0,14.970000000000027,5.029999999999973,0.0,96.34999999999991
2024,Sukkur,Food & Beverages,Vegetable Ghee DALDA/HABIB or Ot,-3.759999999999991,-3.759999999999991,-2.480000000000018,5.980000000000018,4.019999999999982,0.0,1.1899999999999977,4.810000000000002,0.0,19.629999999999995,25.299999999999955
2024,Sukkur,Food & Beverages,Wheat Flour Bag,-103.41499999999996,-103.41499999999996,-274.40999999999985,-397.44000000000005,-111.32999999999993,159.88999999999987,-89.56999999999994,-105.38999999999987,121.75,-21.75,-90.02999999999997
2024,Sukkur,Household Equipment,Energy Saver Philips 14 Watt,13.069999999999993,13.069999999999993,0.0,0.0,0.0,0.0,0.0,0.0,0.0,0.0,0.0
2024,Sukkur,Household Equipment,Match Box,0.0,0.0,0.0,0.0,0.0,0.0,0.0,0.0,0.0,0.0,0.0
2024,Sukkur,Housing Water & Energy,Electricity Charges upto 50 Units,0.04500000000000082,0.04499999999999993,-0.27000000000000046,-0.2599999999999998,0.4500000000000002,0.14999999999999947,-1.1799999999999997,0.1900000000000004,0.0699999999999994,0.0,0.0
2024,Sukkur,Housing Water & Energy,Firewood Whole,34.07000000000005,34.069999999999936,0.0,0.0,0.0,0.0,0.0,0.0,48.52999999999997,51.47000000000003,0.0
2024,Sukkur,Housing Water & Energy,Gas Charges upto 3.3719 MMBTU,132.75,132.75,0.0,0.0,0.0,0.0,0.0,0.0,0.0,0.0,0.0
2024,Sukkur,Housing Water & Energy,LPG 11.67 kg Cylinder,58.7800000000002,58.779999999999745,-2.5399999999999636,-553.1300000000001,52.70000000000027,297.9899999999998,-89.57999999999993,0.0,47.460000000000036,273.42999999999984,29.110000000000127
2024,Sukkur,Miscellaneous,Cigarettes Capstan 20'S Packet,0.0,0.0,0.0,0.0,0.0,0.0,0.0,0.0,0.0,0.0,0.0
2024,Sukkur,Personal Care,Sufi Washing Soap 250 gm Cake,0.0,0.0,0.0,0.0,0.0,0.0,0.0,0.0,0.0,0.0,0.0
2024,Sukkur,Personal Care,Toilet Soap LIFEBUOY 115 gm,2.5,2.5,0.0,0.0,0.0,0.0,0.0,0.0,0.0,0.0,0.0
2024,Sukkur,Transport & Communication,Hi-Speed Diesel,5.349999999999966,5.350000000000023,-0.6800000000000068,-9.090000000000032,-7.979999999999961,11.379999999999995,-11.590000000000032,-12.729999999999961,-6.930000000000007,6.319999999999993,1.3100000000000023
2024,Sukkur,Transport & Communication,Petrol Super,8.115000000000009,8.114999999999952,12.100000000000023,-12.5,-15.95999999999998,7.399999999999977,-6.180000000000007,-10.159999999999997,-7.1699999999999875,1.3599999999999852,3.719999999999999
2024,Sukkur,Transport & Communication,Telephone Call Charges,0.0,0.0,0.0,0.0,0.0,0.0,0.0,0.0,0.0,0.0,0.0
2025,Bahawalpur,Apparel & Footwear,Gents Sandal Bata,0.0,0.0,0.0,0.0,0.0,0.0,0.0,0.0,0.0,0.0,0.0
2025,Bahawalpur,Apparel & Footwear,Gents Sponge Chappal Bata,0.0,0.0,0.0,0.0,0.0,0.0,0.0,0.0,0.0,0.0,0.0
2025,Bahawalpur,Apparel & Footwear,Georgette (Average Quality),0.0,0.0,0.0,0.0,0.0,0.0,0.0,0.0,0.0,0.0,0.0
2025,Bahawalpur,Apparel & Footwear,Ladies Sandal Bata,0.0,0.0,0.0,0.0,0.0,0.0,0.0,0.0,0.0,0.0,0.0
2025,Bahawalpur,Apparel & Footwear,Lawn Printed Gul Ahmed/Al Karam,0.0,0.0,0.0,0.0,0.0,0.0,0.0,0.0,0.0,0.0,0.0
2025,Bahawalpur,Apparel & Footwear,"Long Cloth 57"" Gul Ahmed/Al Karam",32.299999999999955,0.0,0.0,0.0,0.0,0.0,0.0,0.0,0.0,0.0,0.0
2025,Bahawalpur,Apparel & Footwear,Shirting (Average Quality),0.0,0.0,0.0,0.0,0.0,0.0,0.0,0.0,0.0,0.0,0.0
2025,Bahawalpur,Food & Beverages,Bananas (Kela) Local,8.099999999999994,87.55000000000001,-12.530000000000001,-25.039999999999992,0.0,-5.5400000000000205,-0.9499999999999886,-34.21000000000001,-13.569999999999993,1.8100000000000023,11.819999999999993
2025,Bahawalpur,Food & Beverages,Beef with Bone (Average Quality),0.0,0.0,0.0,16.950000000000045,0.0,0.0,0.0,0.0,0.0,0.0,0.0
2025,Bahawalpur,Food & Beverages,Bread plain (Small Size),-2.5900000000000034,0.0,2.5900000000000034,0.0,0.0,0.0,0.0,0.0,0.0,0.0,0.0
2025,Bahawalpur,Food & Beverages,Chicken Farm Broiler (Live),7.060000000000002,32.879999999999995,-32.599999999999966,2.990000000000009,0.0,-45.410000000000025,36.829999999999984,-28.25,-80.82,16.52000000000004,42.52999999999997
2025,Bahawalpur,Food & Beverages,Chilies Powder NATIONAL 200 gm Pa,0.0,0.0,0.0,0.0,0.0,0.0,0.0,0.0,0.0,0.0,0.0
2025,Bahawalpur,Food & Beverages,Cooked Beef at Average Hotel,0.0,0.0,17.680000000000007,18.829999999999984,0.0,0.0,0.0,0.0,0.0,0.0,0.0
2025,Bahawalpur,Food & Beverages,Cooked Daal at Average Hotel,0.0,0.0,6.549999999999983,6.8700000000000045,0.0,23.27000000000001,0.0,0.0,0.0,0.0,0.0
2025,Bahawalpur,Food & Beverages,Cooking Oil DALDA or Other Similar,0.0,13.309999999999945,-14.840000000000146,-15.859999999999673,0.0,0.0,0.0,0.0,0.0,0.0,0.0
2025,Bahawalpur,Food & Beverages,Curd (Dahi) Loose,0.0,0.0,0.0,4.8300000000000125,0.0,1.6299999999999955,0.0,1.6500000000000057,11.889999999999986,0.0,0.0
2025,Bahawalpur,Food & Beverages,Eggs Hen (Farm),-23.590000000000003,20.620000000000033,-47.74000000000004,68.49000000000004,0.0,-30.970000000000027,34.97000000000003,11.329999999999984,10.810000000000002,25.360000000000014,12.810000000000002
2025,Bahawalpur,Food & Beverages,Garlic (Lehsun),-7.969999999999914,13.329999999999927,-55.23000000000002,-197.46999999999997,0.0,-26.539999999999964,67.47999999999996,34.35000000000002,14.0,0.0,0.0
2025,Bahawalpur,Food & Beverages,Gur (Average Quality),-12.420000000000016,11.659999999999997,2.480000000000018,18.329999999999984,0.0,16.55000000000001,1.6999999999999886,16.0,2.469999999999999,-8.810000000000002,-26.22999999999999
2025,Bahawalpur,Food & Beverages,Milk fresh (Un-boiled),4.680000000000007,12.670000000000016,0.0,0.0,0.0,0.0,0.8299999999999841,2.5,2.710000000000008,0.6899999999999977,0.0
2025,Bahawalpur,Food & Beverages,Mustard Oil (Average Quality),-1.32000000000005,-13.420000000000016,-6.579999999999984,0.0,0.0,-38.23000000000002,7.759999999999991,30.470000000000027,0.0,0.0,0.0
2025,Bahawalpur,Food & Beverages,Mutton (Average Quality),0.0,0.0,0.0,0.0,0.0,33.32999999999993,0.0,0.0,0.0,0.0,0.0
2025,Bahawalpur,Food & Beverages,Onions,-19.429999999999993,-20.28,-15.520000000000003,-18.270000000000003,0.0,13.300000000000004,22.479999999999997,25.17,21.42,19.41000000000001,-44.19000000000001
2025,Bahawalpur,Food & Beverages,Potatoes,-20.75,-7.460000000000008,2.5700000000000003,-1.6199999999999974,0.0,37.64,0.0,8.150000000000006,5.799999999999997,-2.0799999999999983,-23.230000000000004
2025,Bahawalpur,Food & Beverages,Powdered Milk NIDO 390 gm Polyba,0.0,0.0,0.0,0.0,0.0,0.0,0.0,0.0,0.0,0.0,0.0
2025,Bahawalpur,Food & Beverages,Powdered Milk NIDO 390 gm Polybag,0.0,0.0,0.0,0.0,0.0,70.0,0.0,0.0,19.910000000000082,10.089999999999918,0.0
2025,Bahawalpur,Food & Beverages,Pulse Gram,-49.48000000000002,-41.46999999999997,0.07999999999998408,10.980000000000018,0.0,-0.6400000000000432,1.3500000000000227,-5.100000000000023,-28.939999999999998,-18.319999999999993,-3.359999999999985
2025,Bahawalpur,Food & Beverages,Pulse Mash (Washed),-3.3700000000000045,-20.0,-9.95999999999998,-9.170000000000016,0.0,2.5,-3.3700000000000045,-14.20999999999998,-19.25999999999999,-19.80000000000001,0.0
2025,Bahawalpur,Food & Beverages,Pulse Masoor (Washed),0.0,-16.70999999999998,0.0,0.0,0.0,3.329999999999984,0.0,0.0,-4.069999999999993,-0.18999999999999773,1.7199999999999704
2025,Bahawalpur,Food & Beverages,Pulse Moong (Washed),9.79000000000002,-8.370000000000005,6.7099999999999795,0.0,0.0,0.0,0.0,-5.100000000000023,-20.329999999999984,-14.579999999999984,0.0
2025,Bahawalpur,Food & Beverages,Rice Basmati Broken (Average Qualit,0.0,0.0,0.0,0.0,0.0,0.0,0.0,0.0,0.0,0.0,0.0
2025,Bahawalpur,Food & Beverages,Rice IRRI-6/9 (Sindh/Punjab),0.0,0.0,0.0,0.0,0.0,3.930000000000007,2.6699999999999875,0.0,0.0,0.0,0.0
2025,Bahawalpur,Food & Beverages,Salt Powdered (NATIONAL/SHAN) 80,0.0,0.0,4.010000000000005,5.989999999999995,0.0,0.0,0.0,0.0,0.0,0.0,0.0
2025,Bahawalpur,Food & Beverages,Sugar Refined,10.849999999999994,14.550000000000011,1.710000000000008,1.259999999999991,0.0,10.97999999999999,5.670000000000016,0.0,1.6699999999999875,-5.4199999999999875,-19.310000000000002
2025,Bahawalpur,Food & Beverages,Tea Lipton Yellow Label 190 gm Pack,0.0,-95.86000000000001,0.0,0.0,0.0,0.0,0.0,0.0,0.0,0.0,0.0
2025,Bahawalpur,Food & Beverages,Tea Prepared Ordinary,0.0,0.0,0.0,0.0,0.0,0.0,0.0,0.0,0.0,0.0,0.0
2025,Bahawalpur,Food & Beverages,Tomatoes,-55.43000000000001,27.61,-25.22,-25.96999999999999,0.0,59.74,29.620000000000005,105.53,48.00999999999996,-133.86999999999998,-74.28
2025,Bahawalpur,Food & Beverages,Vegetable Ghee DALDA/HABIB 2.5 kg,12.0,-16.680000000000064,-3.3199999999999363,-9.900000000000091,0.0,0.0,0.0,0.0,0.0,0.0,0.0
2025,Bahawalpur,Food & Beverages,Vegetable Ghee DALDA/HABIB or Ot,0.0,-9.990000000000009,0.0,-10.0,0.0,0.0,0.0,0.0,0.0,0.0,0.0
2025,Bahawalpur,Food & Beverages,Wheat Flour Bag,21.200000000000045,0.0,-61.8599999999999,-166.3800000000001,0.0,5.769999999999982,141.67000000000007,401.44000000000005,192.8900000000001,-17.43000000000029,6.710000000000036
2025,Bahawalpur,Food & Beverages,Chilies Powder NATIONAL 200 gm Packet,0.0,0.0,0.0,0.0,0.0,0.0,0.0,0.0,0.0,0.0,0.0
2025,Bahawalpur,Food & Beverages,"Cooking Oil DALDA or Other Similar Brand (SN), 5 Litre Tin",0.0,0.0,0.0,0.0,0.0,0.0,0.0,8.710000000000036,35.23000000000002,36.059999999999945,164.0
2025,Bahawalpur,Food & Beverages,Rice Basmati Broken (Average Quality),0.0,0.0,0.0,0.0,0.0,0.0,0.0,0.0,0.0,0.0,0.0
2025,Bahawalpur,Food & Beverages,Salt Powdered (NATIONAL/SHAN) 800 gm Packet,0.0,0.0,0.0,0.0,0.0,0.0,0.0,0.0,0.0,-5.549999999999997,-14.450000000000003
2025,Bahawalpur,Food & Beverages,Tea Lipton Yellow Label 190 gm Packet,0.0,0.0,0.0,0.0,0.0,0.0,0.0,0.0,0.0,0.0,0.0
2025,Bahawalpur,Food & Beverages,Vegetable Ghee DALDA/HABIB 2.5 kg Tin,0.0,0.0,0.0,0.0,0.0,0.0,0.0,0.0,21.309999999999945,25.79000000000019,60.19999999999982
2025,Bahawalpur,Food & Beverages,Vegetable Ghee DALDA/HABIB or Other superior Quality 1 kg Pouch,0.0,0.0,0.0,0.0,0.0,0.0,0.0,2.990000000000009,11.0,5.5,3.509999999999991
2025,Bahawalpur,Household Equipment,Energy Saver Philips 14 Watt,0.0,0.0,0.0,0.0,0.0,0.0,0.0,0.0,0.0,0.0,0.0
2025,Bahawalpur,Household Equipment,Match Box,0.0,0.0,0.0,0.0,0.0,0.0,0.0,0.0,0.0,0.0,0.0
2025,Bahawalpur,Housing Water & Energy,Electricity Charges upto 50 Units,-0.04999999999999982,0.0,-0.3099999999999996,-0.9700000000000006,0.0,0.3200000000000003,0.3600000000000003,-0.41000000000000014,-0.16000000000000014,0.41000000000000014,0.7799999999999994
2025,Bahawalpur,Housing Water & Energy,Firewood Whole,34.049999999999955,0.0,0.0,0.0,0.0,0.0,0.0,0.0,0.0,0.0,16.25
2025,Bahawalpur,Housing Water & Energy,Gas Charges upto 3.3719 MMBTU,0.0,0.0,0.0,0.0,0.0,217.69000000000005,372.30999999999995,0.0,0.0,0.0,0.0
2025,Bahawalpur,Housing Water & Energy,LPG 11.67 kg Cylinder,-192.1300000000001,239.5300000000002,35.48999999999978,-138.5899999999997,0.0,54.279999999999745,-48.23000000000002,16.769999999999982,33.61000000000013,0.0,182.94000000000005
2025,Bahawalpur,Miscellaneous,Cigarettes Capstan 20'S Packet,0.0,0.0,3.3799999999999955,2.460000000000008,0.0,7.539999999999992,0.0,0.0,0.0,0.0,0.0
2025,Bahawalpur,Personal Care,Sufi Washing Soap 250 gm Cake,0.0,0.0,0.0,0.0,0.0,0.0,0.0,0.0,0.0,0.0,0.0
2025,Bahawalpur,Personal Care,Toilet Soap LIFEBUOY 115 gm,14.049999999999997,2.3700000000000045,0.0,0.0,0.0,0.0,0.0,0.0,0.0,0.0,0.0
2025,Bahawalpur,Transport & Communication,Hi-Speed Diesel,6.050000000000011,-7.2900000000000205,0.0,-2.980000000000018,0.0,24.139999999999986,-0.339999999999975,-6.980000000000018,4.6299999999999955,5.460000000000036,-9.050000000000011
2025,Bahawalpur,Transport & Communication,Petrol Super,1.900000000000034,-0.9800000000000182,-0.9200000000000159,-2.089999999999975,0.0,17.439999999999998,-5.340000000000032,0.0,1.670000000000016,0.19999999999998863,-1.9799999999999613
2025,Bahawalpur,Transport & Communication,Telephone Call Charges,0.0,0.0,0.0,0.0,0.0,0.0,0.0,0.0,0.0,0.0,0.0
2025,Bannu,Apparel & Footwear,Gents Sandal Bata,0.0,0.0,0.0,0.0,0.0,0.0,0.0,0.0,0.0,0.0,0.0
2025,Bannu,Apparel & Footwear,Gents Sponge Chappal Bata,0.0,0.0,0.0,0.0,0.0,0.0,0.0,0.0,0.0,0.0,0.0
2025,Bannu,Apparel & Footwear,Georgette (Average Quality),0.0,36.44,13.560000000000002,0.0,0.0,0.0,0.0,0.0,0.0,0.0,0.0
2025,Bannu,Apparel & Footwear,Ladies Sandal Bata,0.0,0.0,0.0,0.0,0.0,0.0,0.0,0.0,0.0,0.0,0.0
2025,Bannu,Apparel & Footwear,Lawn Printed Gul Ahmed/Al Karam,0.0,0.0,0.0,0.0,0.0,0.0,0.0,0.0,0.0,0.0,0.0
2025,Bannu,Apparel & Footwear,"Long Cloth 57"" Gul Ahmed/Al Karam",0.0,0.0,0.0,0.0,0.0,0.0,0.0,0.0,0.0,0.0,0.0
2025,Bannu,Apparel & Footwear,Shirting (Average Quality),0.0,0.0,0.0,0.0,0.0,0.0,0.0,0.0,0.0,0.0,0.0
2025,Bannu,Food & Beverages,Bananas (Kela) Local,40.099999999999994,78.31,-40.360000000000014,7.860000000000014,0.0,-25.789999999999992,-7.150000000000006,-40.39,-11.930000000000007,12.680000000000007,2.5799999999999983
2025,Bannu,Food & Beverages,Beef with Bone (Average Quality),12.220000000000027,37.77999999999997,0.0,50.0,0.0,0.0,0.0,0.0,25.649999999999977,6.519999999999982,0.0
2025,Bannu,Food & Beverages,Bread plain (Small Size),0.0,0.0,0.0,0.0,0.0,0.0,0.0,0.0,0.0,0.0,0.0
2025,Bannu,Food & Beverages,Chicken Farm Broiler (Live),-2.569999999999993,48.879999999999995,-47.879999999999995,5.889999999999986,0.0,-34.80000000000001,35.24000000000001,-40.55000000000001,-80.43,29.25999999999999,18.710000000000036
2025,Bannu,Food & Beverages,Chilies Powder NATIONAL 200 gm Pa,0.0,0.0,0.0,0.0,0.0,0.0,0.0,0.0,0.0,0.0,0.0
2025,Bannu,Food & Beverages,Cooked Beef at Average Hotel,0.0,0.0,0.0,0.0,0.0,9.279999999999973,40.72000000000003,0.0,0.0,0.0,0.0
2025,Bannu,Food & Beverages,Cooked Daal at Average Hotel,0.0,0.0,0.0,0.0,0.0,0.0,0.0,0.0,0.0,0.0,0.0
2025,Bannu,Food & Beverages,Cooking Oil DALDA or Other Similar,0.0,51.789999999999964,0.0,0.0,0.0,0.0,0.0,0.0,0.0,0.0,0.0
2025,Bannu,Food & Beverages,Curd (Dahi) Loose,0.0,-20.0,0.0,0.0,0.0,24.460000000000008,5.539999999999992,-0.8499999999999943,-0.5100000000000193,1.3600000000000136,0.0
2025,Bannu,Food & Beverages,Eggs Hen (Farm),-36.94,8.620000000000005,-35.089999999999975,48.129999999999995,0.0,-25.640000000000043,25.980000000000018,11.509999999999991,20.620000000000005,19.53000000000003,4.96999999999997
2025,Bannu,Food & Beverages,Garlic (Lehsun),-21.469999999999914,37.610000000000014,-99.90000000000009,-233.90999999999997,0.0,44.44999999999999,-6.329999999999984,-8.800000000000011,7.509999999999991,-2.0399999999999636,10.979999999999961
2025,Bannu,Food & Beverages,Gur (Average Quality),0.0,0.0,0.0,0.0,0.0,33.139999999999986,10.150000000000006,1.6599999999999966,8.340000000000003,-22.859999999999985,9.569999999999993
2025,Bannu,Food & Beverages,Milk fresh (Un-boiled),0.0,-20.0,0.0,0.0,0.0,15.259999999999991,1.3400000000000034,0.0,1.3499999999999943,2.0500000000000114,1.5900000000000034
2025,Bannu,Food & Beverages,Mustard Oil (Average Quality),-17.200000000000045,-16.659999999999968,0.0,-50.06,0.0,0.0,12.04000000000002,0.5400000000000205,-8.660000000000025,0.0,0.0
2025,Bannu,Food & Beverages,Mutton (Average Quality),12.349999999999909,37.65000000000009,0.0,0.0,0.0,0.0,0.0,24.430000000000064,75.56999999999994,0.0,0.0
2025,Bannu,Food & Beverages,Onions,-21.19999999999999,-14.810000000000002,-16.540000000000006,-14.030000000000001,0.0,8.240000000000002,19.860000000000007,6.86999999999999,33.64,37.400000000000006,-48.31
2025,Bannu,Food & Beverages,Potatoes,-22.03,-1.2899999999999991,-0.7700000000000031,2.950000000000003,0.0,5.439999999999998,-1.0400000000000063,3.3100000000000023,-8.5,-4.829999999999998,-12.61
2025,Bannu,Food & Beverages,Powdered Milk NIDO 390 gm Polyba,0.0,-26.790000000000077,0.0,0.0,0.0,0.0,0.0,0.0,0.0,0.0,0.0
2025,Bannu,Food & Beverages,Powdered Milk NIDO 390 gm Polybag,0.0,0.0,0.0,0.0,0.0,0.0,0.0,8.300000000000068,45.01999999999998,30.279999999999973,0.0
2025,Bannu,Food & Beverages,Pulse Gram,-38.30000000000001,-11.569999999999993,11.569999999999993,20.850000000000023,0.0,-13.150000000000034,-12.659999999999968,-8.340000000000032,-0.339999999999975,-40.09,-14.469999999999999
2025,Bannu,Food & Beverages,Pulse Mash (Washed),0.0,-15.29000000000002,5.189999999999998,-14.979999999999961,0.0,-14.920000000000016,-3.3600000000000136,0.0,-2.0,-7.329999999999984,-7.310000000000002
2025,Bannu,Food & Beverages,Pulse Masoor (Washed),0.0,-12.629999999999995,12.629999999999995,-2.5299999999999727,0.0,-1.5100000000000477,4.0400000000000205,-5.139999999999986,1.0199999999999818,-6.069999999999993,-9.810000000000002
2025,Bannu,Food & Beverages,Pulse Moong (Washed),4.079999999999984,0.0,-5.100000000000023,-5.029999999999973,0.0,-9.870000000000005,-35.339999999999975,26.519999999999982,-6.75,-34.889999999999986,40.31999999999999
2025,Bannu,Food & Beverages,Rice Basmati Broken (Average Qualit,0.0,0.0,2.430000000000007,7.569999999999993,0.0,0.0,0.0,0.0,0.0,0.0,0.0
2025,Bannu,Food & Beverages,Rice IRRI-6/9 (Sindh/Punjab),4.77000000000001,15.22999999999999,-5.240000000000009,-14.759999999999991,0.0,0.0,0.0,9.849999999999994,6.75,0.0,0.0
2025,Bannu,Food & Beverages,Salt Powdered (NATIONAL/SHAN) 80,0.0,0.0,0.0,0.0,0.0,0.0,0.0,0.0,0.0,0.0,0.0
2025,Bannu,Food & Beverages,Sugar Refined,10.569999999999993,12.890000000000015,-0.37000000000000455,5.0,0.0,10.990000000000009,1.9099999999999966,1.8499999999999943,4.159999999999997,-5.210000000000008,-20.079999999999984
2025,Bannu,Food & Beverages,Tea Lipton Yellow Label 190 gm Pack,0.0,-95.85000000000002,0.0,0.0,0.0,0.0,0.0,0.0,0.0,0.0,0.0
2025,Bannu,Food & Beverages,Tea Prepared Ordinary,0.0,0.0,0.0,0.0,0.0,0.0,0.0,0.0,0.0,0.0,0.0
2025,Bannu,Food & Beverages,Tomatoes,-53.69,10.950000000000003,-6.190000000000005,-14.240000000000002,0.0,19.75,43.010000000000005,34.33,95.34,-107.64000000000001,-68.33999999999999
2025,Bannu,Food & Beverages,Vegetable Ghee DALDA/HABIB 2.5 kg,-7.519999999999982,12.549999999999955,-8.38000000000011,-16.61999999999989,0.0,0.0,0.0,0.0,0.0,0.0,0.0
2025,Bannu,Food & Beverages,Vegetable Ghee DALDA/HABIB or Ot,0.0,2.009999999999991,0.0,-10.0,0.0,0.0,0.0,0.0,0.0,0.0,0.0
2025,Bannu,Food & Beverages,Wheat Flour Bag,-21.059999999999945,15.789999999999964,-123.20000000000005,-176.19000000000005,0.0,-6.5499999999999545,131.87000000000012,736.52,281.67999999999984,-25.33999999999969,24.629999999999654
2025,Bannu,Food & Beverages,Chilies Powder NATIONAL 200 gm Packet,0.0,0.0,0.0,0.0,0.0,0.0,0.0,0.0,0.0,0.0,0.0
2025,Bannu,Food & Beverages,"Cooking Oil DALDA or Other Similar Brand (SN), 5 Litre Tin",0.0,0.0,0.0,0.0,0.0,0.0,0.0,0.0,-150.0,0.0,0.0
2025,Bannu,Food & Beverages,Rice Basmati Broken (Average Quality),0.0,0.0,0.0,0.0,0.0,0.0,0.0,3.259999999999991,3.3300000000000125,0.0,0.0
2025,Bannu,Food & Beverages,Salt Powdered (NATIONAL/SHAN) 800 gm Packet,0.0,0.0,0.0,0.0,0.0,0.0,0.0,0.0,0.0,0.0,0.0
2025,Bannu,Food & Beverages,Tea Lipton Yellow Label 190 gm Packet,0.0,0.0,0.0,0.0,0.0,0.0,0.0,0.0,0.0,0.0,0.0
2025,Bannu,Food & Beverages,Vegetable Ghee DALDA/HABIB 2.5 kg Tin,0.0,0.0,0.0,0.0,0.0,0.0,0.0,0.0,-25.0,0.0,0.0
2025,Bannu,Food & Beverages,Vegetable Ghee DALDA/HABIB or Other superior Quality 1 kg Pouch,0.0,0.0,0.0,0.0,0.0,0.0,0.0,0.0,7.990000000000009,2.009999999999991,0.0
2025,Bannu,Household Equipment,Energy Saver Philips 14 Watt,0.0,0.0,0.0,0.0,0.0,0.0,0.0,0.0,18.910000000000025,31.089999999999975,0.0
2025,Bannu,Household Equipment,Match Box,0.0,0.0,0.0,0.0,0.0,0.0,0.0,0.0,0.0,0.0,0.0
2025,Bannu,Housing Water & Energy,Electricity Charges upto 50 Units,-0.04999999999999982,0.0,-0.3099999999999996,-0.9700000000000006,0.0,0.3200000000000003,0.3600000000000003,-0.41000000000000014,-0.16000000000000014,0.41000000000000014,0.7799999999999994
2025,Bannu,Housing Water & Energy,Firewood Whole,0.0,0.0,0.0,0.0,0.0,0.0,0.0,0.0,57.440000000000055,93.53999999999996,0.0
2025,Bannu,Housing Water & Energy,Gas Charges upto 3.3719 MMBTU,0.0,0.0,0.0,0.0,0.0,217.69000000000005,372.30999999999995,0.0,0.0,0.0,0.0
2025,Bannu,Housing Water & Energy,LPG 11.67 kg Cylinder,-203.42999999999984,112.15000000000009,58.88999999999987,-141.8499999999999,0.0,-141.69000000000005,-141.42000000000007,116.64000000000033,-34.95000000000027,181.30999999999995,328.9200000000001
2025,Bannu,Miscellaneous,Cigarettes Capstan 20'S Packet,0.0,0.0,0.0,0.0,0.0,0.0,0.0,0.0,3.289999999999992,0.0,0.0
2025,Bannu,Personal Care,Sufi Washing Soap 250 gm Cake,0.0,0.0,0.0,0.0,0.0,0.0,0.0,0.0,0.0,0.0,0.0
2025,Bannu,Personal Care,Toilet Soap LIFEBUOY 115 gm,1.1099999999999994,0.0,0.0,0.0,0.0,0.0,12.579999999999998,4.540000000000006,0.010000000000005116,0.0,0.0
2025,Bannu,Transport & Communication,Hi-Speed Diesel,5.669999999999959,-7.289999999999964,0.0,-3.0,0.0,24.029999999999973,-0.5,-6.839999999999975,3.9699999999999704,4.670000000000016,-8.519999999999982
2025,Bannu,Transport & Communication,Petrol Super,2.079999999999984,-1.0,-1.0,-2.0,0.0,17.370000000000005,-5.470000000000027,0.0,0.6700000000000159,-0.4700000000000273,-1.3999999999999773
2025,Bannu,Transport & Communication,Telephone Call Charges,0.0,0.0,0.0,0.0,0.0,0.0,0.0,0.0,0.0,0.0,0.0
2025,Faisalabad,Apparel & Footwear,Gents Sandal Bata,0.0,0.0,0.0,0.0,0.0,0.0,0.0,0.0,0.0,0.0,0.0
2025,Faisalabad,Apparel & Footwear,Gents Sponge Chappal Bata,0.0,0.0,0.0,0.0,0.0,0.0,0.0,0.0,0.0,0.0,0.0
2025,Faisalabad,Apparel & Footwear,Georgette (Average Quality),0.0,0.0,0.0,0.0,0.0,0.0,0.0,0.0,0.0,0.0,0.0
2025,Faisalabad,Apparel & Footwear,Ladies Sandal Bata,0.0,0.0,0.0,0.0,0.0,0.0,0.0,0.0,0.0,0.0,0.0
2025,Faisalabad,Apparel & Footwear,Lawn Printed Gul Ahmed/Al Karam,0.0,15.919999999999959,50.34000000000003,0.0,0.0,0.0,0.0,0.0,0.0,0.0,0.0
2025,Faisalabad,Apparel & Footwear,"Long Cloth 57"" Gul Ahmed/Al Karam",0.0,6.099999999999966,55.84000000000003,12.950000000000045,0.0,0.0,0.0,0.0,0.0,0.0,0.0
2025,Faisalabad,Apparel & Footwear,Shirting (Average Quality),0.0,0.0,0.0,0.0,0.0,0.0,0.0,0.0,0.0,0.0,0.0
2025,Faisalabad,Food & Beverages,Bananas (Kela) Local,29.200000000000003,62.390000000000015,-32.76000000000002,0.0,0.0,-2.710000000000008,-22.289999999999992,-20.989999999999995,0.0,0.0,0.0
2025,Faisalabad,Food & Beverages,Beef with Bone (Average Quality),0.0,0.0,0.0,0.0,0.0,0.0,0.0,0.0,0.0,0.0,0.0
2025,Faisalabad,Food & Beverages,Bread plain (Small Size),0.0,0.0,0.0,0.0,0.0,0.0,0.0,0.0,0.0,0.0,0.0
2025,Faisalabad,Food & Beverages,Chicken Farm Broiler (Live),8.099999999999966,63.02000000000004,-71.14000000000004,5.400000000000034,0.0,-50.170000000000016,52.68000000000001,-30.189999999999998,-78.00999999999999,24.69999999999999,-3.2200000000000273
2025,Faisalabad,Food & Beverages,Chilies Powder NATIONAL 200 gm Pa,0.0,0.0,0.0,0.0,0.0,0.0,0.0,0.0,0.0,0.0,0.0
2025,Faisalabad,Food & Beverages,Cooked Beef at Average Hotel,0.0,0.0,0.0,0.0,0.0,0.0,0.0,0.0,0.0,0.0,0.0
2025,Faisalabad,Food & Beverages,Cooked Daal at Average Hotel,2.3799999999999955,7.349999999999994,0.0,0.0,0.0,0.0,0.0,0.0,0.0,0.0,0.0
2025,Faisalabad,Food & Beverages,Cooking Oil DALDA or Other Similar,0.0,-2.430000000000291,-7.4699999999998,-12.579999999999927,0.0,0.0,0.0,0.0,0.0,0.0,0.0
2025,Faisalabad,Food & Beverages,Curd (Dahi) Loose,0.0,0.0,0.0,0.0,0.0,0.0,0.0,0.0,0.0,0.0,0.0
2025,Faisalabad,Food & Beverages,Eggs Hen (Farm),-21.319999999999993,36.17999999999995,-54.789999999999964,57.02999999999997,0.0,-33.589999999999975,30.170000000000016,14.310000000000002,18.44999999999999,21.829999999999984,11.220000000000027
2025,Faisalabad,Food & Beverages,Garlic (Lehsun),-12.879999999999995,-37.120000000000005,-208.8,-54.43000000000001,0.0,7.009999999999991,43.09000000000003,8.699999999999989,-12.980000000000018,-52.889999999999986,12.550000000000011
2025,Faisalabad,Food & Beverages,Gur (Average Quality),0.0,0.0,0.0,9.759999999999991,0.0,10.240000000000009,6.469999999999999,9.939999999999998,10.080000000000013,0.0,-0.8000000000000114
2025,Faisalabad,Food & Beverages,Milk fresh (Un-boiled),0.0,0.0,0.0,0.0,0.0,0.0,0.0,0.0,0.0,0.0,0.0
2025,Faisalabad,Food & Beverages,Mustard Oil (Average Quality),0.0,0.0,0.0,0.0,0.0,0.0,0.0,3.759999999999991,1.259999999999991,0.0,0.0
2025,Faisalabad,Food & Beverages,Mutton (Average Quality),0.0,0.0,0.0,0.0,0.0,0.0,0.0,0.0,0.0,0.0,0.0
2025,Faisalabad,Food & Beverages,Onions,-21.08,-24.990000000000002,-14.93,-5.149999999999999,0.0,12.479999999999997,13.670000000000002,18.11,22.28,27.60000000000001,-36.81000000000002
2025,Faisalabad,Food & Beverages,Potatoes,-18.139999999999993,-4.939999999999998,-3.1300000000000026,2.6499999999999986,0.0,43.36000000000001,-4.060000000000002,-0.37000000000000455,-8.379999999999995,-12.549999999999997,-14.190000000000005
2025,Faisalabad,Food & Beverages,Powdered Milk NIDO 390 gm Polyba,0.0,7.490000000000009,2.509999999999991,0.0,0.0,0.0,0.0,0.0,0.0,0.0,0.0
2025,Faisalabad,Food & Beverages,Powdered Milk NIDO 390 gm Polybag,0.0,0.0,0.0,0.0,0.0,70.0,0.0,0.0,0.0,0.0,0.0
2025,Faisalabad,Food & Beverages,Pulse Gram,-37.02000000000004,7.720000000000027,0.0,-8.050000000000011,0.0,-8.659999999999968,5.019999999999982,11.689999999999998,-18.379999999999995,-11.620000000000005,-9.220000000000027
2025,Faisalabad,Food & Beverages,Pulse Mash (Washed),-33.21999999999997,0.0,0.0,0.0,0.0,-7.899999999999977,-0.4600000000000364,9.170000000000016,0.0,0.0,0.0
2025,Faisalabad,Food & Beverages,Pulse Masoor (Washed),-41.06,4.659999999999968,0.0,0.0,0.0,-5.610000000000014,-7.019999999999982,16.870000000000005,3.8999999999999773,2.6200000000000045,10.060000000000002
2025,Faisalabad,Food & Beverages,Pulse Moong (Washed),-68.10999999999996,33.51999999999998,6.569999999999993,23.470000000000027,0.0,-8.360000000000014,-2.480000000000018,9.180000000000007,-18.30000000000001,-11.699999999999989,0.0
2025,Faisalabad,Food & Beverages,Rice Basmati Broken (Average Qualit,0.0,8.22999999999999,0.0,-15.180000000000007,0.0,0.0,0.0,0.0,0.0,0.0,0.0
2025,Faisalabad,Food & Beverages,Rice IRRI-6/9 (Sindh/Punjab),0.0,0.0,0.0,0.0,0.0,0.0,0.0,0.0,0.0,0.0,0.0
2025,Faisalabad,Food & Beverages,Salt Powdered (NATIONAL/SHAN) 80,0.0,0.0,0.0,0.0,0.0,0.0,0.0,0.0,0.0,0.0,0.0
2025,Faisalabad,Food & Beverages,Sugar Refined,10.530000000000001,13.719999999999999,-1.1999999999999886,7.439999999999998,0.0,10.870000000000005,-8.740000000000009,1.4300000000000068,4.930000000000007,2.829999999999984,-13.859999999999985
2025,Faisalabad,Food & Beverages,Tea Lipton Yellow Label 190 gm Pack,0.0,-95.33000000000004,0.0,0.0,0.0,0.0,0.0,0.0,0.0,0.0,0.0
2025,Faisalabad,Food & Beverages,Tea Prepared Ordinary,0.0,0.0,0.0,0.0,0.0,0.0,0.0,0.0,0.0,0.0,0.0
2025,Faisalabad,Food & Beverages,Tomatoes,-49.24999999999999,22.46999999999999,-15.11,-18.129999999999995,0.0,39.349999999999994,12.5,130.99,58.28999999999999,-161.81,-44.72999999999999
2025,Faisalabad,Food & Beverages,Vegetable Ghee DALDA/HABIB 2.5 kg,20.029999999999973,-22.559999999999945,-7.440000000000055,0.0,0.0,0.0,0.0,0.0,0.0,0.0,0.0
2025,Faisalabad,Food & Beverages,Vegetable Ghee DALDA/HABIB or Ot,0.0,-2.9600000000000364,0.0,-10.0,0.0,0.0,0.0,0.0,0.0,0.0,0.0
2025,Faisalabad,Food & Beverages,Wheat Flour Bag,15.240000000000009,-30.0,-102.28999999999996,-152.51,0.0,0.0,155.52999999999997,344.96000000000004,78.31999999999994,-29.190000000000055,-139.6199999999999
2025,Faisalabad,Food & Beverages,Chilies Powder NATIONAL 200 gm Packet,0.0,0.0,0.0,0.0,0.0,0.0,0.0,0.0,0.0,0.0,0.0
2025,Faisalabad,Food & Beverages,"Cooking Oil DALDA or Other Similar Brand (SN), 5 Litre Tin",0.0,0.0,0.0,0.0,0.0,0.0,0.0,0.0,6.9699999999998,28.0300000000002,45.0
2025,Faisalabad,Food & Beverages,Rice Basmati Broken (Average Quality),0.0,0.0,0.0,0.0,0.0,0.0,13.930000000000007,10.219999999999999,0.0,1.6399999999999864,-0.10999999999998522
2025,Faisalabad,Food & Beverages,Salt Powdered (NATIONAL/SHAN) 800 gm Packet,0.0,0.0,0.0,0.0,0.0,0.0,0.0,0.0,0.0,0.0,0.0
2025,Faisalabad,Food & Beverages,Tea Lipton Yellow Label 190 gm Packet,0.0,0.0,0.0,0.0,0.0,0.0,0.0,0.0,0.0,0.0,0.0
2025,Faisalabad,Food & Beverages,Vegetable Ghee DALDA/HABIB 2.5 kg Tin,0.0,0.0,0.0,0.0,0.0,0.0,0.0,0.0,15.86999999999989,24.13000000000011,21.660000000000082
2025,Faisalabad,Food & Beverages,Vegetable Ghee DALDA/HABIB or Other superior Quality 1 kg Pouch,0.0,0.0,0.0,0.0,0.0,0.0,0.0,0.0,12.889999999999986,12.110000000000014,7.0
2025,Faisalabad,Household Equipment,Energy Saver Philips 14 Watt,0.0,0.0,0.0,0.0,0.0,0.0,0.0,0.0,0.0,0.0,0.0
2025,Faisalabad,Household Equipment,Match Box,0.0,0.0,0.0,0.0,0.0,0.0,0.0,0.0,0.0,0.0,0.0
2025,Faisalabad,Housing Water & Energy,Electricity Charges upto 50 Units,-0.04999999999999982,0.0,-0.3099999999999996,-0.9700000000000006,0.0,0.3200000000000003,0.3600000000000003,-0.41000000000000014,-0.16000000000000014,0.41000000000000014,0.7799999999999994
2025,Faisalabad,Housing Water & Energy,Firewood Whole,82.83999999999992,0.0,0.0,0.0,0.0,0.0,0.0,0.0,0.0,0.0,0.0
2025,Faisalabad,Housing Water & Energy,Gas Charges upto 3.3719 MMBTU,0.0,0.0,0.0,0.0,0.0,217.69000000000005,372.30999999999995,0.0,0.0,0.0,0.0
2025,Faisalabad,Housing Water & Energy,LPG 11.67 kg Cylinder,-329.8899999999999,255.50999999999976,62.38999999999987,14.66000000000031,0.0,-107.61999999999989,-196.07000000000016,58.539999999999964,0.0,55.98999999999978,437.7600000000002
2025,Faisalabad,Miscellaneous,Cigarettes Capstan 20'S Packet,0.0,0.0,0.0,0.0,0.0,6.8300000000000125,13.169999999999987,0.0,0.0,0.0,0.0
2025,Faisalabad,Personal Care,Sufi Washing Soap 250 gm Cake,0.0,0.0,0.0,0.0,0.0,0.0,0.0,0.0,0.0,0.0,0.0
2025,Faisalabad,Personal Care,Toilet Soap LIFEBUOY 115 gm,-1.3400000000000034,-3.9200000000000017,9.480000000000004,10.379999999999995,0.0,0.0,0.0,-1.7299999999999898,-1.7000000000000028,0.0,0.0
2025,Faisalabad,Transport & Communication,Hi-Speed Diesel,6.029999999999973,-7.319999999999993,0.0,-2.990000000000009,0.0,24.100000000000023,-0.34000000000003183,-7.689999999999998,4.410000000000025,5.519999999999982,-8.870000000000005
2025,Faisalabad,Transport & Communication,Petrol Super,1.910000000000025,-1.5,-0.5000000000000284,-2.019999999999982,0.0,17.349999999999994,-5.329999999999984,0.0,0.7699999999999818,0.2300000000000182,-2.0
2025,Faisalabad,Transport & Communication,Telephone Call Charges,0.0,0.0,0.0,0.0,0.0,0.0,0.0,0.0,0.0,0.0,0.0
2025,Gujranwala,Apparel & Footwear,Gents Sandal Bata,0.0,0.0,0.0,0.0,0.0,0.0,0.0,0.0,0.0,0.0,0.0
2025,Gujranwala,Apparel & Footwear,Gents Sponge Chappal Bata,0.0,0.0,0.0,0.0,0.0,0.0,0.0,0.0,0.0,0.0,0.0
2025,Gujranwala,Apparel & Footwear,Georgette (Average Quality),0.0,0.0,0.0,0.0,0.0,0.0,0.0,0.0,0.0,0.0,0.0
2025,Gujranwala,Apparel & Footwear,Ladies Sandal Bata,0.0,0.0,0.0,0.0,0.0,0.0,0.0,0.0,0.0,0.0,0.0
2025,Gujranwala,Apparel & Footwear,Lawn Printed Gul Ahmed/Al Karam,0.0,0.0,0.0,0.0,0.0,0.0,0.0,0.0,0.0,0.0,0.0
2025,Gujranwala,Apparel & Footwear,"Long Cloth 57"" Gul Ahmed/Al Karam",0.0,0.0,0.0,0.0,0.0,0.0,0.0,0.0,0.0,0.0,0.0
2025,Gujranwala,Apparel & Footwear,Shirting (Average Quality),0.0,0.0,47.72000000000003,52.27999999999997,0.0,0.0,0.0,0.0,0.0,0.0,0.0
2025,Gujranwala,Food & Beverages,Bananas (Kela) Local,38.629999999999995,68.41,-43.110000000000014,-16.92999999999998,0.0,-16.51000000000002,-18.289999999999992,-5.27000000000001,-14.72999999999999,13.009999999999991,6.990000000000009
2025,Gujranwala,Food & Beverages,Beef with Bone (Average Quality),24.1099999999999,75.8900000000001,0.0,0.0,0.0,0.0,0.0,0.0,0.0,0.0,0.0
2025,Gujranwala,Food & Beverages,Bread plain (Small Size),-2.5900000000000034,0.0,2.5900000000000034,0.0,0.0,0.0,0.0,0.0,0.0,0.0,0.0
2025,Gujranwala,Food & Beverages,Chicken Farm Broiler (Live),-13.410000000000025,60.889999999999986,-53.120000000000005,3.7900000000000205,0.0,-32.389999999999986,33.68000000000001,-31.99000000000001,-83.31,28.75999999999999,7.230000000000018
2025,Gujranwala,Food & Beverages,Chilies Powder NATIONAL 200 gm Pa,0.0,0.0,0.0,0.0,0.0,0.0,0.0,0.0,0.0,0.0,0.0
2025,Gujranwala,Food & Beverages,Cooked Beef at Average Hotel,0.0,0.0,0.0,0.0,0.0,0.0,0.0,0.0,0.0,0.0,0.0
2025,Gujranwala,Food & Beverages,Cooked Daal at Average Hotel,0.0,0.0,0.0,0.0,0.0,0.0,0.0,0.0,0.0,0.0,0.0
2025,Gujranwala,Food & Beverages,Cooking Oil DALDA or Other Similar,0.0,10.070000000000164,0.0,-37.57999999999993,0.0,0.0,0.0,0.0,0.0,0.0,0.0
2025,Gujranwala,Food & Beverages,Curd (Dahi) Loose,0.0,0.0,0.0,0.0,0.0,0.0,0.0,0.0,0.0,0.0,0.0
2025,Gujranwala,Food & Beverages,Eggs Hen (Farm),-6.2900000000000205,5.569999999999993,-47.29999999999998,76.08000000000001,0.0,-21.689999999999998,20.69999999999999,4.9599999999999795,16.590000000000032,30.920000000000016,14.939999999999998
2025,Gujranwala,Food & Beverages,Garlic (Lehsun),78.91999999999996,-193.89999999999998,-361.46999999999997,-43.160000000000025,0.0,50.0,50.0,61.94999999999999,13.980000000000018,-25.930000000000007,50.0
2025,Gujranwala,Food & Beverages,Gur (Average Quality),8.25,0.0,17.22,17.72999999999999,0.0,5.050000000000011,0.0,0.0,0.0,-15.159999999999997,-4.840000000000003
2025,Gujranwala,Food & Beverages,Milk fresh (Un-boiled),0.0,0.0,0.0,0.0,0.0,0.0,0.0,0.0,0.0,0.0,0.0
2025,Gujranwala,Food & Beverages,Mustard Oil (Average Quality),0.0,-10.090000000000032,-9.909999999999968,0.0,0.0,-8.089999999999975,-11.910000000000025,0.0,0.0,0.0,0.0
2025,Gujranwala,Food & Beverages,Mutton (Average Quality),0.0,0.0,0.0,0.0,0.0,0.0,0.0,0.0,100.0,0.0,0.0
2025,Gujranwala,Food & Beverages,Onions,-37.25,-18.409999999999997,-10.340000000000003,-11.519999999999996,0.0,7.049999999999997,20.0,20.0,24.200000000000003,36.32000000000001,-49.22000000000001
2025,Gujranwala,Food & Beverages,Potatoes,-20.060000000000002,-5.859999999999999,-4.799999999999997,1.5600000000000023,0.0,31.58,-2.3499999999999943,-0.7900000000000063,0.0,-5.510000000000005,-19.72999999999999
2025,Gujranwala,Food & Beverages,Powdered Milk NIDO 390 gm Polyba,0.0,0.0,0.0,52.069999999999936,0.0,0.0,0.0,0.0,0.0,0.0,0.0
2025,Gujranwala,Food & Beverages,Powdered Milk NIDO 390 gm Polybag,0.0,0.0,0.0,0.0,0.0,70.0,0.0,0.0,0.0,9.86999999999989,30.13000000000011
2025,Gujranwala,Food & Beverages,Pulse Gram,-23.70999999999998,-25.49000000000001,6.800000000000011,0.3299999999999841,0.0,-1.6399999999999864,0.0,-3.3799999999999955,-25.390000000000015,-11.22999999999999,-10.0
2025,Gujranwala,Food & Beverages,Pulse Mash (Washed),-7.420000000000016,-39.77999999999997,-7.420000000000016,0.0,0.0,-6.060000000000002,-10.629999999999995,-1.660000000000025,-1.6499999999999773,-15.100000000000023,-4.899999999999977
2025,Gujranwala,Food & Beverages,Pulse Masoor (Washed),0.0,-7.529999999999973,-2.4700000000000273,1.6100000000000136,0.0,-1.6100000000000136,0.0,-5.050000000000011,-6.979999999999961,0.2699999999999818,-18.24000000000001
2025,Gujranwala,Food & Beverages,Pulse Moong (Washed),0.0,2.5200000000000387,-9.160000000000025,-5.889999999999986,0.0,-12.470000000000027,-45.889999999999986,11.720000000000027,2.5299999999999727,4.9599999999999795,12.510000000000048
2025,Gujranwala,Food & Beverages,Rice Basmati Broken (Average Qualit,0.0,-16.72999999999999,0.0,0.0,0.0,0.0,0.0,0.0,0.0,0.0,0.0
2025,Gujranwala,Food & Beverages,Salt Powdered (NATIONAL/SHAN) 80,0.0,0.0,0.0,0.0,0.0,0.0,0.0,0.0,0.0,0.0,0.0
2025,Gujranwala,Food & Beverages,Sugar Refined,10.769999999999982,12.480000000000018,0.03999999999999204,5.0,0.0,10.960000000000008,-4.710000000000008,3.1399999999999864,3.160000000000025,-5.570000000000022,-17.590000000000003
2025,Gujranwala,Food & Beverages,Tea Lipton Yellow Label 190 gm Pack,0.0,-95.81,0.0,0.0,0.0,0.0,0.0,0.0,0.0,0.0,0.0
2025,Gujranwala,Food & Beverages,Tea Prepared Ordinary,0.0,0.0,0.0,0.0,0.0,0.0,0.0,0.0,0.0,3.1599999999999966,3.3299999999999983
2025,Gujranwala,Food & Beverages,Tomatoes,-61.78999999999999,18.090000000000003,-22.47,-22.97,0.0,48.72,29.580000000000013,111.76999999999998,57.629999999999995,-149.1,-57.61
2025,Gujranwala,Food & Beverages,Vegetable Ghee DALDA/HABIB 2.5 kg,-13.539999999999964,-7.440000000000055,0.0,-18.789999999999964,0.0,0.0,0.0,0.0,0.0,0.0,0.0
2025,Gujranwala,Food & Beverages,Wheat Flour Bag,-41.00999999999999,-33.11999999999989,-84.37000000000012,-146.83999999999992,0.0,-20.210000000000036,122.40000000000009,372.03999999999996,-13.980000000000018,21.3900000000001,28.559999999999945
2025,Gujranwala,Food & Beverages,Chilies Powder NATIONAL 200 gm Packet,0.0,0.0,0.0,0.0,0.0,0.0,0.0,0.0,0.0,0.0,14.050000000000011
2025,Gujranwala,Food & Beverages,"Cooking Oil DALDA or Other Similar Brand (SN), 5 Litre Tin",0.0,0.0,0.0,0.0,0.0,0.0,0.0,0.0,15.820000000000164,64.17999999999984,122.44000000000005
2025,Gujranwala,Food & Beverages,Rice Basmati Broken (Average Quality),0.0,0.0,0.0,0.0,0.0,0.0,0.0,0.0,0.0,0.0,0.0
2025,Gujranwala,Food & Beverages,Salt Powdered (NATIONAL/SHAN) 800 gm Packet,0.0,0.0,0.0,0.0,0.0,0.0,0.0,0.0,0.0,-7.640000000000001,-2.3599999999999994
2025,Gujranwala,Food & Beverages,Tea Lipton Yellow Label 190 gm Packet,0.0,0.0,0.0,0.0,0.0,0.0,0.0,0.0,0.0,0.0,0.0
2025,Gujranwala,Food & Beverages,Vegetable Ghee DALDA/HABIB 2.5 kg Tin,0.0,0.0,0.0,0.0,0.0,0.0,0.0,0.0,7.910000000000082,38.299999999999955,66.20000000000005
2025,Gujranwala,Food & Beverages,Vegetable Ghee DALDA/HABIB or Other superior Quality 1 kg Pouch,0.0,0.0,0.0,0.0,0.0,0.0,0.0,0.0,9.980000000000018,6.019999999999982,7.0
2025,Gujranwala,Household Equipment,Energy Saver Philips 14 Watt,0.0,0.0,0.0,0.0,0.0,0.0,0.0,0.0,0.0,0.0,0.0
2025,Gujranwala,Household Equipment,Match Box,0.0,0.0,0.0,0.0,0.0,0.0,0.0,0.0,0.0,0.0,0.0
2025,Gujranwala,Housing Water & Energy,Electricity Charges upto 50 Units,-0.04999999999999982,0.0,-0.3099999999999996,-0.9700000000000006,0.0,0.3200000000000003,0.3600000000000003,-0.41000000000000014,-0.16000000000000014,0.41000000000000014,0.7799999999999994
2025,Gujranwala,Housing Water & Energy,Firewood Whole,0.0,0.0,0.0,0.0,0.0,0.0,0.0,0.0,0.0,0.0,0.0
2025,Gujranwala,Housing Water & Energy,Gas Charges upto 3.3719 MMBTU,0.0,0.0,0.0,0.0,0.0,217.69000000000005,372.30999999999995,0.0,0.0,0.0,0.0
2025,Gujranwala,Housing Water & Energy,LPG 11.67 kg Cylinder,-289.8699999999999,233.0,0.0,-119.78999999999996,0.0,-116.05000000000018,-85.50999999999976,29.31999999999971,11.720000000000255,164.19000000000005,349.1199999999999
2025,Gujranwala,Miscellaneous,Cigarettes Capstan 20'S Packet,0.0,0.0,0.0,0.0,0.0,0.0,0.0,0.0,0.0,2.460000000000008,7.539999999999992
2025,Gujranwala,Personal Care,Sufi Washing Soap 250 gm Cake,0.0,0.0,0.0,0.0,0.0,0.0,0.0,0.0,0.0,0.0,0.0
2025,Gujranwala,Personal Care,Toilet Soap LIFEBUOY 115 gm,0.0,0.0,5.700000000000003,6.030000000000001,0.0,0.6599999999999966,0.1700000000000017,0.0,0.0,3.8700000000000045,0.0
2025,Gujranwala,Transport & Communication,Hi-Speed Diesel,6.029999999999973,-7.289999999999964,0.0,-3.0,0.0,24.079999999999984,-0.35000000000002274,-7.029999999999973,4.560000000000002,5.419999999999959,-8.789999999999964
2025,Gujranwala,Transport & Communication,Petrol Super,1.910000000000025,-1.0,-1.0000000000000284,-2.0,0.0,17.370000000000033,-5.3700000000000045,0.0,1.5699999999999932,0.22999999999996135,-2.0
2025,Gujranwala,Transport & Communication,Telephone Call Charges,0.0,0.0,0.0,0.0,0.0,0.0,0.0,0.0,0.0,0.0,0.0
2025,Hyderabad,Apparel & Footwear,Gents Sandal Bata,0.0,0.0,0.0,0.0,0.0,0.0,0.0,0.0,0.0,0.0,0.0
2025,Hyderabad,Apparel & Footwear,Gents Sponge Chappal Bata,0.0,0.0,0.0,0.0,0.0,0.0,0.0,0.0,0.0,0.0,0.0
2025,Hyderabad,Apparel & Footwear,Georgette (Average Quality),0.0,0.0,0.0,0.0,0.0,0.0,0.0,0.0,0.0,0.0,0.0
2025,Hyderabad,Apparel & Footwear,Ladies Sandal Bata,0.0,0.0,0.0,0.0,0.0,0.0,0.0,0.0,0.0,0.0,0.0
2025,Hyderabad,Apparel & Footwear,Lawn Printed Gul Ahmed/Al Karam,0.0,0.0,1.2699999999999818,3.8100000000000023,0.0,0.0,8.110000000000014,41.50999999999999,33.23000000000002,0.0,0.0
2025,Hyderabad,Apparel & Footwear,"Long Cloth 57"" Gul Ahmed/Al Karam",0.0,0.0,1.6200000000000045,8.090000000000032,0.0,11.799999999999955,14.019999999999982,38.780000000000086,5.259999999999991,0.0,0.0
2025,Hyderabad,Apparel & Footwear,Shirting (Average Quality),0.0,0.0,0.0,0.0,0.0,7.25,10.050000000000011,41.29000000000002,5.240000000000009,27.389999999999986,16.149999999999977
2025,Hyderabad,Food & Beverages,Bananas (Kela) Local,40.39999999999999,29.480000000000018,-21.28,-23.86,0.0,-7.910000000000011,-4.4199999999999875,-10.460000000000008,-6.849999999999994,17.28,1.1499999999999915
2025,Hyderabad,Food & Beverages,Beef with Bone (Average Quality),0.0,16.610000000000127,39.539999999999964,3.0799999999999272,0.0,4.769999999999982,6.770000000000209,0.0,4.1599999999998545,0.0,0.0
2025,Hyderabad,Food & Beverages,Bread plain (Small Size),0.0,0.0,0.0,0.0,0.0,0.0,0.0,0.0,0.0,0.0,0.0
2025,Hyderabad,Food & Beverages,Chicken Farm Broiler (Live),19.69999999999999,22.869999999999948,-17.309999999999945,-15.060000000000002,0.0,-76.19,44.99000000000001,-27.129999999999995,-103.88,27.66999999999996,65.10000000000002
2025,Hyderabad,Food & Beverages,Chilies Powder NATIONAL 200 gm Pa,0.0,0.0,0.0,0.0,0.0,0.0,0.0,0.0,0.0,0.0,0.0
2025,Hyderabad,Food & Beverages,Cooked Beef at Average Hotel,0.0,0.0,0.0,0.0,0.0,0.0,0.0,0.0,0.0,0.0,0.0
2025,Hyderabad,Food & Beverages,Cooked Daal at Average Hotel,0.0,0.0,0.0,0.0,0.0,0.0,0.0,0.0,0.0,0.0,0.0
2025,Hyderabad,Food & Beverages,Cooking Oil DALDA or Other Similar,0.0,10.070000000000164,0.0,0.0,0.0,0.0,0.0,0.0,0.0,0.0,0.0
2025,Hyderabad,Food & Beverages,Curd (Dahi) Loose,0.0,0.0,0.0,0.0,0.0,0.0,0.0,0.0,0.0,0.0,0.0
2025,Hyderabad,Food & Beverages,Eggs Hen (Farm),-45.05000000000001,18.470000000000027,-39.00000000000003,59.83000000000001,0.0,-20.80000000000001,36.60000000000002,-3.319999999999993,17.42999999999995,29.54000000000002,2.2900000000000205
2025,Hyderabad,Food & Beverages,Garlic (Lehsun),0.3300000000000409,-298.32000000000005,-136.29000000000002,-77.85999999999996,0.0,59.47999999999996,48.68000000000001,4.990000000000009,0.0,-2.4399999999999977,-41.22000000000003
2025,Hyderabad,Food & Beverages,Gur (Average Quality),0.8400000000000034,2.5200000000000102,0.0,0.8700000000000045,0.0,0.5,12.929999999999978,10.889999999999986,7.230000000000018,-3.740000000000009,-1.2299999999999613
2025,Hyderabad,Food & Beverages,Milk fresh (Un-boiled),0.0,0.0,0.0,0.0,0.0,0.0,0.0,0.0,0.0,0.0,0.0
2025,Hyderabad,Food & Beverages,Mustard Oil (Average Quality),-26.930000000000007,-5.0400000000000205,-32.339999999999975,-32.26999999999998,0.0,-1.6899999999999977,13.819999999999993,25.16999999999996,16.390000000000043,4.71999999999997,1.7099999999999795
2025,Hyderabad,Food & Beverages,Mutton (Average Quality),23.450000000000045,19.159999999999854,17.039999999999964,21.050000000000182,0.0,17.449999999999818,49.06000000000017,12.079999999999927,87.9699999999998,3.3200000000001637,0.0
2025,Hyderabad,Food & Beverages,Onions,-31.67,-15.670000000000002,-8.43,-4.109999999999999,0.0,7.450000000000003,11.36,12.100000000000001,34.349999999999994,25.700000000000003,-56.849999999999994
2025,Hyderabad,Food & Beverages,Potatoes,-15.180000000000007,-6.310000000000002,12.450000000000003,-11.899999999999999,0.0,16.830000000000005,-8.290000000000006,4.310000000000002,-0.6500000000000057,-3.989999999999995,-12.5
2025,Hyderabad,Food & Beverages,Powdered Milk NIDO 390 gm Polyba,0.0,11.840000000000146,0.0,0.0,0.0,0.0,0.0,0.0,0.0,0.0,0.0
2025,Hyderabad,Food & Beverages,Powdered Milk NIDO 390 gm Polybag,0.0,0.0,0.0,0.0,0.0,37.289999999999964,0.0,0.0,23.299999999999955,42.52999999999997,0.8300000000001546
2025,Hyderabad,Food & Beverages,Pulse Gram,-51.25999999999999,-8.979999999999961,-8.350000000000023,1.7200000000000273,0.0,0.0,-2.57000000000005,0.0,-4.699999999999989,-15.479999999999961,-20.210000000000036
2025,Hyderabad,Food & Beverages,Pulse Mash (Washed),-23.5,-15.370000000000005,-13.17999999999995,5.559999999999945,0.0,-8.649999999999977,-6.5400000000000205,-10.399999999999977,-6.399999999999977,-0.410000000000025,-16.170000000000016
2025,Hyderabad,Food & Beverages,Pulse Masoor (Washed),-2.9700000000000273,-2.4599999999999795,-9.670000000000016,-1.25,0.0,8.279999999999973,0.0,0.0,-6.009999999999991,-3.9399999999999977,-17.899999999999977
2025,Hyderabad,Food & Beverages,Pulse Moong (Washed),7.350000000000023,-2.9599999999999795,-3.3600000000000136,2.9499999999999886,0.0,-0.9200000000000159,-3.259999999999991,-5.670000000000016,-9.379999999999995,-3.909999999999968,-6.8700000000000045
2025,Hyderabad,Food & Beverages,Rice Basmati Broken (Average Qualit,0.0,-20.70999999999998,-2.670000000000016,0.0,0.0,0.0,0.0,0.0,0.0,0.0,0.0
2025,Hyderabad,Food & Beverages,Rice IRRI-6/9 (Sindh/Punjab),-26.769999999999982,-2.450000000000017,0.0,0.0,0.0,-0.5,-2.579999999999984,1.3499999999999943,1.5600000000000023,0.0,-1.5600000000000023
2025,Hyderabad,Food & Beverages,Salt Powdered (NATIONAL/SHAN) 80,0.0,0.0,0.0,0.0,0.0,0.0,0.0,0.0,0.0,0.0,0.0
2025,Hyderabad,Food & Beverages,Sugar Refined,15.759999999999991,15.490000000000009,0.9800000000000182,6.759999999999991,0.0,8.159999999999997,-1.3799999999999955,5.930000000000007,0.8199999999999932,5.460000000000008,-27.29000000000002
2025,Hyderabad,Food & Beverages,Tea Lipton Yellow Label 190 gm Pack,0.0,-73.56,-22.230000000000018,0.0,0.0,0.0,0.0,0.0,0.0,0.0,0.0
2025,Hyderabad,Food & Beverages,Tea Prepared Ordinary,0.0,0.0,0.0,0.0,0.0,0.0,0.0,0.0,0.0,0.0,0.0
2025,Hyderabad,Food & Beverages,Tomatoes,-55.8,7.25,6.25,16.82,0.0,25.750000000000007,21.25,64.5,44.98999999999998,-111.68999999999998,-61.900000000000006
2025,Hyderabad,Food & Beverages,Vegetable Ghee DALDA/HABIB 2.5 kg,12.009999999999991,-30.0,0.0,0.0,0.0,0.0,0.0,0.0,0.0,0.0,0.0
2025,Hyderabad,Food & Beverages,Vegetable Ghee DALDA/HABIB or Ot,0.0,-5.259999999999991,-2.730000000000018,0.0,0.0,0.0,0.0,0.0,0.0,0.0,0.0
2025,Hyderabad,Food & Beverages,Wheat Flour Bag,-30.410000000000082,-2.5799999999999272,-152.68000000000006,-126.86999999999989,0.0,38.99000000000001,45.87999999999988,604.1399999999999,44.66000000000031,21.519999999999982,14.150000000000091
2025,Hyderabad,Food & Beverages,Chilies Powder NATIONAL 200 gm Packet,0.0,0.0,0.0,0.0,0.0,0.0,0.0,0.0,0.0,0.0,14.050000000000011
2025,Hyderabad,Food & Beverages,"Cooking Oil DALDA or Other Similar Brand (SN), 5 Litre Tin",0.0,0.0,0.0,0.0,0.0,0.0,0.0,0.0,20.949999999999818,47.73000000000002,92.39000000000033
2025,Hyderabad,Food & Beverages,Rice Basmati Broken (Average Quality),0.0,0.0,0.0,0.0,0.0,0.0,0.0,4.97999999999999,1.6800000000000068,0.0,0.0
2025,Hyderabad,Food & Beverages,Salt Powdered (NATIONAL/SHAN) 800 gm Packet,0.0,0.0,0.0,0.0,0.0,0.0,0.0,0.0,0.0,1.5799999999999983,-2.0600000000000023
2025,Hyderabad,Food & Beverages,Tea Lipton Yellow Label 190 gm Packet,0.0,0.0,0.0,0.0,0.0,0.0,0.0,0.0,0.0,0.0,0.0
2025,Hyderabad,Food & Beverages,Vegetable Ghee DALDA/HABIB 2.5 kg Tin,0.0,0.0,0.0,0.0,0.0,0.0,0.0,0.0,19.950000000000045,20.049999999999955,0.0
2025,Hyderabad,Food & Beverages,Vegetable Ghee DALDA/HABIB or Other superior Quality 1 kg Pouch,0.0,0.0,0.0,0.0,0.0,0.0,0.0,0.0,10.759999999999991,5.240000000000009,5.240000000000009
2025,Hyderabad,Household Equipment,Energy Saver Philips 14 Watt,0.0,0.0,0.0,20.74000000000001,0.0,45.27999999999997,16.650000000000034,8.579999999999984,8.75,0.0,0.0
2025,Hyderabad,Household Equipment,Match Box,0.0,0.0,0.0,0.0,0.0,0.0,0.0,0.0,0.0,0.0,0.0
2025,Hyderabad,Housing Water & Energy,Electricity Charges upto 50 Units,-0.04999999999999982,0.0,-0.3099999999999996,-0.9700000000000006,0.0,0.3200000000000003,0.3600000000000003,-0.41000000000000014,-0.16000000000000014,0.41000000000000014,0.7799999999999994
2025,Hyderabad,Housing Water & Energy,Firewood Whole,34.13000000000011,0.0,0.0,0.0,0.0,29.730000000000018,69.55999999999995,87.75999999999999,90.07999999999993,78.78999999999996,43.080000000000155
2025,Hyderabad,Housing Water & Energy,Gas Charges upto 3.3719 MMBTU,0.0,0.0,0.0,0.0,0.0,217.69000000000005,372.30999999999995,0.0,0.0,0.0,0.0
2025,Hyderabad,Housing Water & Energy,LPG 11.67 kg Cylinder,-324.7399999999998,150.19000000000005,63.679999999999836,-48.40000000000009,0.0,7.289999999999964,-211.77999999999975,166.23000000000002,-127.55000000000018,38.75,29.610000000000127
2025,Hyderabad,Miscellaneous,Cigarettes Capstan 20'S Packet,0.0,0.0,0.0,0.0,0.0,0.0,0.0,0.0,0.0,0.0,0.0
2025,Hyderabad,Personal Care,Sufi Washing Soap 250 gm Cake,0.0,0.0,0.0,0.0,0.0,0.0,0.0,0.0,0.0,0.0,0.0
2025,Hyderabad,Personal Care,Toilet Soap LIFEBUOY 115 gm,0.0,0.0,3.8800000000000097,12.549999999999997,0.0,0.0,0.0,0.0,0.0,0.0,0.0
2025,Hyderabad,Transport & Communication,Hi-Speed Diesel,6.100000000000023,-7.330000000000041,0.0,-3.0600000000000023,0.0,23.94999999999999,-0.0999999999999659,-7.199999999999989,4.819999999999993,5.329999999999984,-8.860000000000014
2025,Hyderabad,Transport & Communication,Petrol Super,1.8400000000000318,-0.9200000000000159,-1.0200000000000387,-2.109999999999985,0.0,17.580000000000013,-5.3799999999999955,0.0,1.589999999999975,0.21000000000003638,-1.9800000000000182
2025,Hyderabad,Transport & Communication,Telephone Call Charges,0.0,0.0,0.0,0.0,0.0,0.0,0.0,0.0,0.0,0.0,0.0
2025,Islamabad,Apparel & Footwear,Gents Sandal Bata,0.0,0.0,0.0,0.0,0.0,0.0,0.0,0.0,0.0,0.0,0.0
2025,Islamabad,Apparel & Footwear,Gents Sponge Chappal Bata,0.0,0.0,0.0,0.0,0.0,0.0,0.0,0.0,0.0,0.0,0.0
2025,Islamabad,Apparel & Footwear,Georgette (Average Quality),10.57000000000005,0.0,0.0,0.0,0.0,0.0,0.0,0.0,0.0,0.0,0.0
2025,Islamabad,Apparel & Footwear,Ladies Sandal Bata,0.0,0.0,0.0,0.0,0.0,0.0,0.0,0.0,0.0,0.0,0.0
2025,Islamabad,Apparel & Footwear,Lawn Printed Gul Ahmed/Al Karam,0.0,48.639999999999986,53.110000000000014,22.379999999999995,0.0,7.6299999999999955,0.0,0.0,0.0,0.0,0.0
2025,Islamabad,Apparel & Footwear,"Long Cloth 57"" Gul Ahmed/Al Karam",0.0,8.68999999999994,8.81000000000006,37.16999999999996,0.0,12.830000000000041,0.0,0.0,0.0,0.0,0.0
2025,Islamabad,Apparel & Footwear,Shirting (Average Quality),16.090000000000032,0.0,0.0,0.0,0.0,0.0,0.0,0.0,0.0,0.0,0.0
2025,Islamabad,Food & Beverages,Bananas (Kela) Local,77.19,37.52999999999997,-17.339999999999975,-29.05000000000001,0.0,-13.599999999999966,-44.74000000000001,-16.950000000000017,-9.849999999999994,0.6699999999999875,2.2700000000000102
2025,Islamabad,Food & Beverages,Beef with Bone (Average Quality),38.570000000000164,39.09999999999991,47.539999999999964,35.65000000000009,0.0,0.0,0.0,0.0,14.8599999999999,9.990000000000009,0.0
2025,Islamabad,Food & Beverages,Bread plain (Small Size),0.0,0.0,0.0,0.0,0.0,0.0,0.0,0.0,0.0,0.0,0.0
2025,Islamabad,Food & Beverages,Chicken Farm Broiler (Live),-6.180000000000007,52.43000000000001,-41.089999999999975,-8.519999999999982,0.0,-25.29000000000002,34.00999999999999,-32.74000000000001,-83.97999999999996,32.97999999999996,11.340000000000032
2025,Islamabad,Food & Beverages,Chilies Powder NATIONAL 200 gm Pa,0.0,0.0,0.0,0.0,0.0,0.0,0.0,0.0,0.0,0.0,0.0
2025,Islamabad,Food & Beverages,Cooked Beef at Average Hotel,0.0,0.0,6.920000000000016,2.339999999999975,0.0,0.0,0.0,0.0,0.0,0.0,0.0
2025,Islamabad,Food & Beverages,Cooked Daal at Average Hotel,0.0,0.0,0.0,0.0,0.0,0.0,0.0,0.0,0.0,0.0,0.0
2025,Islamabad,Food & Beverages,Curd (Dahi) Loose,0.0,0.0,0.4099999999999966,1.2299999999999898,0.0,2.9700000000000273,6.569999999999993,2.6999999999999886,0.21000000000000796,0.0,0.0
2025,Islamabad,Food & Beverages,Eggs Hen (Farm),-25.129999999999995,19.189999999999998,-41.60000000000002,53.93000000000001,0.0,-21.689999999999998,27.589999999999975,13.32000000000005,16.799999999999955,21.75,9.330000000000041
2025,Islamabad,Food & Beverages,Garlic (Lehsun),18.829999999999927,-12.0,-109.41999999999996,-40.26999999999998,0.0,-110.20000000000005,-29.399999999999977,0.0,40.50999999999999,16.689999999999998,8.769999999999982
2025,Islamabad,Food & Beverages,Gur (Average Quality),7.939999999999998,1.9800000000000182,6.049999999999983,0.0,0.0,13.220000000000027,1.2099999999999795,0.0,0.0,0.0,-3.3500000000000227
2025,Islamabad,Food & Beverages,Milk fresh (Un-boiled),0.0,0.0,0.0,0.0,0.0,2.6299999999999955,4.030000000000001,3.969999999999999,1.0400000000000205,0.0,0.0
2025,Islamabad,Food & Beverages,Mustard Oil (Average Quality),0.0,0.0,0.0,0.0,0.0,0.0,0.0,0.0,5.409999999999968,3.6299999999999955,0.0
2025,Islamabad,Food & Beverages,Mutton (Average Quality),39.07999999999993,33.61999999999989,38.570000000000164,34.38999999999987,0.0,2.050000000000182,0.0,15.429999999999836,35.100000000000364,46.31999999999971,7.349999999999909
2025,Islamabad,Food & Beverages,Onions,-37.349999999999994,-19.05000000000001,-12.33999999999999,-12.400000000000006,0.0,4.6200000000000045,23.659999999999997,30.17,22.72999999999999,34.94,-46.359999999999985
2025,Islamabad,Food & Beverages,Potatoes,-22.510000000000005,-6.439999999999998,-7.88000000000001,10.75,0.0,21.49000000000001,0.5,7.019999999999996,6.640000000000001,-10.429999999999993,-17.970000000000013
2025,Islamabad,Food & Beverages,Powdered Milk NIDO 390 gm Polyba,0.0,9.059999999999945,0.0,16.930000000000064,0.0,0.0,0.0,0.0,0.0,0.0,0.0
2025,Islamabad,Food & Beverages,Powdered Milk NIDO 390 gm Polybag,0.0,0.0,0.0,0.0,0.0,41.66000000000008,19.25,0.0,8.0,2.009999999999991,0.0
2025,Islamabad,Food & Beverages,Pulse Gram,-10.730000000000018,-11.369999999999948,-11.03000000000003,0.0,0.0,0.0,-10.620000000000005,-11.149999999999977,-4.949999999999989,-21.090000000000032,-8.71999999999997
2025,Islamabad,Food & Beverages,Pulse Mash (Washed),-9.419999999999959,0.0,0.0,0.0,0.0,0.0,0.0,0.0,0.0,-4.990000000000009,-1.6499999999999773
2025,Islamabad,Food & Beverages,Pulse Masoor (Washed),0.0,0.0,0.0,0.0,0.0,3.6899999999999977,-13.350000000000023,-9.920000000000016,-6.21999999999997,-1.759999999999991,-5.160000000000025
2025,Islamabad,Food & Beverages,Pulse Moong (Washed),13.229999999999961,0.0,0.0,0.0,0.0,7.439999999999998,-14.419999999999959,-5.340000000000032,-3.7299999999999613,-2.6100000000000136,0.0
2025,Islamabad,Food & Beverages,Rice Basmati Broken (Average Qualit,0.0,0.0,0.0,0.0,0.0,0.0,0.0,0.0,0.0,0.0,0.0
2025,Islamabad,Food & Beverages,Rice IRRI-6/9 (Sindh/Punjab),0.0,0.0,0.0,0.0,0.0,7.5,0.0,0.0,0.0,0.0,0.0
2025,Islamabad,Food & Beverages,Sugar Refined,10.549999999999983,12.349999999999994,-2.329999999999984,8.009999999999991,0.0,9.189999999999998,-10.849999999999994,6.099999999999994,4.159999999999997,-0.8899999999999864,-15.569999999999993
2025,Islamabad,Food & Beverages,Tea Lipton Yellow Label 190 gm Pack,0.0,-95.80000000000001,0.0,0.0,0.0,0.0,0.0,0.0,0.0,0.0,0.0
2025,Islamabad,Food & Beverages,Tea Prepared Ordinary,0.0,0.0,0.0,0.0,0.0,0.0,0.0,0.0,0.0,0.0,0.0
2025,Islamabad,Food & Beverages,Tomatoes,-74.02,22.049999999999997,-7.549999999999997,-28.189999999999998,0.0,45.56999999999999,20.769999999999996,106.87,78.03999999999999,-116.17999999999998,-83.04
2025,Islamabad,Food & Beverages,Vegetable Ghee DALDA/HABIB 2.5 kg,-25.970000000000027,0.0,-12.549999999999955,-12.450000000000045,0.0,0.0,0.0,0.0,0.0,0.0,0.0
2025,Islamabad,Food & Beverages,Wheat Flour Bag,-92.59999999999991,13.399999999999864,-90.73000000000002,-75.0,0.0,-62.76999999999998,138.11000000000013,535.3400000000001,180.90999999999985,46.4699999999998,102.98000000000002
2025,Islamabad,Food & Beverages,Chilies Powder NATIONAL 200 gm Packet,0.0,0.0,0.0,0.0,0.0,0.0,0.0,0.0,0.0,0.0,14.050000000000011
2025,Islamabad,Food & Beverages,"Cooking Oil DALDA or Other Similar Brand (SN), 5 Litre Tin",0.0,0.0,0.0,0.0,0.0,0.0,0.0,8.710000000000036,53.210000000000036,58.340000000000146,124.10999999999967
2025,Islamabad,Food & Beverages,Rice Basmati Broken (Average Quality),0.0,0.0,0.0,0.0,0.0,0.0,1.009999999999991,4.1200000000000045,4.180000000000007,0.0,0.0
2025,Islamabad,Food & Beverages,Salt Powdered (NATIONAL/SHAN) 800 gm Packet,0.0,0.0,0.0,0.0,0.0,0.0,-0.6299999999999955,-0.21000000000000796,0.0,-1.2399999999999949,-3.5900000000000034
2025,Islamabad,Food & Beverages,Tea Lipton Yellow Label 190 gm Packet,0.0,0.0,0.0,0.0,0.0,0.0,0.0,0.0,0.0,0.0,0.0
2025,Islamabad,Food & Beverages,Vegetable Ghee DALDA/HABIB 2.5 kg Tin,0.0,0.0,0.0,0.0,0.0,0.0,0.0,4.970000000000027,31.00999999999999,25.680000000000064,66.87999999999988
2025,Islamabad,Food & Beverages,Vegetable Ghee DALDA/HABIB or Other superior Quality 1 kg Pouch,0.0,0.0,0.0,0.0,0.0,0.0,0.0,2.990000000000009,11.0,3.75,5.259999999999991
2025,Islamabad,Household Equipment,Energy Saver Philips 14 Watt,0.0,0.0,0.0,0.0,0.0,0.0,0.0,0.0,0.0,0.0,0.0
2025,Islamabad,Household Equipment,Match Box,0.0,0.0,0.0,0.0,0.0,0.0,0.0,0.0,0.0,0.0,0.0
2025,Islamabad,Housing Water & Energy,Electricity Charges upto 50 Units,-0.04999999999999982,0.0,-0.3099999999999996,-0.9700000000000006,0.0,0.3200000000000003,0.3600000000000003,-0.41000000000000014,-0.16000000000000014,0.41000000000000014,0.7799999999999994
2025,Islamabad,Housing Water & Energy,Firewood Whole,0.0,0.0,0.0,0.0,0.0,0.0,0.0,0.0,40.10999999999967,10.150000000000091,0.0
2025,Islamabad,Housing Water & Energy,Gas Charges upto 3.3719 MMBTU,0.0,0.0,0.0,0.0,0.0,217.69000000000005,372.30999999999995,0.0,0.0,0.0,0.0
2025,Islamabad,Housing Water & Energy,LPG 11.67 kg Cylinder,-174.36000000000013,5.870000000000346,138.23000000000002,-122.23000000000002,0.0,-141.79000000000042,-219.91999999999962,112.23999999999978,70.23000000000002,92.97000000000025,357.6999999999998
2025,Islamabad,Miscellaneous,Cigarettes Capstan 20'S Packet,0.0,2.549999999999983,3.8700000000000045,0.4300000000000068,0.0,0.0,0.0,0.0,0.0,0.0,0.0
2025,Islamabad,Personal Care,Sufi Washing Soap 250 gm Cake,0.0,0.0,0.0,0.0,0.0,0.0,0.0,1.6200000000000045,1.6399999999999864,0.0,1.240000000000009
2025,Islamabad,Personal Care,Toilet Soap LIFEBUOY 115 gm,5.039999999999992,16.790000000000006,0.0,0.0,0.0,0.0,0.0,0.0,0.0,0.0,0.0
2025,Islamabad,Transport & Communication,Hi-Speed Diesel,5.639999999999986,-6.889999999999986,0.0,-3.009999999999991,0.0,23.94999999999999,-0.20999999999997954,-7.680000000000007,4.600000000000023,5.4599999999999795,-8.850000000000023
2025,Islamabad,Transport & Communication,Petrol Super,1.8500000000000227,-0.9900000000000091,-1.009999999999991,-2.0,0.0,17.349999999999966,-5.329999999999984,0.0,0.9499999999999886,0.18000000000000682,-1.9799999999999613
2025,Islamabad,Transport & Communication,Telephone Call Charges,0.0,0.0,0.0,0.0,0.0,0.0,0.0,0.0,0.0,0.0,0.0
2025,Karachi,Apparel & Footwear,Gents Sandal Bata,0.0,0.0,0.0,0.0,0.0,0.0,0.0,0.0,0.0,0.0,0.0
2025,Karachi,Apparel & Footwear,Gents Sponge Chappal Bata,0.0,0.0,0.0,0.0,0.0,0.0,0.0,0.0,0.0,0.0,0.0
2025,Karachi,Apparel & Footwear,Georgette (Average Quality),0.0,0.7799999999999727,0.7900000000000205,0.0,0.0,0.0,0.0,0.0,0.0,23.50999999999999,25.159999999999968
2025,Karachi,Apparel & Footwear,Ladies Sandal Bata,0.0,0.0,0.0,0.0,0.0,0.0,0.0,0.0,0.0,0.0,0.0
2025,Karachi,Apparel & Footwear,Lawn Printed Gul Ahmed/Al Karam,0.0,0.0,25.450000000000045,26.42999999999995,0.0,6.0,0.0,0.0,0.0,0.0,0.0
2025,Karachi,Apparel & Footwear,"Long Cloth 57"" Gul Ahmed/Al Karam",0.0,0.0,0.0,3.42999999999995,0.0,1.1499999999999773,0.7599999999999909,0.7700000000000955,0.0,0.0,0.0
2025,Karachi,Apparel & Footwear,Shirting (Average Quality),0.0,3.740000000000009,2.1100000000000136,0.0,0.0,2.8199999999999363,0.0,0.0,4.759999999999991,3.1900000000000546,0.0
2025,Karachi,Food & Beverages,Bananas (Kela) Local,41.99000000000001,32.06,-47.82000000000002,-14.629999999999995,0.0,13.670000000000016,-21.360000000000014,-9.039999999999992,-3.450000000000003,3.8299999999999983,4.799999999999997
2025,Karachi,Food & Beverages,Beef with Bone (Average Quality),8.6400000000001,16.730000000000018,11.309999999999945,8.860000000000127,0.0,6.209999999999809,1.5700000000001637,10.689999999999827,11.460000000000036,7.259999999999991,9.190000000000055
2025,Karachi,Food & Beverages,Bread plain (Small Size),0.0,0.0,0.0,0.0,0.0,0.0,0.0,0.0,0.0,0.0,0.0
2025,Karachi,Food & Beverages,Chicken Farm Broiler (Live),26.29000000000002,17.489999999999952,-11.67999999999995,-17.120000000000005,0.0,-72.78000000000003,45.60000000000002,-32.25999999999999,-105.22000000000003,22.389999999999986,69.75
2025,Karachi,Food & Beverages,Chilies Powder NATIONAL 200 gm Pa,0.0,0.0,0.0,0.0,0.0,0.0,0.0,0.0,0.0,0.0,0.0
2025,Karachi,Food & Beverages,Cooked Beef at Average Hotel,0.0,0.0,0.0,0.0,0.0,1.3899999999999864,0.0,7.319999999999993,8.379999999999995,0.6000000000000227,0.0
2025,Karachi,Food & Beverages,Cooked Daal at Average Hotel,0.5300000000000011,0.0,0.0,0.15000000000000568,0.0,0.8299999999999841,0.2599999999999909,0.29000000000002046,0.29999999999998295,0.0,0.0
2025,Karachi,Food & Beverages,Cooking Oil DALDA or Other Similar,0.0,-9.800000000000182,-0.6799999999998363,0.0,0.0,0.0,0.0,0.0,0.0,0.0,0.0
2025,Karachi,Food & Beverages,Curd (Dahi) Loose,0.0,0.0,0.0,0.0,0.0,0.0,0.0,0.0,0.0,0.0,-1.8500000000000227
2025,Karachi,Food & Beverages,Eggs Hen (Farm),-25.079999999999984,22.75999999999999,-35.889999999999986,49.0,0.0,-14.910000000000025,31.720000000000027,10.379999999999995,13.670000000000016,20.659999999999968,6.360000000000014
2025,Karachi,Food & Beverages,Garlic (Lehsun),52.09999999999991,-271.3399999999999,-114.42000000000007,-43.36999999999995,0.0,28.129999999999995,40.26999999999998,8.779999999999973,-6.569999999999993,-7.139999999999986,-13.850000000000023
2025,Karachi,Food & Beverages,Gur (Average Quality),0.0,0.45000000000001705,-0.15000000000000568,3.0,0.0,9.48999999999998,1.4600000000000364,0.0,0.0,0.0,-0.5900000000000318
2025,Karachi,Food & Beverages,Milk fresh (Un-boiled),0.0,0.0,0.0,0.0,0.0,0.0,0.0,0.0,0.0,0.0,0.0
2025,Karachi,Food & Beverages,Mustard Oil (Average Quality),-5.6299999999999955,-7.199999999999932,-12.550000000000068,-17.730000000000018,0.0,-1.099999999999909,-2.150000000000091,0.8600000000000136,7.269999999999982,11.200000000000045,5.6299999999999955
2025,Karachi,Food & Beverages,Mutton (Average Quality),10.0,5.169999999999618,3.1100000000001273,3.1100000000001273,0.0,9.989999999999782,4.710000000000036,45.90000000000009,47.86999999999989,4.910000000000309,6.839999999999691
2025,Karachi,Food & Beverages,Onions,-33.620000000000005,-14.189999999999998,-7.909999999999997,-12.149999999999999,0.0,8.969999999999999,6.990000000000002,15.219999999999999,33.56999999999999,24.0,-43.08
2025,Karachi,Food & Beverages,Potatoes,-13.33999999999999,-5.310000000000002,3.319999999999993,-3.0900000000000034,0.0,8.210000000000008,-0.01999999999999602,0.36999999999999034,0.45000000000000284,1.0,-4.739999999999995
2025,Karachi,Food & Beverages,Powdered Milk NIDO 390 gm Polyba,0.0,0.0,0.0,23.16999999999996,0.0,0.0,0.0,0.0,0.0,0.0,0.0
2025,Karachi,Food & Beverages,Powdered Milk NIDO 390 gm Polybag,0.0,0.0,0.0,0.0,0.0,48.59000000000003,1.0899999999999181,0.0,0.0,59.8900000000001,14.690000000000055
2025,Karachi,Food & Beverages,Pulse Gram,-46.039999999999964,-12.480000000000018,-4.389999999999986,3.8700000000000045,0.0,10.409999999999968,-4.529999999999973,-1.9600000000000364,-0.7399999999999523,-25.880000000000052,-14.25
2025,Karachi,Food & Beverages,Pulse Mash (Washed),-26.71999999999997,-10.300000000000011,-7.409999999999968,-1.9300000000000068,0.0,-1.5900000000000318,-4.430000000000007,-1.6099999999999568,1.169999999999959,1.7700000000000387,-8.379999999999995
2025,Karachi,Food & Beverages,Pulse Masoor (Washed),-1.579999999999984,-0.2599999999999909,-1.3199999999999932,-0.6100000000000136,0.0,8.360000000000014,3.669999999999959,2.6900000000000546,0.3699999999999477,-8.649999999999977,-9.71999999999997
2025,Karachi,Food & Beverages,Pulse Moong (Washed),-1.0400000000000205,-1.6099999999999568,-2.1100000000000136,-0.4600000000000364,0.0,-7.569999999999993,-4.740000000000009,0.28000000000002956,4.4599999999999795,0.35000000000002274,-4.230000000000018
2025,Karachi,Food & Beverages,Rice Basmati Broken (Average Qualit,0.0,-0.34000000000003183,0.5300000000000296,0.7400000000000091,0.0,0.0,0.0,0.0,0.0,0.0,0.0
2025,Karachi,Food & Beverages,Rice IRRI-6/9 (Sindh/Punjab),0.0,-0.12000000000000455,-0.37999999999999545,-4.52000000000001,0.0,2.8400000000000034,0.8900000000000148,-0.30000000000001137,0.09999999999999432,-3.6200000000000045,-2.799999999999983
2025,Karachi,Food & Beverages,Salt Powdered (NATIONAL/SHAN) 80,0.0,0.15000000000000568,0.1599999999999966,0.0,0.0,0.0,0.0,0.0,0.0,0.0,0.0
2025,Karachi,Food & Beverages,Sugar Refined,11.890000000000015,15.639999999999986,0.9200000000000159,5.460000000000008,0.0,12.539999999999992,-2.3499999999999943,1.8100000000000023,0.8499999999999943,7.97999999999999,-22.28
2025,Karachi,Food & Beverages,Tea Lipton Yellow Label 190 gm Pack,0.0,-95.80000000000001,0.0,0.0,0.0,0.0,0.0,0.0,0.0,0.0,0.0
2025,Karachi,Food & Beverages,Tea Prepared Ordinary,0.18999999999999773,0.0,0.1599999999999966,0.1700000000000017,0.0,0.0,0.0,0.0,0.0,0.0,0.0
2025,Karachi,Food & Beverages,Tomatoes,-58.169999999999995,9.299999999999997,7.939999999999998,4.590000000000003,0.0,36.10999999999999,14.960000000000008,57.629999999999995,66.37,-116.3,-59.400000000000006
2025,Karachi,Food & Beverages,Vegetable Ghee DALDA/HABIB 2.5 kg,7.7000000000000455,-26.25999999999999,0.0,-15.009999999999991,0.0,0.0,0.0,0.0,0.0,0.0,0.0
2025,Karachi,Food & Beverages,Vegetable Ghee DALDA/HABIB or Ot,0.0,-7.8700000000000045,0.0,-8.57000000000005,0.0,0.0,0.0,0.0,0.0,0.0,0.0
2025,Karachi,Food & Beverages,Wheat Flour Bag,-68.73999999999978,-39.0,-213.45000000000005,-82.28999999999996,0.0,70.57999999999993,48.25,525.6699999999998,147.24000000000024,-6.650000000000091,34.11999999999989
2025,Karachi,Food & Beverages,Chilies Powder NATIONAL 200 gm Packet,0.0,0.0,0.0,0.0,0.0,0.0,0.0,0.0,0.0,0.0,28.70999999999998
2025,Karachi,Food & Beverages,"Cooking Oil DALDA or Other Similar Brand (SN), 5 Litre Tin",0.0,0.0,0.0,0.0,0.0,0.0,-20.25,0.0,20.949999999999818,50.470000000000255,8.579999999999927
2025,Karachi,Food & Beverages,Rice Basmati Broken (Average Quality),0.0,0.0,0.0,0.0,0.0,0.0,0.9699999999999704,3.1100000000000136,1.1299999999999955,-4.610000000000014,-4.21999999999997
2025,Karachi,Food & Beverages,Salt Powdered (NATIONAL/SHAN) 800 gm Packet,0.0,0.0,0.0,0.0,0.0,0.0,0.0,0.0,0.0,0.0,0.0
2025,Karachi,Food & Beverages,Tea Lipton Yellow Label 190 gm Packet,0.0,0.0,0.0,0.0,0.0,0.0,0.0,0.0,0.0,0.0,0.0
2025,Karachi,Food & Beverages,Vegetable Ghee DALDA/HABIB 2.5 kg Tin,0.0,0.0,0.0,0.0,0.0,0.0,0.0,0.0,24.3599999999999,15.6400000000001,0.0
2025,Karachi,Food & Beverages,Vegetable Ghee DALDA/HABIB or Other superior Quality 1 kg Pouch,0.0,0.0,0.0,0.0,0.0,0.0,0.0,0.0,7.740000000000009,8.259999999999991,3.9700000000000273
2025,Karachi,Household Equipment,Energy Saver Philips 14 Watt,0.0,0.0,0.0,0.0,0.0,0.0,0.0,0.0,0.0,0.0,0.0
2025,Karachi,Household Equipment,Match Box,0.0,0.0,0.0,0.0,0.0,0.0,0.0,0.0,0.0,0.0,0.0
2025,Karachi,Housing Water & Energy,Electricity Charges upto 50 Units,-0.04999999999999982,0.0,-0.3099999999999996,-0.9700000000000006,0.0,0.3200000000000003,0.3600000000000003,-0.41000000000000014,-0.16000000000000014,0.41000000000000014,0.7799999999999994
2025,Karachi,Housing Water & Energy,Firewood Whole,16.860000000000127,-1.6300000000001091,-6.5,-12.1099999999999,0.0,-8.75,1.099999999999909,0.0,0.0,4.740000000000009,39.99000000000001
2025,Karachi,Housing Water & Energy,Gas Charges upto 3.3719 MMBTU,0.0,0.0,0.0,0.0,0.0,217.69000000000005,372.30999999999995,0.0,0.0,0.0,0.0
2025,Karachi,Housing Water & Energy,LPG 11.67 kg Cylinder,-273.4899999999998,207.8499999999999,-6.809999999999945,-278.8000000000002,0.0,-23.529999999999745,-167.24000000000024,235.58000000000038,-80.0600000000004,155.57000000000016,302.92999999999984
2025,Karachi,Miscellaneous,Cigarettes Capstan 20'S Packet,0.0,7.389999999999986,2.450000000000017,0.1599999999999966,0.0,0.0,0.0,0.0,0.0,0.0,0.0
2025,Karachi,Personal Care,Sufi Washing Soap 250 gm Cake,0.0,0.0,0.0,0.0,0.0,0.0,0.0,0.0,0.0,0.0,0.0
2025,Karachi,Personal Care,Toilet Soap LIFEBUOY 115 gm,8.02000000000001,7.8799999999999955,0.0,0.0,0.0,0.0,0.0,0.269999999999996,0.27000000000001023,0.0,0.0
2025,Karachi,Transport & Communication,Hi-Speed Diesel,6.0499999999999545,-7.310000000000002,0.0,-3.009999999999991,0.0,24.129999999999995,-0.37999999999999545,-7.849999999999966,4.599999999999966,5.460000000000036,-8.850000000000023
2025,Karachi,Transport & Communication,Petrol Super,1.8999999999999773,-1.0,-1.009999999999991,-2.0,0.0,17.389999999999986,-5.359999999999957,0.0,0.7799999999999727,0.18000000000000682,-1.9800000000000182
2025,Karachi,Transport & Communication,Telephone Call Charges,0.0,0.0,0.0,0.0,0.0,0.0,0.0,0.0,0.0,0.0,0.0
2025,Khuzdar,Apparel & Footwear,Gents Sandal Bata,0.0,0.0,0.0,0.0,0.0,0.0,0.0,0.0,0.0,0.0,0.0
2025,Khuzdar,Apparel & Footwear,Gents Sponge Chappal Bata,0.0,0.0,0.0,0.0,0.0,0.0,0.0,0.0,0.0,0.0,0.0
2025,Khuzdar,Apparel & Footwear,Georgette (Average Quality),0.0,0.0,0.0,0.0,0.0,0.0,0.0,0.0,0.0,0.0,0.0
2025,Khuzdar,Apparel & Footwear,Ladies Sandal Bata,0.0,0.0,0.0,0.0,0.0,0.0,0.0,0.0,0.0,0.0,0.0
2025,Khuzdar,Apparel & Footwear,Lawn Printed Gul Ahmed/Al Karam,0.0,0.0,0.0,0.0,0.0,0.0,0.0,0.0,0.0,0.0,0.0
2025,Khuzdar,Apparel & Footwear,"Long Cloth 57"" Gul Ahmed/Al Karam",0.0,0.0,0.0,0.0,0.0,0.0,0.0,0.0,0.0,0.0,0.0
2025,Khuzdar,Apparel & Footwear,Shirting (Average Quality),0.0,0.0,0.0,0.0,0.0,9.560000000000002,0.0,0.0,0.0,0.0,0.0
2025,Khuzdar,Food & Beverages,Bananas (Kela) Local,0.0,32.10000000000001,8.25,25.98999999999998,0.0,-14.159999999999997,0.0,0.0,-38.349999999999994,-26.75,3.4399999999999977
2025,Khuzdar,Food & Beverages,Beef with Bone (Average Quality),37.270000000000095,-20.32000000000005,0.0,0.0,0.0,0.0,0.0,0.0,0.0,165.70000000000005,0.0
2025,Khuzdar,Food & Beverages,Bread plain (Small Size),0.0,0.0,0.0,0.0,0.0,0.0,0.0,0.0,0.0,0.0,10.0
2025,Khuzdar,Food & Beverages,Chicken Farm Broiler (Live),14.049999999999955,39.91000000000008,15.819999999999936,-41.74000000000001,0.0,-110.31,51.74000000000001,-26.189999999999998,-70.57,38.01999999999998,19.900000000000034
2025,Khuzdar,Food & Beverages,Chilies Powder NATIONAL 200 gm Pa,0.0,0.0,0.0,0.0,0.0,0.0,0.0,0.0,0.0,0.0,0.0
2025,Khuzdar,Food & Beverages,Cooked Beef at Average Hotel,0.0,0.0,0.0,0.0,0.0,0.0,0.0,0.0,0.0,0.0,0.0
2025,Khuzdar,Food & Beverages,Cooked Daal at Average Hotel,0.0,0.0,0.0,0.0,0.0,0.0,0.0,0.0,0.0,0.0,0.0
2025,Khuzdar,Food & Beverages,Cooking Oil DALDA or Other Similar,0.0,60.960000000000036,9.980000000000018,10.019999999999982,0.0,0.0,0.0,0.0,0.0,0.0,0.0
2025,Khuzdar,Food & Beverages,Curd (Dahi) Loose,0.0,6.719999999999999,0.0,0.0,0.0,0.0,0.0,0.0,0.0,0.0,0.0
2025,Khuzdar,Food & Beverages,Eggs Hen (Farm),-37.60000000000002,-3.8799999999999955,-8.689999999999998,-3.490000000000009,0.0,9.340000000000032,9.639999999999986,9.650000000000034,48.789999999999964,36.68000000000001,-11.850000000000023
2025,Khuzdar,Food & Beverages,Garlic (Lehsun),37.190000000000055,28.779999999999973,-45.49000000000001,-120.54999999999995,0.0,0.0,-151.96000000000004,0.0,5.270000000000039,124.64999999999992,-29.479999999999905
2025,Khuzdar,Food & Beverages,Gur (Average Quality),0.0,0.0,0.0,0.0,0.0,23.789999999999992,6.3700000000000045,0.0,3.9499999999999886,6.050000000000011,0.0
2025,Khuzdar,Food & Beverages,Milk fresh (Un-boiled),0.839999999999975,2.5500000000000114,0.0,0.0,0.0,0.0,0.0,0.0,0.0,0.0,0.0
2025,Khuzdar,Food & Beverages,Mustard Oil (Average Quality),0.0,0.0,0.0,0.0,0.0,0.0,0.0,0.0,0.0,0.0,0.0
2025,Khuzdar,Food & Beverages,Mutton (Average Quality),37.3599999999999,12.6400000000001,0.0,16.34999999999991,0.0,16.50999999999999,0.0,0.0,0.0,33.97000000000003,0.0
2025,Khuzdar,Food & Beverages,Onions,-24.769999999999996,1.4500000000000028,-5.650000000000006,-16.4,0.0,-12.439999999999998,1.4600000000000009,14.019999999999996,21.42,16.090000000000003,-10.409999999999997
2025,Khuzdar,Food & Beverages,Potatoes,-16.36999999999999,-4.450000000000003,-0.29999999999999716,9.920000000000002,0.0,-7.469999999999999,2.530000000000001,8.069999999999993,-1.4200000000000017,0.0,-3.3900000000000006
2025,Khuzdar,Food & Beverages,Powdered Milk NIDO 390 gm Polyba,0.0,0.0,0.0,0.0,0.0,0.0,0.0,0.0,0.0,0.0,0.0
2025,Khuzdar,Food & Beverages,Powdered Milk NIDO 390 gm Polybag,0.0,0.0,0.0,0.0,0.0,70.0,0.0,0.0,0.0,0.0,70.0
2025,Khuzdar,Food & Beverages,Pulse Gram,0.029999999999972715,6.829999999999984,0.0,0.0,0.0,-26.66999999999996,-3.6000000000000227,9.670000000000016,7.019999999999982,-3.3000000000000114,-40.50999999999999
2025,Khuzdar,Food & Beverages,Pulse Mash (Washed),30.629999999999995,-11.350000000000023,0.0,0.0,0.0,-53.75999999999999,-21.180000000000007,70.20000000000005,28.19999999999999,0.0,-17.019999999999982
2025,Khuzdar,Food & Beverages,Pulse Masoor (Washed),0.0,0.0,0.0,0.0,0.0,0.0,13.490000000000009,22.230000000000018,7.769999999999982,-10.319999999999993,-19.680000000000007
2025,Khuzdar,Food & Beverages,Pulse Moong (Washed),-5.8799999999999955,-3.259999999999991,0.0,14.730000000000018,0.0,15.269999999999982,-13.819999999999993,-0.7200000000000273,5.569999999999993,5.140000000000043,-16.410000000000025
2025,Khuzdar,Food & Beverages,Rice Basmati Broken (Average Qualit,0.0,0.0,0.0,0.0,0.0,0.0,0.0,0.0,0.0,0.0,0.0
2025,Khuzdar,Food & Beverages,Rice IRRI-6/9 (Sindh/Punjab),0.0,0.0,0.0,0.0,0.0,0.0,0.0,9.849999999999994,3.420000000000016,0.0,0.0
2025,Khuzdar,Food & Beverages,Salt Powdered (NATIONAL/SHAN) 80,0.0,0.0,0.0,0.0,0.0,0.0,0.0,0.0,0.0,0.0,0.0
2025,Khuzdar,Food & Beverages,Sugar Refined,12.740000000000009,12.060000000000002,1.9499999999999886,3.920000000000016,0.0,11.049999999999983,-0.15000000000000568,3.5100000000000193,0.18999999999999773,10.509999999999991,-4.47999999999999
2025,Khuzdar,Food & Beverages,Tea Lipton Yellow Label 190 gm Pack,0.0,-95.80000000000001,0.0,0.0,0.0,0.0,0.0,0.0,0.0,0.0,0.0
2025,Khuzdar,Food & Beverages,Tea Prepared Ordinary,0.0,0.0,0.0,0.0,0.0,0.0,0.0,0.0,0.0,0.0,0.0
2025,Khuzdar,Food & Beverages,Tomatoes,-67.18,9.989999999999995,-3.75,-8.199999999999996,0.0,-1.7899999999999991,31.17,75.74999999999999,51.860000000000014,-108.06,-25.97
2025,Khuzdar,Food & Beverages,Vegetable Ghee DALDA/HABIB 2.5 kg,36.690000000000055,0.0,0.0,0.0,0.0,0.0,0.0,0.0,0.0,0.0,0.0
2025,Khuzdar,Food & Beverages,Vegetable Ghee DALDA/HABIB or Ot,0.0,16.340000000000032,-17.769999999999982,-17.230000000000018,0.0,0.0,0.0,0.0,0.0,0.0,0.0
2025,Khuzdar,Food & Beverages,Wheat Flour Bag,-14.579999999999927,9.879999999999882,-52.08999999999992,-198.68000000000006,0.0,-65.75,62.82999999999993,571.71,-61.659999999999854,117.00999999999976,-12.609999999999673
2025,Khuzdar,Food & Beverages,Chilies Powder NATIONAL 200 gm Packet,0.0,0.0,0.0,0.0,0.0,0.0,0.0,0.0,0.0,0.0,0.0
2025,Khuzdar,Food & Beverages,"Cooking Oil DALDA or Other Similar Brand (SN), 5 Litre Tin",0.0,0.0,0.0,0.0,0.0,0.0,-9.929999999999836,0.0,39.590000000000146,60.409999999999854,0.0
2025,Khuzdar,Food & Beverages,Rice Basmati Broken (Average Quality),0.0,0.0,0.0,0.0,0.0,0.0,0.0,43.34,0.0,0.0,0.0
2025,Khuzdar,Food & Beverages,Salt Powdered (NATIONAL/SHAN) 800 gm Packet,0.0,0.0,0.0,0.0,0.0,0.0,0.0,0.0,0.0,0.0,0.0
2025,Khuzdar,Food & Beverages,Tea Lipton Yellow Label 190 gm Packet,0.0,0.0,0.0,0.0,0.0,0.0,0.0,0.0,0.0,0.0,0.0
2025,Khuzdar,Food & Beverages,Vegetable Ghee DALDA/HABIB 2.5 kg Tin,0.0,0.0,0.0,0.0,0.0,0.0,4.019999999999982,0.0,0.0,4.970000000000027,15.029999999999973
2025,Khuzdar,Food & Beverages,Vegetable Ghee DALDA/HABIB or Other superior Quality 1 kg Pouch,0.0,0.0,0.0,0.0,0.0,0.0,0.0,0.0,0.0,0.0,12.0
2025,Khuzdar,Household Equipment,Energy Saver Philips 14 Watt,0.0,0.0,0.0,0.0,0.0,0.0,0.0,0.0,43.579999999999984,73.75,14.799999999999955
2025,Khuzdar,Household Equipment,Match Box,0.0,0.0,0.0,0.0,0.0,0.0,0.0,0.0,0.0,0.0,0.0
2025,Khuzdar,Housing Water & Energy,Electricity Charges upto 50 Units,-0.04999999999999982,0.0,-0.3099999999999996,-0.9700000000000006,0.0,0.3200000000000003,0.3600000000000003,-0.41000000000000014,-0.16000000000000014,0.41000000000000014,0.7799999999999994
2025,Khuzdar,Housing Water & Energy,Firewood Whole,0.0,0.0,0.0,0.0,0.0,0.0,0.0,0.0,0.0,16.529999999999973,16.789999999999964
2025,Khuzdar,Housing Water & Energy,Gas Charges upto 3.3719 MMBTU,0.0,0.0,0.0,0.0,0.0,0.0,0.0,0.0,0.0,0.0,0.0
2025,Khuzdar,Housing Water & Energy,LPG 11.67 kg Cylinder,-100.7800000000002,-46.73000000000002,0.0,0.0,0.0,220.53999999999996,-289.4000000000001,116.55999999999995,-17.029999999999745,-30.670000000000073,216.80000000000018
2025,Khuzdar,Miscellaneous,Cigarettes Capstan 20'S Packet,0.0,0.0,4.840000000000003,15.169999999999987,0.0,0.0,0.0,0.0,0.0,0.0,0.0
2025,Khuzdar,Personal Care,Sufi Washing Soap 250 gm Cake,0.0,0.0,0.0,0.0,0.0,0.0,0.0,0.0,0.0,0.0,0.0
2025,Khuzdar,Personal Care,Toilet Soap LIFEBUOY 115 gm,0.0,0.0,0.0,0.0,0.0,0.0,0.0,0.0,0.0,0.0,0.0
2025,Khuzdar,Transport & Communication,Hi-Speed Diesel,6.050000000000011,-7.300000000000011,0.0,-3.019999999999982,0.0,24.110000000000014,-0.36000000000001364,-7.850000000000023,4.689999999999998,5.439999999999998,-8.849999999999966
2025,Khuzdar,Transport & Communication,Petrol Super,1.9000000000000057,-0.9900000000000091,-0.009999999999990905,-3.0,0.0,17.349999999999966,-5.329999999999984,0.0,0.8500000000000227,0.18000000000000682,-1.9800000000000182
2025,Khuzdar,Transport & Communication,Telephone Call Charges,0.0,0.0,0.0,0.0,0.0,0.0,0.0,0.0,0.0,0.0,0.0
2025,Lahore,Apparel & Footwear,Gents Sandal Bata,0.0,0.0,0.0,0.0,0.0,0.0,0.0,0.0,0.0,0.0,0.0
2025,Lahore,Apparel & Footwear,Gents Sponge Chappal Bata,0.0,0.0,0.0,0.0,0.0,0.0,0.0,0.0,0.0,0.0,0.0
2025,Lahore,Apparel & Footwear,Georgette (Average Quality),0.0,0.0,0.0,0.0,0.0,0.0,0.0,0.0,0.0,0.0,0.0
2025,Lahore,Apparel & Footwear,Ladies Sandal Bata,0.0,0.0,0.0,0.0,0.0,0.0,0.0,0.0,0.0,0.0,0.0
2025,Lahore,Apparel & Footwear,Lawn Printed Gul Ahmed/Al Karam,0.0,0.0,0.0,0.0,0.0,0.0,0.0,0.0,0.0,0.0,0.0
2025,Lahore,Apparel & Footwear,"Long Cloth 57"" Gul Ahmed/Al Karam",0.0,0.0,0.0,82.37,0.0,29.629999999999995,0.0,0.0,0.0,0.0,0.0
2025,Lahore,Apparel & Footwear,Shirting (Average Quality),0.0,0.0,0.0,0.0,0.0,0.0,0.0,0.0,0.0,0.0,0.0
2025,Lahore,Food & Beverages,Bananas (Kela) Local,46.400000000000006,50.120000000000005,-31.710000000000008,7.299999999999983,0.0,-36.589999999999975,-9.550000000000011,-12.590000000000003,-14.379999999999995,9.180000000000007,3.829999999999984
2025,Lahore,Food & Beverages,Beef with Bone (Average Quality),0.0,12.279999999999973,37.72000000000003,0.0,0.0,0.0,0.0,0.0,34.350000000000136,53.61999999999989,0.0
2025,Lahore,Food & Beverages,Bread plain (Small Size),0.0,-5.1200000000000045,5.1200000000000045,0.0,0.0,0.0,0.0,0.0,0.0,0.0,0.0
2025,Lahore,Food & Beverages,Chicken Farm Broiler (Live),-7.470000000000027,51.829999999999984,-52.98999999999995,16.279999999999973,0.0,-47.56,42.14999999999998,-19.339999999999975,-96.19,31.29000000000002,12.20999999999998
2025,Lahore,Food & Beverages,Chilies Powder NATIONAL 200 gm Pa,0.0,0.0,0.0,0.0,0.0,0.0,0.0,0.0,0.0,0.0,0.0
2025,Lahore,Food & Beverages,Cooked Beef at Average Hotel,0.0,0.0,0.0,10.0,0.0,0.0,0.0,0.0,0.0,0.0,0.0
2025,Lahore,Food & Beverages,Cooked Daal at Average Hotel,0.0,0.0,0.0,0.0,0.0,0.0,0.0,0.0,0.0,0.0,0.0
2025,Lahore,Food & Beverages,Cooking Oil DALDA or Other Similar,0.0,0.6300000000001091,0.0,-37.57999999999993,0.0,0.0,0.0,0.0,0.0,0.0,0.0
2025,Lahore,Food & Beverages,Curd (Dahi) Loose,0.0,0.0,0.0,0.0,0.0,0.0,0.0,0.22999999999998977,5.5,7.910000000000025,0.0
2025,Lahore,Food & Beverages,Eggs Hen (Farm),-18.169999999999987,18.690000000000026,-46.54000000000002,58.94999999999999,0.0,-25.149999999999977,30.939999999999998,11.810000000000002,17.110000000000014,22.399999999999977,14.220000000000027
2025,Lahore,Food & Beverages,Garlic (Lehsun),7.730000000000018,-111.63000000000005,-176.09999999999997,-13.480000000000018,0.0,31.55000000000001,24.829999999999984,-5.060000000000002,-14.75,0.0,3.0300000000000296
2025,Lahore,Food & Beverages,Gur (Average Quality),6.060000000000002,1.8599999999999852,0.0,11.050000000000011,0.0,19.289999999999992,4.050000000000011,0.0,17.390000000000015,-7.03000000000003,-17.47
2025,Lahore,Food & Beverages,Milk fresh (Un-boiled),0.0,0.0,0.22999999999998977,0.2300000000000182,0.0,0.0,0.0,1.1800000000000068,3.569999999999993,0.0,1.4699999999999989
2025,Lahore,Food & Beverages,Mustard Oil (Average Quality),4.059999999999945,-10.339999999999918,-10.150000000000091,0.0,0.0,0.0,0.0,0.0,0.0,0.0,-18.559999999999945
2025,Lahore,Food & Beverages,Mutton (Average Quality),0.0,0.0,0.0,0.0,0.0,100.01999999999998,0.0,0.0,37.659999999999854,57.63999999999987,0.0
2025,Lahore,Food & Beverages,Onions,-34.77999999999999,-15.530000000000001,-18.480000000000004,-6.770000000000003,0.0,13.800000000000004,16.560000000000002,10.659999999999997,24.289999999999992,43.8,-51.499999999999986
2025,Lahore,Food & Beverages,Potatoes,-19.320000000000007,-3.549999999999997,-6.979999999999997,3.240000000000002,0.0,27.679999999999993,-12.059999999999988,5.009999999999991,-4.950000000000003,10.050000000000011,-20.440000000000012
2025,Lahore,Food & Beverages,Powdered Milk NIDO 390 gm Polyba,0.0,0.0,-2.4400000000000546,54.50999999999999,0.0,0.0,0.0,0.0,0.0,0.0,0.0
2025,Lahore,Food & Beverages,Powdered Milk NIDO 390 gm Polybag,0.0,0.0,0.0,0.0,0.0,70.0,0.0,0.0,55.65000000000009,14.349999999999909,0.0
2025,Lahore,Food & Beverages,Pulse Gram,-33.77999999999997,-8.550000000000011,-13.230000000000018,-2.4699999999999704,0.0,0.0,-7.5400000000000205,7.5400000000000205,-4.940000000000055,-20.159999999999968,-2.3000000000000114
2025,Lahore,Food & Beverages,Pulse Mash (Washed),-5.079999999999984,-25.010000000000048,-17.399999999999977,-2.480000000000018,0.0,0.0,-10.870000000000005,-10.609999999999957,0.0,1.009999999999991,0.339999999999975
2025,Lahore,Food & Beverages,Pulse Masoor (Washed),0.0,-5.0499999999999545,-4.960000000000036,0.0,0.0,-1.8799999999999955,-2.8000000000000114,0.0,0.0,-0.7199999999999704,-0.2400000000000091
2025,Lahore,Food & Beverages,Pulse Moong (Washed),6.079999999999984,-8.409999999999968,-8.240000000000009,0.0,0.0,-4.420000000000016,-11.569999999999993,-4.970000000000027,-4.229999999999961,-6.610000000000014,-0.11000000000001364
2025,Lahore,Food & Beverages,Rice Basmati Broken (Average Qualit,0.0,0.0,0.0,0.0,0.0,0.0,0.0,0.0,0.0,0.0,0.0
2025,Lahore,Food & Beverages,Salt Powdered (NATIONAL/SHAN) 80,0.0,0.0,0.0,0.0,0.0,0.0,0.0,0.0,0.0,0.0,0.0
2025,Lahore,Food & Beverages,Sugar Refined,12.700000000000017,12.449999999999989,-1.8000000000000114,4.5,0.0,10.5,-8.949999999999989,2.0,2.1999999999999886,0.8000000000000114,-8.780000000000001
2025,Lahore,Food & Beverages,Tea Lipton Yellow Label 190 gm Pack,0.0,-95.79000000000002,0.0,0.0,0.0,0.0,0.0,0.0,0.0,0.0,0.0
2025,Lahore,Food & Beverages,Tea Prepared Ordinary,0.0,0.0,0.0,0.0,0.0,0.0,0.0,0.0,0.0,0.0,0.0
2025,Lahore,Food & Beverages,Tomatoes,-56.879999999999995,12.759999999999991,-12.170000000000002,-24.71999999999999,0.0,63.54,25.569999999999993,81.03999999999999,81.77000000000001,-146.76,-66.15
2025,Lahore,Food & Beverages,Vegetable Ghee DALDA/HABIB 2.5 kg,-7.369999999999891,-14.920000000000073,0.0,-18.789999999999964,0.0,0.0,0.0,0.0,0.0,0.0,0.0
2025,Lahore,Food & Beverages,Vegetable Ghee DALDA/HABIB or Ot,0.0,-3.6499999999999773,0.0,-7.519999999999982,0.0,0.0,0.0,0.0,0.0,0.0,0.0
2025,Lahore,Food & Beverages,Wheat Flour Bag,-11.529999999999973,7.5499999999999545,-156.17000000000007,-149.6099999999999,0.0,-24.24000000000001,119.08999999999992,398.3600000000001,-87.43000000000006,0.0,0.0
2025,Lahore,Food & Beverages,Chilies Powder NATIONAL 200 gm Packet,0.0,0.0,0.0,0.0,0.0,0.0,0.0,0.0,0.0,0.0,28.70999999999998
2025,Lahore,Food & Beverages,"Cooking Oil DALDA or Other Similar Brand (SN), 5 Litre Tin",0.0,0.0,0.0,0.0,0.0,0.0,0.0,0.0,20.949999999999818,59.05000000000018,122.71000000000004
2025,Lahore,Food & Beverages,Rice Basmati Broken (Average Quality),0.0,0.0,0.0,0.0,0.0,0.0,0.0,14.400000000000006,0.0,0.0,0.0
2025,Lahore,Food & Beverages,Salt Powdered (NATIONAL/SHAN) 800 gm Packet,0.0,0.0,0.0,0.0,0.0,0.0,0.0,0.0,0.0,-7.640000000000001,-2.3599999999999994
2025,Lahore,Food & Beverages,Tea Lipton Yellow Label 190 gm Packet,0.0,0.0,0.0,0.0,0.0,0.0,0.0,0.0,0.0,0.0,0.0
2025,Lahore,Food & Beverages,Vegetable Ghee DALDA/HABIB 2.5 kg Tin,0.0,0.0,0.0,0.0,0.0,0.0,0.0,0.0,23.86999999999989,16.13000000000011,62.5
2025,Lahore,Food & Beverages,Vegetable Ghee DALDA/HABIB or Other superior Quality 1 kg Pouch,0.0,0.0,0.0,0.0,0.0,0.0,0.0,2.990000000000009,8.990000000000009,7.509999999999991,3.509999999999991
2025,Lahore,Household Equipment,Energy Saver Philips 14 Watt,0.0,0.0,0.0,0.0,0.0,9.620000000000005,40.379999999999995,0.0,0.0,0.0,0.0
2025,Lahore,Household Equipment,Match Box,0.0,0.0,0.0,0.0,0.0,0.0,0.0,0.0,0.0,0.0,0.0
2025,Lahore,Housing Water & Energy,Electricity Charges upto 50 Units,-0.04999999999999982,0.0,-0.3099999999999996,-0.9700000000000006,0.0,0.3200000000000003,0.3600000000000003,-0.41000000000000014,-0.16000000000000014,0.41000000000000014,0.7799999999999994
2025,Lahore,Housing Water & Energy,Firewood Whole,-63.42000000000007,0.0,-13.649999999999864,-13.540000000000191,0.0,0.0,0.0,0.0,22.830000000000155,101.75,2.4299999999998363
2025,Lahore,Housing Water & Energy,Gas Charges upto 3.3719 MMBTU,0.0,0.0,0.0,0.0,0.0,217.69000000000005,372.30999999999995,0.0,0.0,0.0,0.0
2025,Lahore,Housing Water & Energy,LPG 11.67 kg Cylinder,-317.9100000000003,195.76000000000022,67.80000000000018,-48.26000000000022,0.0,-192.61000000000013,-264.2399999999998,163.13999999999987,25.420000000000073,217.53999999999996,299.44000000000005
2025,Lahore,Miscellaneous,Cigarettes Capstan 20'S Packet,0.0,0.0,4.949999999999989,5.050000000000011,0.0,0.0,0.0,0.0,0.0,0.0,0.0
2025,Lahore,Personal Care,Sufi Washing Soap 250 gm Cake,0.7199999999999989,0.7299999999999898,0.0,0.0,0.0,0.0,0.0,0.0,0.0,0.0,0.0
2025,Lahore,Personal Care,Toilet Soap LIFEBUOY 115 gm,0.0,0.0,0.0,0.0,0.0,0.0,12.079999999999998,4.3500000000000085,0.0,0.0,0.0
2025,Lahore,Transport & Communication,Hi-Speed Diesel,6.050000000000011,-7.300000000000011,0.0,-3.009999999999991,0.0,24.120000000000005,-0.37999999999999545,-7.240000000000009,4.610000000000014,5.449999999999989,-8.75
2025,Lahore,Transport & Communication,Petrol Super,1.9000000000000057,-1.0500000000000114,-0.9499999999999886,-2.0,0.0,17.379999999999995,-5.360000000000014,0.0,1.3899999999999864,0.18000000000000682,-1.9699999999999704
2025,Lahore,Transport & Communication,Telephone Call Charges,0.0,0.0,0.0,0.0,0.0,0.0,0.0,0.0,0.0,0.0,0.0
2025,Larkana,Apparel & Footwear,Gents Sandal Bata,0.0,0.0,0.0,0.0,0.0,0.0,0.0,0.0,0.0,0.0,0.0
2025,Larkana,Apparel & Footwear,Gents Sponge Chappal Bata,0.0,0.0,0.0,0.0,0.0,0.0,0.0,0.0,0.0,0.0,0.0
2025,Larkana,Apparel & Footwear,Georgette (Average Quality),0.0,0.0,31.529999999999973,35.28000000000003,0.0,0.0,0.0,24.17999999999995,25.939999999999998,0.0,0.0
2025,Larkana,Apparel & Footwear,Ladies Sandal Bata,0.0,0.0,0.0,0.0,0.0,0.0,0.0,0.0,0.0,0.0,0.0
2025,Larkana,Apparel & Footwear,Lawn Printed Gul Ahmed/Al Karam,0.0,0.0,47.8900000000001,52.19999999999993,0.0,0.0,0.0,0.0,0.0,0.0,0.0
2025,Larkana,Apparel & Footwear,"Long Cloth 57"" Gul Ahmed/Al Karam",0.0,0.0,61.440000000000055,68.75,0.0,0.0,0.0,0.0,0.0,0.0,0.0
2025,Larkana,Apparel & Footwear,Shirting (Average Quality),0.0,0.0,75.63999999999999,93.91000000000003,0.0,0.0,0.0,0.0,0.0,0.0,0.0
2025,Larkana,Food & Beverages,Bananas (Kela) Local,10.070000000000007,23.099999999999994,-5.86999999999999,-14.100000000000009,0.0,21.85000000000001,-23.78,-11.61,-6.960000000000008,8.670000000000002,-3.3900000000000006
2025,Larkana,Food & Beverages,Beef with Bone (Average Quality),0.0,48.809999999999945,49.67000000000007,33.88999999999987,0.0,13.220000000000027,20.110000000000127,0.0,0.0,0.0,0.0
2025,Larkana,Food & Beverages,Bread plain (Small Size),0.0,0.0,0.0,0.0,0.0,0.0,0.0,3.6499999999999915,0.0,0.0,0.0
2025,Larkana,Food & Beverages,Chicken Farm Broiler (Live),40.420000000000016,25.180000000000007,-45.25999999999999,-5.090000000000032,0.0,-45.19999999999999,31.649999999999977,-26.349999999999966,-85.44,25.99000000000001,41.21999999999997
2025,Larkana,Food & Beverages,Chilies Powder NATIONAL 200 gm Pa,0.0,0.0,0.0,0.0,0.0,0.0,0.0,0.0,0.0,0.0,0.0
2025,Larkana,Food & Beverages,Cooked Beef at Average Hotel,0.0,0.0,0.0,0.0,0.0,0.0,0.0,0.0,0.0,0.0,0.0
2025,Larkana,Food & Beverages,Cooked Daal at Average Hotel,0.0,0.0,0.0,0.0,0.0,0.0,0.0,0.0,0.0,0.0,0.0
2025,Larkana,Food & Beverages,Cooking Oil DALDA or Other Similar,0.0,30.0,0.0,0.0,0.0,0.0,0.0,0.0,0.0,0.0,0.0
2025,Larkana,Food & Beverages,Curd (Dahi) Loose,0.0,-18.330000000000013,26.440000000000026,11.899999999999977,0.0,0.0,0.0,0.0,0.0,0.0,0.0
2025,Larkana,Food & Beverages,Eggs Hen (Farm),-25.090000000000032,11.25,-33.75,54.31999999999999,0.0,-18.539999999999964,21.519999999999982,11.939999999999998,9.120000000000005,24.939999999999998,6.649999999999977
2025,Larkana,Food & Beverages,Garlic (Lehsun),-8.529999999999973,-13.330000000000041,-174.76999999999998,-141.67000000000002,0.0,12.960000000000036,25.00999999999999,23.579999999999984,51.54000000000002,6.659999999999968,3.1200000000000045
2025,Larkana,Food & Beverages,Gur (Average Quality),-2.6599999999999966,-1.6400000000000148,19.960000000000008,2.4199999999999875,0.0,19.110000000000014,-5.02000000000001,1.6599999999999966,3.3600000000000136,-10.780000000000001,17.659999999999997
2025,Larkana,Food & Beverages,Milk fresh (Un-boiled),0.0,0.0,10.150000000000006,0.0,0.0,0.0,0.0,0.0,0.0,0.0,0.0
2025,Larkana,Food & Beverages,Mustard Oil (Average Quality),-47.370000000000005,-58.089999999999975,9.409999999999968,-34.96999999999997,0.0,27.70999999999998,-3.509999999999991,11.75,-22.310000000000002,2.3000000000000114,-3.2800000000000296
2025,Larkana,Food & Beverages,Mutton (Average Quality),0.0,0.0,0.0,0.0,0.0,0.0,0.0,0.0,0.0,0.0,0.0
2025,Larkana,Food & Beverages,Onions,-35.370000000000005,-15.39,-23.03,-6.539999999999999,0.0,21.64,17.410000000000004,14.689999999999998,2.3499999999999943,34.56,-45.69
2025,Larkana,Food & Beverages,Potatoes,-18.89,-0.8099999999999952,4.43,-8.120000000000005,0.0,13.719999999999999,-6.319999999999993,6.3799999999999955,-1.9299999999999997,4.100000000000001,-9.54
2025,Larkana,Food & Beverages,Powdered Milk NIDO 390 gm Polyba,0.0,0.0,0.0,0.0,0.0,0.0,0.0,0.0,0.0,0.0,0.0
2025,Larkana,Food & Beverages,Powdered Milk NIDO 390 gm Polybag,0.0,0.0,0.0,0.0,0.0,0.0,0.0,17.069999999999936,52.930000000000064,0.0,0.0
2025,Larkana,Food & Beverages,Pulse Gram,-14.980000000000018,-44.170000000000016,3.400000000000034,9.979999999999961,0.0,-4.889999999999986,0.0,0.0,0.0,-7.0400000000000205,-29.71999999999997
2025,Larkana,Food & Beverages,Pulse Mash (Washed),1.509999999999991,-106.66000000000003,85.81,-24.0,0.0,11.200000000000045,-31.650000000000034,-7.160000000000025,-1.6399999999999864,0.0,-16.25999999999999
2025,Larkana,Food & Beverages,Pulse Masoor (Washed),-2.589999999999975,0.0,0.0,0.0,0.0,1.2900000000000205,-1.2900000000000205,0.0,0.0,0.0,4.8700000000000045
2025,Larkana,Food & Beverages,Pulse Moong (Washed),14.330000000000041,-64.93,1.6599999999999682,41.49000000000001,0.0,5.439999999999998,-32.71999999999997,1.759999999999991,1.759999999999991,0.0,15.360000000000014
2025,Larkana,Food & Beverages,Rice Basmati Broken (Average Qualit,0.0,-1.3199999999999932,0.0,0.0,0.0,0.0,0.0,0.0,0.0,0.0,0.0
2025,Larkana,Food & Beverages,Rice IRRI-6/9 (Sindh/Punjab),-1.3000000000000114,0.0,0.0,-0.8399999999999892,0.0,-0.5,1.3399999999999892,0.0,0.0,0.0,0.0
2025,Larkana,Food & Beverages,Salt Powdered (NATIONAL/SHAN) 80,0.0,0.0,0.0,0.0,0.0,0.0,0.0,0.0,0.0,0.0,0.0
2025,Larkana,Food & Beverages,Sugar Refined,14.939999999999998,13.710000000000008,3.3700000000000045,2.0999999999999943,0.0,13.879999999999995,-6.9199999999999875,6.319999999999993,2.3799999999999955,7.0800000000000125,-17.400000000000006
2025,Larkana,Food & Beverages,Tea Lipton Yellow Label 190 gm Pack,0.0,-95.80000000000001,0.0,0.0,0.0,0.0,0.0,0.0,0.0,0.0,0.0
2025,Larkana,Food & Beverages,Tea Prepared Ordinary,0.0,0.0,0.0,0.0,0.0,0.0,0.0,0.0,0.0,0.0,0.0
2025,Larkana,Food & Beverages,Tomatoes,-62.43,7.710000000000001,-19.330000000000002,-14.739999999999998,0.0,69.22,16.820000000000007,98.63000000000001,24.00999999999999,-106.34,-59.03
2025,Larkana,Food & Beverages,Vegetable Ghee DALDA/HABIB 2.5 kg,-7.519999999999982,-7.480000000000018,0.0,0.0,0.0,0.0,0.0,0.0,0.0,0.0,0.0
2025,Larkana,Food & Beverages,Vegetable Ghee DALDA/HABIB or Ot,0.0,-6.0,0.0,0.0,0.0,0.0,0.0,0.0,0.0,0.0,0.0
2025,Larkana,Food & Beverages,Wheat Flour Bag,-16.529999999999973,-46.83999999999992,-172.26,-54.25,0.0,-7.740000000000009,33.50999999999999,710.4999999999998,-106.42999999999984,40.01999999999998,49.49000000000024
2025,Larkana,Food & Beverages,Chilies Powder NATIONAL 200 gm Packet,0.0,0.0,0.0,0.0,0.0,0.0,0.0,0.0,0.0,0.0,0.0
2025,Larkana,Food & Beverages,"Cooking Oil DALDA or Other Similar Brand (SN), 5 Litre Tin",0.0,0.0,0.0,0.0,0.0,0.0,0.0,0.0,17.960000000000036,12.039999999999964,165.0
2025,Larkana,Food & Beverages,Rice Basmati Broken (Average Quality),0.0,0.0,0.0,0.0,0.0,0.0,0.0,6.6699999999999875,0.0,0.0,-10.0
2025,Larkana,Food & Beverages,Salt Powdered (NATIONAL/SHAN) 800 gm Packet,0.0,0.0,0.0,0.0,0.0,0.0,0.0,0.0,0.0,0.0,0.0
2025,Larkana,Food & Beverages,Tea Lipton Yellow Label 190 gm Packet,0.0,0.0,0.0,0.0,0.0,0.0,0.0,0.0,0.0,0.0,0.0
2025,Larkana,Food & Beverages,Vegetable Ghee DALDA/HABIB 2.5 kg Tin,0.0,0.0,0.0,0.0,0.0,0.0,0.0,0.0,0.0,11.240000000000009,3.759999999999991
2025,Larkana,Food & Beverages,Vegetable Ghee DALDA/HABIB or Other superior Quality 1 kg Pouch,0.0,0.0,0.0,0.0,0.0,0.0,0.0,0.0,0.0,4.490000000000009,8.509999999999991
2025,Larkana,Household Equipment,Energy Saver Philips 14 Watt,0.0,0.0,0.0,0.0,0.0,0.0,0.0,0.0,0.0,0.0,0.0
2025,Larkana,Household Equipment,Match Box,0.0,0.0,0.0,0.0,0.0,0.0,0.0,0.0,0.0,0.0,0.0
2025,Larkana,Housing Water & Energy,Electricity Charges upto 50 Units,-0.04999999999999982,0.0,-0.3099999999999996,-0.9700000000000006,0.0,0.3200000000000003,0.3600000000000003,-0.41000000000000014,-0.16000000000000014,0.41000000000000014,0.7799999999999994
2025,Larkana,Housing Water & Energy,Firewood Whole,0.0,0.0,15.649999999999977,15.920000000000073,0.0,74.00999999999999,177.11,47.799999999999955,62.819999999999936,53.56000000000017,17.8599999999999
2025,Larkana,Housing Water & Energy,Gas Charges upto 3.3719 MMBTU,0.0,0.0,0.0,0.0,0.0,217.69000000000005,372.30999999999995,0.0,0.0,0.0,0.0
2025,Larkana,Housing Water & Energy,LPG 11.67 kg Cylinder,-126.09999999999991,-6.559999999999945,53.779999999999745,-116.69000000000005,0.0,-294.0499999999997,-145.3800000000001,295.80999999999995,46.88999999999987,35.7800000000002,388.0500000000002
2025,Larkana,Miscellaneous,Cigarettes Capstan 20'S Packet,0.0,0.0,0.0,0.0,0.0,7.789999999999992,12.210000000000008,0.0,0.0,0.0,0.0
2025,Larkana,Personal Care,Sufi Washing Soap 250 gm Cake,0.0,0.0,0.0,0.0,0.0,0.0,0.0,2.430000000000007,7.569999999999993,0.0,0.0
2025,Larkana,Personal Care,Toilet Soap LIFEBUOY 115 gm,0.0,0.0,0.0,0.0,0.0,0.0,0.0,0.0,0.0,0.0,0.0
2025,Larkana,Transport & Communication,Hi-Speed Diesel,6.060000000000002,-7.310000000000002,0.0,-3.0100000000000477,0.0,24.129999999999995,-0.8899999999999864,-6.5,3.5200000000000387,6.539999999999964,-8.839999999999975
2025,Larkana,Transport & Communication,Petrol Super,1.9299999999999784,-1.0,0.0,-3.009999999999991,0.0,17.389999999999986,-5.349999999999966,0.0,1.6200000000000045,0.18000000000000682,-1.9700000000000273
2025,Larkana,Transport & Communication,Telephone Call Charges,0.0,0.0,0.0,0.0,0.0,0.0,0.0,0.0,0.0,0.0,0.0
2025,Multan,Apparel & Footwear,Gents Sandal Bata,0.0,0.0,0.0,0.0,0.0,0.0,0.0,0.0,0.0,0.0,0.0
2025,Multan,Apparel & Footwear,Gents Sponge Chappal Bata,0.0,0.0,0.0,0.0,0.0,0.0,0.0,0.0,0.0,0.0,0.0
2025,Multan,Apparel & Footwear,Georgette (Average Quality),0.0,0.0,0.0,0.0,0.0,0.0,0.0,0.0,0.0,0.0,0.0
2025,Multan,Apparel & Footwear,Ladies Sandal Bata,0.0,0.0,0.0,0.0,0.0,0.0,0.0,0.0,0.0,0.0,0.0
2025,Multan,Apparel & Footwear,Lawn Printed Gul Ahmed/Al Karam,0.0,0.0,83.46000000000004,0.0,0.0,0.0,0.0,0.0,0.0,0.0,0.0
2025,Multan,Apparel & Footwear,"Long Cloth 57"" Gul Ahmed/Al Karam",0.0,0.0,42.0,0.0,0.0,0.0,0.0,0.0,0.0,0.0,0.0
2025,Multan,Apparel & Footwear,Shirting (Average Quality),0.0,0.0,0.0,0.0,0.0,0.0,0.0,0.0,0.0,0.0,0.0
2025,Multan,Food & Beverages,Bananas (Kela) Local,68.6,70.10000000000002,-44.33000000000001,23.23999999999998,0.0,-40.98999999999998,-50.77000000000001,-6.909999999999997,-12.560000000000002,-7.8799999999999955,0.0
2025,Multan,Food & Beverages,Beef with Bone (Average Quality),18.960000000000036,79.67000000000007,7.0,8.460000000000036,0.0,2.839999999999918,53.58999999999992,18.3900000000001,0.0,0.0,0.0
2025,Multan,Food & Beverages,Bread plain (Small Size),0.0,0.0,0.0,0.0,0.0,0.0,0.0,0.0,0.0,0.0,0.0
2025,Multan,Food & Beverages,Chicken Farm Broiler (Live),8.009999999999991,35.889999999999986,-42.68000000000001,12.960000000000036,0.0,-53.14000000000004,35.72000000000003,-28.680000000000007,-86.23000000000002,31.430000000000007,24.939999999999998
2025,Multan,Food & Beverages,Chilies Powder NATIONAL 200 gm Pa,0.0,0.0,0.0,0.0,0.0,0.0,0.0,0.0,0.0,0.0,0.0
2025,Multan,Food & Beverages,Cooked Beef at Average Hotel,0.0,0.0,0.0,19.230000000000018,0.0,6.680000000000007,0.0,0.0,0.0,0.0,0.0
2025,Multan,Food & Beverages,Cooked Daal at Average Hotel,2.7600000000000193,0.0,0.0,0.0,0.0,0.0,0.0,0.0,0.0,0.0,0.0
2025,Multan,Food & Beverages,Cooking Oil DALDA or Other Similar,0.0,42.4699999999998,-22.4699999999998,0.0,0.0,0.0,0.0,0.0,0.0,0.0,0.0
2025,Multan,Food & Beverages,Curd (Dahi) Loose,0.0,0.0,0.0,0.0,0.0,10.0,0.0,0.0,0.0,0.0,0.0
2025,Multan,Food & Beverages,Eggs Hen (Farm),-15.949999999999989,18.310000000000002,-51.670000000000016,76.82,0.0,-35.56,30.55000000000001,11.389999999999986,20.410000000000025,19.870000000000005,5.550000000000011
2025,Multan,Food & Beverages,Garlic (Lehsun),-16.309999999999945,-79.87,-199.8,-30.100000000000023,0.0,-59.620000000000005,26.44999999999999,11.460000000000036,7.039999999999964,3.9700000000000273,40.389999999999986
2025,Multan,Food & Beverages,Gur (Average Quality),-11.120000000000005,-3.5800000000000125,0.0,15.659999999999997,0.0,45.48000000000002,0.0,0.0,0.0,-18.390000000000015,-5.840000000000003
2025,Multan,Food & Beverages,Milk fresh (Un-boiled),0.0,0.0,0.0,4.150000000000006,0.0,3.6399999999999864,0.0,0.0,0.0,0.0,0.0
2025,Multan,Food & Beverages,Mustard Oil (Average Quality),-30.25,-9.75,0.0,0.0,0.0,0.0,0.0,0.0,17.66999999999996,0.0,0.0
2025,Multan,Food & Beverages,Mutton (Average Quality),8.159999999999854,24.66000000000031,33.32999999999993,65.09999999999991,0.0,18.26000000000022,78.76999999999998,26.86999999999989,0.0,0.0,0.0
2025,Multan,Food & Beverages,Onions,-25.97,-19.840000000000003,-11.57,-12.350000000000001,0.0,19.990000000000002,17.630000000000003,9.909999999999997,30.310000000000002,27.999999999999986,-46.43999999999998
2025,Multan,Food & Beverages,Potatoes,-23.64,-1.8500000000000014,0.0,-1.0399999999999991,0.0,33.230000000000004,6.189999999999998,-8.799999999999997,7.8999999999999915,-13.36999999999999,-7.219999999999999
2025,Multan,Food & Beverages,Powdered Milk NIDO 390 gm Polyba,0.0,0.0,0.0,0.0,0.0,0.0,0.0,0.0,0.0,0.0,0.0
2025,Multan,Food & Beverages,Powdered Milk NIDO 390 gm Polybag,0.0,0.0,0.0,0.0,0.0,0.0,52.069999999999936,17.930000000000064,0.0,0.0,0.0
2025,Multan,Food & Beverages,Pulse Gram,-25.80000000000001,-42.81,5.509999999999991,13.220000000000027,0.0,7.259999999999991,-21.160000000000025,9.580000000000041,-14.390000000000043,-20.879999999999995,-1.3700000000000045
2025,Multan,Food & Beverages,Pulse Mash (Washed),-6.769999999999982,-2.230000000000018,-6.550000000000011,0.0,0.0,0.0,0.0,0.0,0.0,0.0,0.0
2025,Multan,Food & Beverages,Pulse Masoor (Washed),2.75,1.6899999999999977,8.930000000000007,2.840000000000032,0.0,-3.3500000000000227,-2.2099999999999795,0.0,0.0,0.0,0.0
2025,Multan,Food & Beverages,Pulse Moong (Washed),-20.639999999999986,-14.879999999999995,14.689999999999998,4.25,0.0,-8.819999999999993,0.0,8.269999999999982,-11.589999999999975,-15.620000000000005,0.0
2025,Multan,Food & Beverages,Rice Basmati Broken (Average Qualit,0.0,0.0,0.0,0.0,0.0,0.0,0.0,0.0,0.0,0.0,0.0
2025,Multan,Food & Beverages,Rice IRRI-6/9 (Sindh/Punjab),0.0,0.0,0.0,0.0,0.0,-11.02000000000001,-6.920000000000016,0.0,0.0,0.0,0.0
2025,Multan,Food & Beverages,Salt Powdered (NATIONAL/SHAN) 80,0.0,0.0,0.0,0.0,0.0,0.0,0.0,0.0,0.0,0.0,0.0
2025,Multan,Food & Beverages,Sugar Refined,11.650000000000006,9.72999999999999,2.0900000000000034,5.5400000000000205,0.0,11.289999999999992,-5.560000000000002,1.259999999999991,7.289999999999992,-3.839999999999975,-13.52000000000001
2025,Multan,Food & Beverages,Tea Lipton Yellow Label 190 gm Pack,0.0,-95.80000000000001,0.0,0.0,0.0,0.0,0.0,0.0,0.0,0.0,0.0
2025,Multan,Food & Beverages,Tea Prepared Ordinary,2.6799999999999926,0.0,0.0,0.0,0.0,0.0,0.0,0.0,0.0,0.0,0.0
2025,Multan,Food & Beverages,Tomatoes,-54.65,11.850000000000001,-9.080000000000005,-13.889999999999993,0.0,35.17999999999999,35.52000000000001,102.7,68.57999999999998,-168.38,-44.58
2025,Multan,Food & Beverages,Vegetable Ghee DALDA/HABIB 2.5 kg,25.049999999999955,0.0,0.0,-30.0,0.0,0.0,0.0,0.0,0.0,0.0,0.0
2025,Multan,Food & Beverages,Vegetable Ghee DALDA/HABIB or Ot,0.0,-8.990000000000009,0.0,-10.0,0.0,0.0,0.0,0.0,0.0,0.0,0.0
2025,Multan,Food & Beverages,Wheat Flour Bag,3.800000000000182,-11.63000000000011,-108.3599999999999,-64.72000000000003,0.0,-5.220000000000027,102.71000000000004,335.52,-7.789999999999964,12.75,-12.539999999999964
2025,Multan,Food & Beverages,Chilies Powder NATIONAL 200 gm Packet,0.0,0.0,0.0,0.0,0.0,0.0,0.0,0.0,0.0,0.0,14.050000000000011
2025,Multan,Food & Beverages,"Cooking Oil DALDA or Other Similar Brand (SN), 5 Litre Tin",0.0,0.0,0.0,0.0,0.0,0.0,-19.90000000000009,0.0,31.73999999999978,48.26000000000022,122.44000000000005
2025,Multan,Food & Beverages,Rice Basmati Broken (Average Quality),0.0,0.0,0.0,0.0,0.0,0.0,0.0,0.0,0.0,0.0,0.0
2025,Multan,Food & Beverages,Salt Powdered (NATIONAL/SHAN) 800 gm Packet,0.0,0.0,0.0,0.0,0.0,0.0,0.0,0.0,0.0,0.0,0.0
2025,Multan,Food & Beverages,Tea Lipton Yellow Label 190 gm Packet,0.0,0.0,0.0,0.0,0.0,0.0,0.0,0.0,0.0,0.0,0.0
2025,Multan,Food & Beverages,Vegetable Ghee DALDA/HABIB 2.5 kg Tin,0.0,0.0,0.0,0.0,0.0,0.0,0.0,0.0,27.910000000000082,12.089999999999918,65.93000000000006
2025,Multan,Food & Beverages,Vegetable Ghee DALDA/HABIB or Other superior Quality 1 kg Pouch,0.0,0.0,0.0,0.0,0.0,0.0,-5.509999999999991,-2.480000000000018,11.980000000000018,5.759999999999991,5.259999999999991
2025,Multan,Household Equipment,Energy Saver Philips 14 Watt,0.0,0.0,0.0,0.0,0.0,0.0,0.0,0.0,0.0,0.0,0.0
2025,Multan,Household Equipment,Match Box,0.0,0.0,0.0,0.0,0.0,0.0,0.0,0.0,0.0,0.0,0.0
2025,Multan,Housing Water & Energy,Electricity Charges upto 50 Units,-0.04999999999999982,0.0,-0.3099999999999996,-0.9700000000000006,0.0,0.3200000000000003,0.3600000000000003,-0.41000000000000014,-0.16000000000000014,0.41000000000000014,0.7799999999999994
2025,Multan,Housing Water & Energy,Firewood Whole,0.0,0.0,0.0,0.0,0.0,0.0,0.0,0.0,59.22000000000003,40.82999999999993,0.0
2025,Multan,Housing Water & Energy,Gas Charges upto 3.3719 MMBTU,0.0,0.0,0.0,0.0,0.0,217.69000000000005,372.30999999999995,0.0,0.0,0.0,0.0
2025,Multan,Housing Water & Energy,LPG 11.67 kg Cylinder,-208.78999999999996,230.46000000000004,-29.579999999999927,-263.6500000000001,0.0,62.76999999999998,-165.13999999999987,68.13999999999987,-120.40000000000009,297.9500000000003,325.5899999999997
2025,Multan,Miscellaneous,Cigarettes Capstan 20'S Packet,4.840000000000003,15.159999999999997,0.0,0.0,0.0,0.0,0.0,0.0,0.0,0.0,0.0
2025,Multan,Personal Care,Sufi Washing Soap 250 gm Cake,0.0,0.0,0.0,0.0,0.0,0.0,0.0,0.0,0.0,0.0,0.0
2025,Multan,Personal Care,Toilet Soap LIFEBUOY 115 gm,1.4299999999999926,0.0,0.0,0.0,0.0,1.8500000000000085,0.46999999999999886,0.0,0.0,0.0,0.0
2025,Multan,Transport & Communication,Hi-Speed Diesel,5.910000000000025,-7.170000000000016,0.0,-3.009999999999991,0.0,24.19999999999999,-0.4800000000000182,-7.599999999999966,4.480000000000018,5.759999999999991,-9.04000000000002
2025,Multan,Transport & Communication,Petrol Super,1.8999999999999773,-1.009999999999991,-0.9799999999999898,-2.0,0.0,17.409999999999997,-5.480000000000018,0.0,1.0699999999999932,0.18999999999999773,-2.099999999999966
2025,Multan,Transport & Communication,Telephone Call Charges,0.0,0.0,0.0,0.0,0.0,0.0,0.0,0.0,0.0,0.0,0.0
2025,Peshawar,Apparel & Footwear,Gents Sandal Bata,0.0,0.0,0.0,0.0,0.0,0.0,0.0,0.0,0.0,0.0,0.0
2025,Peshawar,Apparel & Footwear,Gents Sponge Chappal Bata,0.0,0.0,0.0,0.0,0.0,0.0,0.0,0.0,0.0,0.0,0.0
2025,Peshawar,Apparel & Footwear,Georgette (Average Quality),0.0,0.0,0.0,0.0,0.0,0.0,0.0,0.0,0.0,0.0,0.0
2025,Peshawar,Apparel & Footwear,Ladies Sandal Bata,0.0,0.0,0.0,0.0,0.0,0.0,0.0,0.0,0.0,0.0,0.0
2025,Peshawar,Apparel & Footwear,Lawn Printed Gul Ahmed/Al Karam,0.0,0.0,0.0,0.0,0.0,0.0,0.0,0.0,0.0,0.0,0.0
2025,Peshawar,Apparel & Footwear,"Long Cloth 57"" Gul Ahmed/Al Karam",0.0,0.0,0.0,0.0,0.0,0.0,0.0,0.0,0.0,0.0,0.0
2025,Peshawar,Apparel & Footwear,Shirting (Average Quality),0.0,0.0,0.0,0.0,0.0,0.0,0.0,0.0,0.0,0.0,0.0
2025,Peshawar,Food & Beverages,Bananas (Kela) Local,33.03,55.45999999999998,-12.359999999999985,-7.159999999999997,0.0,-1.0900000000000034,-11.379999999999995,-21.189999999999998,-17.74000000000001,-10.120000000000005,-0.28999999999999204
2025,Peshawar,Food & Beverages,Beef with Bone (Average Quality),15.879999999999995,-11.809999999999945,21.029999999999973,21.479999999999905,0.0,2.1800000000000637,8.759999999999991,0.0,79.51999999999998,2.3700000000001182,2.769999999999982
2025,Peshawar,Food & Beverages,Bread plain (Small Size),0.0,0.0,0.0,0.0,0.0,0.0,0.0,0.0,0.0,10.0,0.0
2025,Peshawar,Food & Beverages,Chicken Farm Broiler (Live),-2.8799999999999955,58.81,-47.74000000000001,-5.849999999999966,0.0,-30.00999999999999,38.0,-39.75999999999999,-82.11000000000001,31.310000000000002,13.71999999999997
2025,Peshawar,Food & Beverages,Chilies Powder NATIONAL 200 gm Pa,0.0,0.0,0.0,0.0,0.0,0.0,0.0,0.0,0.0,0.0,0.0
2025,Peshawar,Food & Beverages,Cooked Beef at Average Hotel,0.0,0.0,0.0,0.0,0.0,0.0,8.360000000000014,36.849999999999966,5.270000000000039,3.1299999999999955,0.0
2025,Peshawar,Food & Beverages,Cooked Daal at Average Hotel,0.0,0.0,0.0,0.0,0.0,0.0,0.0,0.0,0.0,0.0,0.0
2025,Peshawar,Food & Beverages,Cooking Oil DALDA or Other Similar,0.0,10.070000000000164,-14.699999999999818,-62.01999999999998,0.0,0.0,0.0,0.0,0.0,0.0,0.0
2025,Peshawar,Food & Beverages,Curd (Dahi) Loose,2.009999999999991,0.6800000000000068,0.0,0.0,0.0,3.9299999999999784,2.910000000000025,0.0,0.0,0.0,0.0
2025,Peshawar,Food & Beverages,Eggs Hen (Farm),-22.720000000000027,11.390000000000043,-41.48000000000002,72.31,0.0,-36.410000000000025,27.860000000000014,13.579999999999984,22.370000000000005,22.650000000000034,2.6499999999999773
2025,Peshawar,Food & Beverages,Garlic (Lehsun),29.99000000000001,-60.789999999999964,-121.3900000000001,-83.07999999999993,0.0,-139.76000000000005,25.650000000000034,-2.180000000000007,-21.610000000000014,-7.21999999999997,57.39999999999998
2025,Peshawar,Food & Beverages,Gur (Average Quality),0.0,0.0,0.0,0.0,0.0,36.879999999999995,8.689999999999998,4.7099999999999795,0.8300000000000409,-0.28000000000002956,-9.170000000000016
2025,Peshawar,Food & Beverages,Milk fresh (Un-boiled),1.0500000000000114,0.3499999999999943,0.0,0.0,0.0,3.0,4.210000000000008,0.5300000000000011,0.0,0.0,0.0
2025,Peshawar,Food & Beverages,Mustard Oil (Average Quality),0.0,0.0,-19.360000000000014,-6.330000000000041,0.0,0.0,0.0,0.0,0.0,2.810000000000059,6.159999999999968
2025,Peshawar,Food & Beverages,Mutton (Average Quality),55.23000000000002,83.85000000000014,5.4500000000000455,5.4699999999998,0.0,0.0,0.0,0.0,43.230000000000246,0.0,0.0
2025,Peshawar,Food & Beverages,Onions,-33.8,-13.549999999999997,-14.580000000000013,-21.359999999999992,0.0,12.609999999999992,20.340000000000003,17.810000000000002,34.80000000000001,34.34,-47.31000000000002
2025,Peshawar,Food & Beverages,Potatoes,-20.560000000000002,-5.640000000000001,-3.5999999999999943,-3.980000000000004,0.0,17.709999999999994,-2.289999999999992,0.6299999999999955,0.5100000000000051,-3.410000000000011,-22.69999999999999
2025,Peshawar,Food & Beverages,Powdered Milk NIDO 390 gm Polyba,0.0,3.1000000000001364,0.0,0.0,0.0,0.0,0.0,0.0,0.0,0.0,0.0
2025,Peshawar,Food & Beverages,Powdered Milk NIDO 390 gm Polybag,0.0,0.0,0.0,0.0,0.0,49.450000000000045,0.0,0.0,8.089999999999918,35.75999999999999,4.190000000000055
2025,Peshawar,Food & Beverages,Pulse Gram,-35.01000000000005,-22.549999999999955,7.729999999999961,9.090000000000032,0.0,9.019999999999982,-10.120000000000005,-3.599999999999966,-2.150000000000034,-21.810000000000002,-4.189999999999998
2025,Peshawar,Food & Beverages,Pulse Mash (Washed),0.7699999999999818,-11.379999999999995,-1.3899999999999864,-17.0,0.0,12.569999999999993,-3.920000000000016,-5.239999999999952,5.809999999999945,-8.669999999999959,-2.5
2025,Peshawar,Food & Beverages,Pulse Masoor (Washed),5.410000000000025,-19.44999999999999,7.930000000000007,9.839999999999975,0.0,-0.11000000000001364,-2.579999999999984,-9.95999999999998,0.75,-1.170000000000016,-0.8299999999999841
2025,Peshawar,Food & Beverages,Pulse Moong (Washed),22.28000000000003,-8.110000000000014,-6.389999999999986,-10.240000000000009,0.0,-5.860000000000014,-20.28000000000003,-1.5600000000000023,-0.22999999999996135,-2.6100000000000136,-0.2799999999999727
2025,Peshawar,Food & Beverages,Rice Basmati Broken (Average Qualit,0.0,31.689999999999998,-10.159999999999997,-12.080000000000013,0.0,0.0,0.0,0.0,0.0,0.0,0.0
2025,Peshawar,Food & Beverages,Rice IRRI-6/9 (Sindh/Punjab),-0.7800000000000011,-3.5900000000000034,-5.829999999999984,-5.440000000000012,0.0,-0.5599999999999881,0.0,5.3799999999999955,3.5999999999999943,-2.569999999999993,-0.27000000000001023
2025,Peshawar,Food & Beverages,Salt Powdered (NATIONAL/SHAN) 80,0.0,0.0,0.0,0.0,0.0,0.0,0.0,0.0,0.0,0.0,0.0
2025,Peshawar,Food & Beverages,Sugar Refined,11.110000000000014,11.919999999999987,1.6599999999999966,7.810000000000002,0.0,7.8700000000000045,-0.22999999999998977,2.180000000000007,6.079999999999984,-4.960000000000008,-19.45999999999998
2025,Peshawar,Food & Beverages,Tea Lipton Yellow Label 190 gm Pack,0.0,-95.85000000000002,0.0,0.0,0.0,0.0,0.0,0.0,0.0,0.0,0.0
2025,Peshawar,Food & Beverages,Tea Prepared Ordinary,0.0,0.0,0.0,0.0,0.0,0.0,1.4600000000000009,0.490000000000002,0.0,0.0,3.6300000000000026
2025,Peshawar,Food & Beverages,Tomatoes,-68.36,25.83999999999999,-2.279999999999987,-31.520000000000003,0.0,19.740000000000002,24.739999999999995,80.16999999999999,88.32000000000002,-112.15,-75.23
2025,Peshawar,Food & Beverages,Vegetable Ghee DALDA/HABIB 2.5 kg,4.019999999999982,0.0,-5.869999999999891,-24.980000000000018,0.0,0.0,0.0,0.0,0.0,0.0,0.0
2025,Peshawar,Food & Beverages,Vegetable Ghee DALDA/HABIB or Ot,0.0,-6.970000000000027,-2.5499999999999545,-13.450000000000045,0.0,0.0,0.0,0.0,0.0,0.0,0.0
2025,Peshawar,Food & Beverages,Wheat Flour Bag,-54.52999999999997,24.339999999999918,-91.12999999999988,-144.32000000000016,0.0,-32.62999999999988,115.20000000000005,699.6399999999999,386.8800000000001,-139.9000000000001,45.26000000000022
2025,Peshawar,Food & Beverages,Chilies Powder NATIONAL 200 gm Packet,0.0,0.0,0.0,0.0,0.0,0.0,0.0,0.0,0.0,0.0,0.0
2025,Peshawar,Food & Beverages,"Cooking Oil DALDA or Other Similar Brand (SN), 5 Litre Tin",0.0,0.0,0.0,0.0,0.0,0.0,0.0,0.0,33.710000000000036,46.029999999999745,123.04000000000042
2025,Peshawar,Food & Beverages,Rice Basmati Broken (Average Quality),0.0,0.0,0.0,0.0,0.0,0.0,9.419999999999987,9.530000000000001,2.259999999999991,-10.620000000000005,-0.539999999999992
2025,Peshawar,Food & Beverages,Salt Powdered (NATIONAL/SHAN) 800 gm Packet,0.0,0.0,0.0,0.0,0.0,0.0,0.0,0.0,0.0,0.0,-10.0
2025,Peshawar,Food & Beverages,Tea Lipton Yellow Label 190 gm Packet,0.0,0.0,0.0,0.0,0.0,0.0,0.0,0.0,0.0,0.0,0.0
2025,Peshawar,Food & Beverages,Vegetable Ghee DALDA/HABIB 2.5 kg Tin,0.0,0.0,0.0,0.0,0.0,0.0,0.0,0.0,42.51999999999998,10.819999999999936,0.0
2025,Peshawar,Food & Beverages,Vegetable Ghee DALDA/HABIB or Other superior Quality 1 kg Pouch,0.0,0.0,0.0,0.0,0.0,0.0,0.0,0.0,13.549999999999955,8.690000000000055,4.980000000000018
2025,Peshawar,Household Equipment,Energy Saver Philips 14 Watt,0.0,0.0,0.0,0.0,0.0,0.0,0.0,0.0,0.0,0.0,0.0
2025,Peshawar,Household Equipment,Match Box,0.0,0.0,0.0,0.0,0.0,0.0,0.0,0.0,0.0,0.0,0.0
2025,Peshawar,Housing Water & Energy,Electricity Charges upto 50 Units,-0.04999999999999982,0.0,-0.3099999999999996,-0.9700000000000006,0.0,0.3200000000000003,0.3600000000000003,-0.41000000000000014,-0.16000000000000014,0.41000000000000014,0.7799999999999994
2025,Peshawar,Housing Water & Energy,Firewood Whole,7.3900000000001,-38.67000000000007,-14.089999999999918,0.0,0.0,0.0,0.0,0.0,8.939999999999827,47.54000000000019,31.899999999999864
2025,Peshawar,Housing Water & Energy,Gas Charges upto 3.3719 MMBTU,0.0,0.0,0.0,0.0,0.0,217.69000000000005,372.30999999999995,0.0,0.0,0.0,0.0
2025,Peshawar,Housing Water & Energy,LPG 11.67 kg Cylinder,-310.24000000000024,250.82000000000016,-18.590000000000146,-240.03999999999996,0.0,-58.559999999999945,-187.22000000000025,236.1600000000003,20.190000000000055,222.46000000000004,307.0799999999999
2025,Peshawar,Miscellaneous,Cigarettes Capstan 20'S Packet,9.789999999999992,10.210000000000008,0.0,0.0,0.0,0.0,0.0,0.0,0.0,0.0,0.0
2025,Peshawar,Personal Care,Sufi Washing Soap 250 gm Cake,0.0,0.0,0.0,0.0,0.0,0.0,0.0,0.0,3.9799999999999898,1.0200000000000102,0.0
2025,Peshawar,Personal Care,Toilet Soap LIFEBUOY 115 gm,1.0999999999999943,0.0,0.0,0.0,0.0,0.0,0.0,17.13000000000001,0.0,0.0,0.0
2025,Peshawar,Transport & Communication,Hi-Speed Diesel,6.029999999999973,-7.300000000000011,0.0,-3.1399999999999864,0.0,24.230000000000018,-0.35000000000002274,-7.8799999999999955,4.710000000000036,5.419999999999959,-8.849999999999966
2025,Peshawar,Transport & Communication,Petrol Super,1.910000000000025,-1.0,-1.0000000000000284,-2.0,0.0,17.330000000000013,-5.329999999999984,0.0,0.8299999999999841,0.17000000000001592,-2.0300000000000296
2025,Peshawar,Transport & Communication,Telephone Call Charges,0.0,0.0,0.0,0.0,0.0,0.0,0.0,0.0,0.0,0.0,0.0
2025,Quetta,Apparel & Footwear,Gents Sandal Bata,0.0,0.0,0.0,0.0,0.0,0.0,0.0,0.0,0.0,0.0,0.0
2025,Quetta,Apparel & Footwear,Gents Sponge Chappal Bata,0.0,0.0,0.0,0.0,0.0,0.0,0.0,0.0,0.0,0.0,0.0
2025,Quetta,Apparel & Footwear,Georgette (Average Quality),0.0,0.0,0.0,0.0,0.0,0.0,0.0,0.0,0.0,0.0,0.0
2025,Quetta,Apparel & Footwear,Ladies Sandal Bata,0.0,0.0,0.0,0.0,0.0,0.0,0.0,0.0,0.0,0.0,0.0
2025,Quetta,Apparel & Footwear,Lawn Printed Gul Ahmed/Al Karam,0.0,48.289999999999964,51.879999999999995,0.0,0.0,0.0,0.0,0.0,0.0,0.0,0.0
2025,Quetta,Apparel & Footwear,"Long Cloth 57"" Gul Ahmed/Al Karam",0.0,48.289999999999964,51.879999999999995,0.0,0.0,0.0,0.0,0.0,0.0,0.0,0.0
2025,Quetta,Apparel & Footwear,Shirting (Average Quality),0.0,0.0,0.0,0.0,0.0,0.0,0.0,0.0,0.0,0.0,0.0
2025,Quetta,Food & Beverages,Bananas (Kela) Local,25.290000000000006,7.549999999999983,-13.489999999999995,0.8200000000000074,0.0,10.5,4.650000000000006,-14.27000000000001,-26.900000000000006,13.590000000000003,-15.349999999999994
2025,Quetta,Food & Beverages,Beef with Bone (Average Quality),0.0,19.75,20.149999999999977,0.0,0.0,19.450000000000045,29.889999999999986,50.02999999999997,0.0,37.309999999999945,12.720000000000027
2025,Quetta,Food & Beverages,Bread plain (Small Size),0.0,0.0,0.0,0.0,0.0,0.0,0.0,0.0,0.0,0.0,0.0
2025,Quetta,Food & Beverages,Chicken Farm Broiler (Live),27.20999999999998,47.31999999999999,-16.909999999999968,-33.26000000000005,0.0,-48.06999999999999,30.379999999999995,-8.009999999999991,-117.54000000000002,30.090000000000032,25.110000000000014
2025,Quetta,Food & Beverages,Chilies Powder NATIONAL 200 gm Pa,0.0,0.0,0.0,0.0,0.0,0.0,0.0,0.0,0.0,0.0,0.0
2025,Quetta,Food & Beverages,Cooked Beef at Average Hotel,0.0,0.0,0.0,0.0,0.0,8.879999999999995,6.050000000000011,0.0,0.0,0.0,0.0
2025,Quetta,Food & Beverages,Cooked Daal at Average Hotel,3.0999999999999943,0.0,0.0,0.0,0.0,18.330000000000013,7.859999999999985,1.2800000000000011,0.0,0.0,0.0
2025,Quetta,Food & Beverages,Cooking Oil DALDA or Other Similar,0.0,101.5,-14.960000000000036,-50.0,0.0,0.0,0.0,0.0,0.0,0.0,0.0
2025,Quetta,Food & Beverages,Curd (Dahi) Loose,0.0,0.0,0.0,0.0,0.0,0.0,0.0,0.0,0.0,0.0,0.0
2025,Quetta,Food & Beverages,Eggs Hen (Farm),-47.660000000000025,35.74000000000001,-49.120000000000005,54.55000000000001,0.0,-31.810000000000002,28.889999999999986,17.29000000000002,17.69999999999999,30.069999999999993,7.410000000000025
2025,Quetta,Food & Beverages,Garlic (Lehsun),-13.649999999999977,-46.52999999999997,-97.47000000000003,-195.48999999999995,0.0,18.67999999999995,11.420000000000016,27.319999999999993,5.6200000000000045,12.180000000000007,0.0
2025,Quetta,Food & Beverages,Gur (Average Quality),-22.389999999999986,-2.460000000000008,0.0,0.0,0.0,20.00999999999999,0.0,0.0,11.890000000000015,23.71999999999997,-6.849999999999966
2025,Quetta,Food & Beverages,Milk fresh (Un-boiled),0.0,0.0,0.0,0.0,0.0,0.0,0.0,0.0,0.0,0.0,0.0
2025,Quetta,Food & Beverages,Mustard Oil (Average Quality),0.0,0.0,0.0,0.0,0.0,0.0,0.01999999999998181,0.0,0.0,0.0,0.0
2025,Quetta,Food & Beverages,Mutton (Average Quality),0.0,0.0,-24.529999999999973,0.0,0.0,59.440000000000055,40.62000000000012,0.0,0.0,0.0,0.0
2025,Quetta,Food & Beverages,Onions,-23.38000000000001,-28.069999999999993,-18.150000000000006,-6.859999999999999,0.0,9.64,-2.539999999999999,15.829999999999998,9.490000000000002,49.72,-33.760000000000005
2025,Quetta,Food & Beverages,Potatoes,-13.120000000000005,-20.169999999999995,10.100000000000001,-2.460000000000001,0.0,8.68999999999999,1.440000000000012,4.989999999999995,-4.799999999999997,-2.6500000000000057,-22.39
2025,Quetta,Food & Beverages,Powdered Milk NIDO 390 gm Polyba,0.0,0.0,0.0,0.0,0.0,0.0,0.0,0.0,0.0,0.0,0.0
2025,Quetta,Food & Beverages,Powdered Milk NIDO 390 gm Polybag,0.0,0.0,0.0,0.0,0.0,70.0,0.0,0.0,0.0,0.0,0.0
2025,Quetta,Food & Beverages,Pulse Gram,-51.10000000000002,-23.689999999999998,-3.669999999999959,2.5299999999999727,0.0,17.980000000000018,-17.980000000000018,10.0,-12.019999999999982,-15.590000000000032,-22.399999999999977
2025,Quetta,Food & Beverages,Pulse Mash (Washed),-40.65000000000009,-34.85999999999996,2.5,-22.55000000000001,0.0,27.569999999999993,-20.0,0.0,9.920000000000016,-12.439999999999998,0.0
2025,Quetta,Food & Beverages,Pulse Masoor (Washed),-8.950000000000045,5.0400000000000205,-2.6000000000000227,-7.399999999999977,0.0,0.0,0.0,0.0,9.939999999999998,-22.480000000000018,-15.0
2025,Quetta,Food & Beverages,Pulse Moong (Washed),-11.560000000000002,-7.449999999999989,7.449999999999989,-12.420000000000016,0.0,10.0,-0.060000000000002274,19.960000000000036,16.039999999999964,-5.930000000000007,-20.00999999999999
2025,Quetta,Food & Beverages,Rice Basmati Broken (Average Qualit,0.0,4.949999999999989,-6.319999999999993,-1.2600000000000477,0.0,0.0,0.0,0.0,0.0,0.0,0.0
2025,Quetta,Food & Beverages,Rice IRRI-6/9 (Sindh/Punjab),0.0,0.0,-2.549999999999983,-17.460000000000008,0.0,0.0,0.0,4.930000000000007,5.079999999999984,0.0,0.0
2025,Quetta,Food & Beverages,Salt Powdered (NATIONAL/SHAN) 80,8.670000000000002,1.3299999999999983,0.0,0.0,0.0,0.0,0.0,0.0,0.0,0.0,0.0
2025,Quetta,Food & Beverages,Sugar Refined,11.579999999999984,17.140000000000015,0.7800000000000011,4.25,0.0,7.3799999999999955,-2.0100000000000193,5.0,3.0100000000000193,24.649999999999977,-15.399999999999977
2025,Quetta,Food & Beverages,Tea Lipton Yellow Label 190 gm Pack,0.0,0.0,0.0,-73.60000000000002,0.0,0.0,0.0,0.0,0.0,0.0,0.0
2025,Quetta,Food & Beverages,Tea Prepared Ordinary,0.0,-3.9099999999999966,-1.2600000000000051,0.0,0.0,5.170000000000002,0.0,0.0,0.0,0.0,0.0
2025,Quetta,Food & Beverages,Tomatoes,-71.74,14.620000000000005,-8.650000000000006,-4.279999999999994,0.0,-3.700000000000003,21.35,64.30999999999999,52.05000000000001,-66.09,-47.25999999999999
2025,Quetta,Food & Beverages,Vegetable Ghee DALDA/HABIB 2.5 kg,19.99000000000001,-22.50999999999999,-4.940000000000055,0.0,0.0,0.0,0.0,0.0,0.0,0.0,0.0
2025,Quetta,Food & Beverages,Vegetable Ghee DALDA/HABIB or Ot,0.0,-2.980000000000018,0.0,0.0,0.0,0.0,0.0,0.0,0.0,0.0,0.0
2025,Quetta,Food & Beverages,Wheat Flour Bag,-48.6099999999999,4.990000000000009,-97.48000000000002,-172.57999999999993,0.0,-32.98000000000002,75.28999999999996,646.23,23.889999999999873,42.679999999999836,71.82000000000016
2025,Quetta,Food & Beverages,Chilies Powder NATIONAL 200 gm Packet,0.0,0.0,0.0,0.0,0.0,0.0,0.0,0.0,0.0,0.0,28.70999999999998
2025,Quetta,Food & Beverages,"Cooking Oil DALDA or Other Similar Brand (SN), 5 Litre Tin",0.0,0.0,0.0,0.0,0.0,0.0,0.0,0.0,6.9699999999998,73.0300000000002,164.0
2025,Quetta,Food & Beverages,Rice Basmati Broken (Average Quality),0.0,0.0,0.0,0.0,0.0,0.0,-10.0,22.379999999999995,19.599999999999966,-1.9699999999999704,-10.0
2025,Quetta,Food & Beverages,Salt Powdered (NATIONAL/SHAN) 800 gm Packet,0.0,0.0,0.0,0.0,0.0,0.0,0.0,0.0,0.0,-10.719999999999999,-9.280000000000001
2025,Quetta,Food & Beverages,Tea Lipton Yellow Label 190 gm Packet,0.0,0.0,0.0,0.0,0.0,0.0,0.0,0.0,0.0,0.0,0.0
2025,Quetta,Food & Beverages,Vegetable Ghee DALDA/HABIB 2.5 kg Tin,0.0,0.0,0.0,0.0,0.0,0.0,0.0,0.0,7.910000000000082,32.08999999999992,30.690000000000055
2025,Quetta,Food & Beverages,Vegetable Ghee DALDA/HABIB or Other superior Quality 1 kg Pouch,0.0,0.0,0.0,0.0,0.0,0.0,0.0,0.0,6.779999999999973,10.960000000000036,5.259999999999991
2025,Quetta,Household Equipment,Energy Saver Philips 14 Watt,0.0,0.0,0.0,0.0,0.0,0.0,0.0,0.0,0.0,0.0,0.0
2025,Quetta,Household Equipment,Match Box,0.0,0.0,0.0,0.0,0.0,0.0,0.0,0.0,0.0,0.0,0.0
2025,Quetta,Housing Water & Energy,Electricity Charges upto 50 Units,-0.04999999999999982,0.0,-0.3099999999999996,-0.9700000000000006,0.0,0.3200000000000003,0.3600000000000003,-0.41000000000000014,-0.16000000000000014,0.41000000000000014,0.7799999999999994
2025,Quetta,Housing Water & Energy,Firewood Whole,-13.460000000000036,-31.399999999999864,-24.779999999999973,0.0,0.0,0.0,0.0,0.0,0.0,100.04999999999995,0.0
2025,Quetta,Housing Water & Energy,Gas Charges upto 3.3719 MMBTU,0.0,0.0,0.0,0.0,0.0,217.69000000000005,372.30999999999995,0.0,0.0,0.0,0.0
2025,Quetta,Housing Water & Energy,LPG 11.67 kg Cylinder,-49.84999999999991,-87.95000000000027,-137.54999999999973,-149.51000000000022,0.0,-35.06999999999971,-77.51000000000022,12.470000000000255,24.940000000000055,137.38999999999987,112.77999999999975
2025,Quetta,Miscellaneous,Cigarettes Capstan 20'S Packet,0.0,0.0,0.0,0.0,0.0,0.0,0.0,0.0,0.0,0.0,0.0
2025,Quetta,Personal Care,Sufi Washing Soap 250 gm Cake,2.0600000000000023,0.0,0.0,0.0,0.0,0.0,0.0,0.0,0.0,0.0,0.0
2025,Quetta,Personal Care,Toilet Soap LIFEBUOY 115 gm,3.8800000000000097,-3.8800000000000097,0.0,0.0,0.0,0.0,9.690000000000012,6.739999999999995,0.0,0.0,0.0
2025,Quetta,Transport & Communication,Hi-Speed Diesel,5.990000000000009,-7.139999999999986,0.0,-3.1100000000000136,0.0,24.120000000000005,-0.38999999999998636,-7.889999999999986,4.649999999999977,5.470000000000027,-8.879999999999995
2025,Quetta,Transport & Communication,Petrol Super,1.8000000000000114,-1.0,-1.0000000000000284,-1.9699999999999989,0.0,17.379999999999995,-5.349999999999966,0.0,0.6599999999999682,0.3100000000000023,-2.0
2025,Quetta,Transport & Communication,Telephone Call Charges,0.0,0.0,0.0,0.0,0.0,0.0,0.0,0.0,0.0,0.0,0.0
2025,Rawalpindi,Apparel & Footwear,Gents Sandal Bata,0.0,0.0,0.0,0.0,0.0,0.0,0.0,0.0,0.0,0.0,0.0
2025,Rawalpindi,Apparel & Footwear,Gents Sponge Chappal Bata,0.0,0.0,0.0,0.0,0.0,0.0,0.0,0.0,0.0,0.0,0.0
2025,Rawalpindi,Apparel & Footwear,Georgette (Average Quality),4.0400000000000205,0.0,0.0,0.0,0.0,0.0,0.0,0.0,0.0,0.0,0.0
2025,Rawalpindi,Apparel & Footwear,Ladies Sandal Bata,0.0,0.0,0.0,0.0,0.0,0.0,0.0,0.0,0.0,0.0,0.0
2025,Rawalpindi,Apparel & Footwear,Lawn Printed Gul Ahmed/Al Karam,0.0,42.52000000000004,46.219999999999914,37.5,0.0,13.030000000000086,0.0,0.0,0.0,0.0,0.0
2025,Rawalpindi,Apparel & Footwear,"Long Cloth 57"" Gul Ahmed/Al Karam",0.0,12.540000000000077,12.789999999999964,33.200000000000045,0.0,11.42999999999995,0.0,0.0,0.0,0.0,0.0
2025,Rawalpindi,Apparel & Footwear,Shirting (Average Quality),17.470000000000027,0.0,0.0,0.0,0.0,0.0,0.0,0.0,0.0,0.0,0.0
2025,Rawalpindi,Food & Beverages,Bananas (Kela) Local,73.00999999999999,56.650000000000034,-25.110000000000014,-24.410000000000025,0.0,-11.519999999999982,-43.24000000000001,-17.67999999999998,-10.990000000000009,-2.569999999999993,7.439999999999998
2025,Rawalpindi,Food & Beverages,Beef with Bone (Average Quality),85.5300000000002,47.549999999999955,53.26999999999998,25.769999999999982,0.0,0.0,0.0,0.0,7.7999999999999545,8.589999999999918,1.6800000000000637
2025,Rawalpindi,Food & Beverages,Bread plain (Small Size),0.0,0.0,0.0,0.0,0.0,0.0,0.0,0.0,0.0,0.0,0.0
2025,Rawalpindi,Food & Beverages,Chicken Farm Broiler (Live),-3.9499999999999886,59.39999999999998,-52.50999999999999,-7.050000000000011,0.0,-26.00999999999999,31.569999999999993,-33.5,-82.98000000000002,31.900000000000034,9.339999999999975
2025,Rawalpindi,Food & Beverages,Chilies Powder NATIONAL 200 gm Pa,0.0,0.0,0.0,0.0,0.0,0.0,0.0,0.0,0.0,0.0,0.0
2025,Rawalpindi,Food & Beverages,Cooked Beef at Average Hotel,0.0,0.0,17.470000000000027,6.039999999999964,0.0,0.0,0.0,0.0,0.0,0.0,0.0
2025,Rawalpindi,Food & Beverages,Cooked Daal at Average Hotel,0.0,0.0,0.0,0.0,0.0,0.0,0.0,0.0,0.0,0.0,0.0
2025,Rawalpindi,Food & Beverages,Curd (Dahi) Loose,0.0,0.0,0.0,0.0,0.0,0.0,0.0,0.0,0.0,0.0,0.0
2025,Rawalpindi,Food & Beverages,Eggs Hen (Farm),-23.25999999999999,19.389999999999986,-42.06999999999999,56.650000000000034,0.0,-23.850000000000023,30.639999999999986,13.379999999999995,15.910000000000025,22.560000000000002,9.560000000000002
2025,Rawalpindi,Food & Beverages,Garlic (Lehsun),17.220000000000027,2.5699999999999363,-86.65999999999997,-45.039999999999964,0.0,-184.25000000000006,-38.39999999999998,1.0500000000000114,62.56,13.159999999999968,6.269999999999982
2025,Rawalpindi,Food & Beverages,Gur (Average Quality),20.539999999999992,1.0,3.039999999999992,0.0,0.0,15.960000000000008,1.3500000000000227,0.0,0.0,0.0,-5.390000000000043
2025,Rawalpindi,Food & Beverages,Milk fresh (Un-boiled),0.0,0.0,0.0,0.0,0.0,0.0,0.0,0.0,0.0,0.0,0.0
2025,Rawalpindi,Food & Beverages,Mustard Oil (Average Quality),0.0,0.0,0.0,0.0,0.0,0.0,0.0,0.0,7.2000000000000455,4.839999999999918,0.0
2025,Rawalpindi,Food & Beverages,Mutton (Average Quality),20.2199999999998,24.7800000000002,52.570000000000164,43.48999999999978,0.0,0.8400000000001455,0.0,15.0,14.949999999999818,9.980000000000018,11.690000000000055
2025,Rawalpindi,Food & Beverages,Onions,-34.34999999999998,-19.840000000000003,-12.189999999999998,-14.960000000000008,0.0,4.299999999999997,19.090000000000003,34.0,24.060000000000002,36.849999999999994,-38.889999999999986
2025,Rawalpindi,Food & Beverages,Potatoes,-23.33,-2.789999999999992,-4.760000000000005,1.4300000000000068,0.0,25.22,0.8100000000000023,3.1799999999999926,3.1000000000000085,-11.14,-11.320000000000007
2025,Rawalpindi,Food & Beverages,Powdered Milk NIDO 390 gm Polyba,0.0,2.009999999999991,0.0,31.409999999999854,0.0,0.0,0.0,0.0,0.0,0.0,0.0
2025,Rawalpindi,Food & Beverages,Powdered Milk NIDO 390 gm Polybag,0.0,0.0,0.0,0.0,0.0,63.38999999999987,19.340000000000146,0.0,4.7999999999999545,1.2000000000000455,0.0
2025,Rawalpindi,Food & Beverages,Pulse Gram,-8.599999999999966,-9.180000000000007,-8.960000000000036,0.0,0.0,0.0,-5.71999999999997,-6.949999999999989,-13.460000000000036,-21.609999999999957,-11.260000000000048
2025,Rawalpindi,Food & Beverages,Pulse Mash (Washed),-3.9500000000000455,0.0,0.0,0.0,0.0,0.0,0.0,0.0,0.0,-8.029999999999973,-2.6499999999999773
2025,Rawalpindi,Food & Beverages,Pulse Masoor (Washed),0.0,0.0,0.0,0.0,0.0,1.8400000000000318,-10.610000000000014,-7.5400000000000205,-8.449999999999989,0.0,-9.240000000000009
2025,Rawalpindi,Food & Beverages,Pulse Moong (Washed),5.060000000000002,0.0,0.0,0.0,0.0,10.489999999999952,-11.589999999999975,1.6399999999999864,-2.009999999999991,0.0,0.0
2025,Rawalpindi,Food & Beverages,Rice Basmati Broken (Average Qualit,0.0,0.0,0.0,0.0,0.0,0.0,0.0,0.0,0.0,0.0,0.0
2025,Rawalpindi,Food & Beverages,Rice IRRI-6/9 (Sindh/Punjab),0.0,0.0,0.0,0.0,0.0,12.620000000000005,0.0,1.3499999999999943,1.3700000000000045,0.0,0.0
2025,Rawalpindi,Food & Beverages,Salt Powdered (NATIONAL/SHAN) 80,0.0,0.0,0.0,0.0,0.0,0.0,0.0,0.0,0.0,0.0,0.0
2025,Rawalpindi,Food & Beverages,Sugar Refined,10.0,13.889999999999986,-1.8899999999999864,7.539999999999992,0.0,8.25,-10.079999999999984,5.1299999999999955,2.75,-0.14000000000001478,-15.73999999999998
2025,Rawalpindi,Food & Beverages,Tea Lipton Yellow Label 190 gm Pack,0.0,-95.81,0.0,0.0,0.0,0.0,0.0,0.0,0.0,0.0,0.0
2025,Rawalpindi,Food & Beverages,Tea Prepared Ordinary,0.0,0.0,0.0,0.0,0.0,0.0,0.0,0.0,0.0,0.0,0.0
2025,Rawalpindi,Food & Beverages,Tomatoes,-65.98999999999998,20.489999999999995,-1.9300000000000068,-28.36,0.0,33.88000000000001,22.14,108.12,81.47,-129.74,-84.03
2025,Rawalpindi,Food & Beverages,Vegetable Ghee DALDA/HABIB 2.5 kg,-25.970000000000027,0.0,-12.549999999999955,-12.450000000000045,0.0,0.0,0.0,0.0,0.0,0.0,0.0
2025,Rawalpindi,Food & Beverages,Wheat Flour Bag,-90.03999999999996,8.910000000000082,-87.23000000000002,-99.86000000000013,0.0,-39.11999999999989,134.96000000000004,375.78,-25.26000000000022,209.64000000000033,73.2199999999998
2025,Rawalpindi,Food & Beverages,Chilies Powder NATIONAL 200 gm Packet,0.0,0.0,0.0,0.0,0.0,0.0,0.0,0.0,0.0,0.0,14.050000000000011
2025,Rawalpindi,Food & Beverages,"Cooking Oil DALDA or Other Similar Brand (SN), 5 Litre Tin",0.0,0.0,0.0,0.0,0.0,0.0,0.0,8.710000000000036,53.210000000000036,58.340000000000146,124.10999999999967
2025,Rawalpindi,Food & Beverages,Rice Basmati Broken (Average Quality),0.0,0.0,0.0,0.0,0.0,0.0,1.210000000000008,3.6299999999999955,4.349999999999966,0.0,0.0
2025,Rawalpindi,Food & Beverages,Salt Powdered (NATIONAL/SHAN) 800 gm Packet,0.0,0.0,0.0,0.0,0.0,0.0,0.0,0.0,1.7299999999999898,-1.2299999999999898,-4.340000000000003
2025,Rawalpindi,Food & Beverages,Tea Lipton Yellow Label 190 gm Packet,0.0,0.0,0.0,0.0,0.0,0.0,0.0,0.0,0.0,0.0,0.0
2025,Rawalpindi,Food & Beverages,Vegetable Ghee DALDA/HABIB 2.5 kg Tin,0.0,0.0,0.0,0.0,0.0,0.0,0.0,4.970000000000027,31.00999999999999,25.680000000000064,66.87999999999988
2025,Rawalpindi,Food & Beverages,Vegetable Ghee DALDA/HABIB or Other superior Quality 1 kg Pouch,0.0,0.0,0.0,0.0,0.0,0.0,0.0,2.990000000000009,11.0,3.75,5.259999999999991
2025,Rawalpindi,Household Equipment,Energy Saver Philips 14 Watt,0.0,0.0,0.0,0.0,0.0,0.0,0.0,0.0,0.0,0.0,0.0
2025,Rawalpindi,Household Equipment,Match Box,0.0,0.0,0.0,0.0,0.0,0.0,0.0,0.0,0.0,0.0,0.0
2025,Rawalpindi,Housing Water & Energy,Electricity Charges upto 50 Units,-0.04999999999999982,0.0,-0.3099999999999996,-0.9700000000000006,0.0,0.3200000000000003,0.3600000000000003,-0.41000000000000014,-0.16000000000000014,0.41000000000000014,0.7799999999999994
2025,Rawalpindi,Housing Water & Energy,Firewood Whole,0.0,0.0,0.0,0.0,0.0,0.0,0.0,0.0,44.42000000000007,11.289999999999964,28.339999999999918
2025,Rawalpindi,Housing Water & Energy,Gas Charges upto 3.3719 MMBTU,0.0,0.0,0.0,0.0,0.0,217.69000000000005,372.30999999999995,0.0,0.0,0.0,0.0
2025,Rawalpindi,Housing Water & Energy,LPG 11.67 kg Cylinder,-143.3199999999997,9.929999999999836,75.25,-104.69999999999982,0.0,-107.73000000000002,-155.51000000000022,77.73000000000002,54.289999999999964,82.68000000000029,350.92999999999984
2025,Rawalpindi,Miscellaneous,Cigarettes Capstan 20'S Packet,0.0,0.0,0.0,0.0,0.0,0.0,0.0,0.0,0.0,0.0,0.0
2025,Rawalpindi,Personal Care,Sufi Washing Soap 250 gm Cake,0.0,0.0,0.0,0.0,0.0,0.0,0.0,0.3199999999999932,1.5,0.7800000000000011,2.480000000000018
2025,Rawalpindi,Personal Care,Toilet Soap LIFEBUOY 115 gm,4.819999999999993,15.960000000000008,0.0,0.0,0.0,0.0,0.0,0.0,0.0,0.0,0.0
2025,Rawalpindi,Transport & Communication,Hi-Speed Diesel,6.069999999999993,-7.300000000000011,0.0,-3.0,0.0,24.090000000000032,-0.37999999999999545,-7.800000000000011,4.6299999999999955,5.480000000000018,-8.870000000000005
2025,Rawalpindi,Transport & Communication,Petrol Super,1.9099999999999966,-1.0,-0.9999999999999716,-2.0100000000000193,0.0,17.379999999999995,-5.360000000000014,0.0,0.8300000000000409,0.19999999999998863,-2.009999999999991
2025,Rawalpindi,Transport & Communication,Telephone Call Charges,0.0,0.0,0.0,0.0,0.0,0.0,0.0,0.0,0.0,0.0,0.0
2025,Sargodha,Apparel & Footwear,Gents Sandal Bata,0.0,0.0,0.0,0.0,0.0,0.0,0.0,0.0,0.0,0.0,0.0
2025,Sargodha,Apparel & Footwear,Gents Sponge Chappal Bata,0.0,0.0,0.0,0.0,0.0,0.0,0.0,0.0,0.0,0.0,0.0
2025,Sargodha,Apparel & Footwear,Georgette (Average Quality),0.0,0.0,0.0,0.0,0.0,0.0,0.0,0.0,0.0,0.0,0.0
2025,Sargodha,Apparel & Footwear,Ladies Sandal Bata,0.0,0.0,0.0,0.0,0.0,0.0,0.0,0.0,0.0,0.0,0.0
2025,Sargodha,Apparel & Footwear,Lawn Printed Gul Ahmed/Al Karam,0.0,64.0,0.0,0.0,0.0,0.0,0.0,0.0,0.0,0.0,0.0
2025,Sargodha,Apparel & Footwear,"Long Cloth 57"" Gul Ahmed/Al Karam",0.0,20.0,0.0,0.0,0.0,0.0,0.0,0.0,0.0,0.0,0.0
2025,Sargodha,Apparel & Footwear,Shirting (Average Quality),0.0,0.0,0.0,0.0,0.0,0.0,0.0,0.0,0.0,0.0,0.0
2025,Sargodha,Food & Beverages,Bananas (Kela) Local,36.81,51.629999999999995,-48.379999999999995,8.329999999999984,0.0,-7.349999999999994,-2.5999999999999943,-15.840000000000003,-26.590000000000003,12.430000000000007,6.8799999999999955
2025,Sargodha,Food & Beverages,Beef with Bone (Average Quality),0.0,50.0,0.0,58.16999999999996,0.0,8.230000000000018,0.0,32.81000000000006,43.99000000000001,23.220000000000027,16.669999999999845
2025,Sargodha,Food & Beverages,Bread plain (Small Size),0.0,0.0,-2.5900000000000034,-7.409999999999997,0.0,0.0,0.0,0.0,0.0,0.0,0.0
2025,Sargodha,Food & Beverages,Chicken Farm Broiler (Live),2.580000000000041,48.39999999999998,-30.579999999999984,11.539999999999964,0.0,-20.779999999999973,0.18999999999999773,-23.910000000000025,-74.51999999999998,24.660000000000025,11.870000000000005
2025,Sargodha,Food & Beverages,Chilies Powder NATIONAL 200 gm Pa,0.0,0.0,0.0,0.0,0.0,0.0,0.0,0.0,0.0,0.0,0.0
2025,Sargodha,Food & Beverages,Cooked Beef at Average Hotel,0.0,0.0,0.0,0.0,0.0,0.0,0.0,0.0,0.0,0.0,0.0
2025,Sargodha,Food & Beverages,Cooked Daal at Average Hotel,0.0,0.0,0.0,0.0,0.0,0.0,0.0,0.0,0.0,0.0,0.0
2025,Sargodha,Food & Beverages,Cooking Oil DALDA or Other Similar,0.0,-19.929999999999836,0.0,-37.57999999999993,0.0,0.0,0.0,0.0,0.0,0.0,0.0
2025,Sargodha,Food & Beverages,Curd (Dahi) Loose,0.0,0.0,0.0,0.0,0.0,18.610000000000014,1.3899999999999864,0.0,0.0,0.0,0.0
2025,Sargodha,Food & Beverages,Eggs Hen (Farm),-17.77000000000001,17.930000000000035,-46.03000000000003,56.129999999999995,0.0,-22.079999999999984,30.939999999999998,13.550000000000011,19.189999999999998,21.329999999999984,11.470000000000027
2025,Sargodha,Food & Beverages,Garlic (Lehsun),3.1299999999999955,-36.51999999999998,-87.26000000000005,-66.01999999999998,0.0,-29.30000000000001,65.68,12.860000000000014,-21.08000000000004,11.090000000000032,3.3100000000000023
2025,Sargodha,Food & Beverages,Gur (Average Quality),-7.1299999999999955,0.0,0.0,0.0,0.0,0.0,14.819999999999993,26.0,5.800000000000011,-27.909999999999997,-16.26000000000002
2025,Sargodha,Food & Beverages,Milk fresh (Un-boiled),0.0,0.0,0.0,0.0,0.0,13.27000000000001,0.0,0.0,0.0,0.0,0.0
2025,Sargodha,Food & Beverages,Mustard Oil (Average Quality),0.0,0.0,-35.32000000000005,-73.09999999999997,0.0,-8.269999999999982,0.0,8.300000000000011,7.039999999999964,1.3500000000000227,0.0
2025,Sargodha,Food & Beverages,Mutton (Average Quality),0.0,50.0,0.0,115.06999999999994,0.0,51.049999999999955,0.0,16.86999999999989,17.01000000000022,16.5300000000002,16.669999999999618
2025,Sargodha,Food & Beverages,Onions,-33.2,-23.770000000000003,-3.8999999999999986,-10.04,0.0,13.380000000000003,11.340000000000003,9.509999999999991,28.53,34.040000000000006,-44.52000000000001
2025,Sargodha,Food & Beverages,Potatoes,-12.590000000000003,-7.670000000000002,2.440000000000005,-4.010000000000005,0.0,38.62,2.200000000000003,7.070000000000007,-7.070000000000007,-7.689999999999998,-41.55
2025,Sargodha,Food & Beverages,Powdered Milk NIDO 390 gm Polyba,0.0,10.0,0.0,9.8599999999999,0.0,0.0,0.0,0.0,0.0,0.0,0.0
2025,Sargodha,Food & Beverages,Powdered Milk NIDO 390 gm Polybag,0.0,0.0,0.0,0.0,0.0,15.529999999999973,64.47000000000003,0.0,0.0,0.0,22.430000000000064
2025,Sargodha,Food & Beverages,Pulse Gram,-33.79000000000002,-21.779999999999973,-8.170000000000016,17.379999999999995,0.0,-4.9599999999999795,-6.5400000000000205,14.100000000000023,-7.560000000000002,-23.5,-19.75000000000003
2025,Sargodha,Food & Beverages,Pulse Mash (Washed),-34.73000000000002,7.510000000000048,0.839999999999975,0.0,0.0,0.0,0.0,0.0,0.0,0.0,-21.769999999999982
2025,Sargodha,Food & Beverages,Pulse Masoor (Washed),4.050000000000011,3.3700000000000045,0.0,-0.8500000000000227,0.0,-2.519999999999982,3.3700000000000045,0.0,0.0,0.0,-12.629999999999995
2025,Sargodha,Food & Beverages,Pulse Moong (Washed),7.230000000000018,17.519999999999982,0.0,0.8199999999999932,0.0,-2.240000000000009,-30.55000000000001,23.53000000000003,5.079999999999984,0.0,2.5200000000000387
2025,Sargodha,Food & Beverages,Rice Basmati Broken (Average Qualit,0.0,2.0900000000000034,0.0,0.8100000000000023,0.0,0.0,0.0,0.0,0.0,0.0,0.0
2025,Sargodha,Food & Beverages,Rice IRRI-6/9 (Sindh/Punjab),8.699999999999989,0.0,0.0,0.8100000000000023,0.0,7.139999999999986,3.680000000000007,4.980000000000018,0.0,0.0,0.0
2025,Sargodha,Food & Beverages,Salt Powdered (NATIONAL/SHAN) 80,0.0,0.0,0.0,0.0,0.0,0.0,0.0,0.0,0.0,0.0,0.0
2025,Sargodha,Food & Beverages,Sugar Refined,11.240000000000009,12.799999999999983,-1.9499999999999886,7.740000000000009,0.0,8.359999999999985,-6.099999999999994,2.0,3.9099999999999966,-0.1599999999999966,-17.47
2025,Sargodha,Food & Beverages,Tea Lipton Yellow Label 190 gm Pack,0.0,-95.80000000000001,0.0,0.0,0.0,0.0,0.0,0.0,0.0,0.0,0.0
2025,Sargodha,Food & Beverages,Tea Prepared Ordinary,0.0,0.0,0.0,0.0,0.0,0.0,3.1599999999999966,0.0,0.0,0.0,0.0
2025,Sargodha,Food & Beverages,Tomatoes,-42.76,20.21,-7.799999999999997,-25.78000000000001,0.0,38.12,28.16000000000001,94.68999999999998,87.07999999999998,-166.00999999999996,-47.540000000000006
2025,Sargodha,Food & Beverages,Vegetable Ghee DALDA/HABIB 2.5 kg,25.049999999999955,-30.0,0.0,-18.789999999999964,0.0,0.0,0.0,0.0,0.0,0.0,0.0
2025,Sargodha,Food & Beverages,Vegetable Ghee DALDA/HABIB or Ot,0.0,-8.990000000000009,0.0,-10.0,0.0,0.0,0.0,0.0,0.0,0.0,0.0
2025,Sargodha,Food & Beverages,Wheat Flour Bag,-31.930000000000064,0.0,-85.06999999999994,-174.97000000000003,0.0,-56.819999999999936,104.4699999999998,312.8800000000001,-90.49000000000001,0.0,0.0
2025,Sargodha,Food & Beverages,Chilies Powder NATIONAL 200 gm Packet,0.0,0.0,0.0,0.0,0.0,0.0,0.0,0.0,20.0,0.0,0.0
2025,Sargodha,Food & Beverages,"Cooking Oil DALDA or Other Similar Brand (SN), 5 Litre Tin",0.0,0.0,0.0,0.0,0.0,0.0,0.0,0.0,0.0,59.789999999999964,50.159999999999854
2025,Sargodha,Food & Beverages,Rice Basmati Broken (Average Quality),0.0,0.0,0.0,0.0,0.0,0.0,-0.6599999999999966,0.0,-6.72999999999999,-2.460000000000008,-0.8100000000000023
2025,Sargodha,Food & Beverages,Salt Powdered (NATIONAL/SHAN) 800 gm Packet,0.0,0.0,0.0,0.0,0.0,0.0,0.0,0.0,0.0,0.0,0.0
2025,Sargodha,Food & Beverages,Tea Lipton Yellow Label 190 gm Packet,0.0,0.0,0.0,0.0,0.0,0.0,0.0,-0.05000000000001137,-0.009999999999990905,0.0,0.0
2025,Sargodha,Food & Beverages,Vegetable Ghee DALDA/HABIB 2.5 kg Tin,0.0,0.0,0.0,0.0,0.0,0.0,0.0,0.0,15.86999999999989,24.13000000000011,6.210000000000036
2025,Sargodha,Food & Beverages,Vegetable Ghee DALDA/HABIB or Other superior Quality 1 kg Pouch,0.0,0.0,0.0,0.0,0.0,0.0,0.0,0.0,12.759999999999991,6.730000000000018,3.509999999999991
2025,Sargodha,Household Equipment,Energy Saver Philips 14 Watt,0.0,0.0,0.0,0.0,0.0,-6.1299999999999955,-23.870000000000005,0.0,0.0,0.0,0.0
2025,Sargodha,Household Equipment,Match Box,0.0,0.0,0.0,0.0,0.0,0.0,0.0,0.0,0.0,0.0,0.0
2025,Sargodha,Housing Water & Energy,Electricity Charges upto 50 Units,-0.04999999999999982,0.0,-0.3099999999999996,-0.9700000000000006,0.0,0.3200000000000003,0.3600000000000003,-0.41000000000000014,-0.16000000000000014,0.41000000000000014,0.7799999999999994
2025,Sargodha,Housing Water & Energy,Firewood Whole,0.0,0.0,0.0,0.0,0.0,0.0,0.0,0.0,0.0,0.0,0.0
2025,Sargodha,Housing Water & Energy,Gas Charges upto 3.3719 MMBTU,0.0,0.0,0.0,0.0,0.0,217.69000000000005,372.30999999999995,0.0,0.0,0.0,0.0
2025,Sargodha,Housing Water & Energy,LPG 11.67 kg Cylinder,-155.38999999999987,24.710000000000036,-12.670000000000073,-138.1500000000001,0.0,-74.55999999999995,-200.2199999999998,175.5699999999997,-95.64999999999964,254.53999999999996,316.0699999999997
2025,Sargodha,Miscellaneous,Cigarettes Capstan 20'S Packet,10.0,0.0,0.0,0.0,0.0,0.0,0.0,0.0,0.0,0.0,0.0
2025,Sargodha,Personal Care,Sufi Washing Soap 250 gm Cake,0.0,0.0,0.0,0.0,0.0,0.0,0.0,0.0,0.0,0.0,0.0
2025,Sargodha,Personal Care,Toilet Soap LIFEBUOY 115 gm,0.0,0.0,0.0,0.0,0.0,-17.730000000000004,0.0,3.0,9.560000000000002,0.0,0.0
2025,Sargodha,Transport & Communication,Hi-Speed Diesel,6.399999999999977,-7.649999999999977,0.0,-3.009999999999991,0.0,24.129999999999995,-0.37999999999999545,-6.420000000000016,4.6200000000000045,5.449999999999989,-8.829999999999984
2025,Sargodha,Transport & Communication,Petrol Super,2.259999999999991,-1.349999999999966,-1.0100000000000193,-2.0,0.0,17.390000000000015,-5.360000000000014,0.0,2.2199999999999704,0.18000000000000682,-1.9499999999999886
2025,Sargodha,Transport & Communication,Telephone Call Charges,0.0,0.0,0.0,0.0,0.0,0.0,0.0,0.0,0.0,0.0,0.0
2025,Sialkot,Apparel & Footwear,Gents Sandal Bata,0.0,0.0,0.0,0.0,0.0,0.0,0.0,0.0,0.0,0.0,0.0
2025,Sialkot,Apparel & Footwear,Gents Sponge Chappal Bata,0.0,0.0,0.0,0.0,0.0,0.0,0.0,0.0,0.0,0.0,0.0
2025,Sialkot,Apparel & Footwear,Georgette (Average Quality),0.0,0.0,0.0,0.0,0.0,0.0,0.0,0.0,0.0,0.0,0.0
2025,Sialkot,Apparel & Footwear,Ladies Sandal Bata,0.0,0.0,0.0,0.0,0.0,0.0,0.0,0.0,0.0,0.0,0.0
2025,Sialkot,Apparel & Footwear,Lawn Printed Gul Ahmed/Al Karam,0.0,0.0,0.0,0.0,0.0,0.0,0.0,0.0,0.0,0.0,0.0
2025,Sialkot,Apparel & Footwear,"Long Cloth 57"" Gul Ahmed/Al Karam",0.0,0.0,0.0,0.0,0.0,0.0,0.0,0.0,0.0,0.0,0.0
2025,Sialkot,Apparel & Footwear,Shirting (Average Quality),0.0,0.0,0.0,0.0,0.0,0.0,0.0,0.0,0.0,0.0,0.0
2025,Sialkot,Food & Beverages,Bananas (Kela) Local,22.689999999999998,121.99000000000001,-75.16,-51.47,0.0,0.0,-7.560000000000002,-2.4399999999999977,-16.22999999999999,10.95999999999998,5.27000000000001
2025,Sialkot,Food & Beverages,Beef with Bone (Average Quality),0.0,0.0,0.0,0.0,0.0,0.0,0.0,0.0,0.0,0.0,0.0
2025,Sialkot,Food & Beverages,Bread plain (Small Size),-2.5900000000000034,-7.409999999999997,0.0,10.0,0.0,0.0,0.0,0.0,0.0,0.0,0.0
2025,Sialkot,Food & Beverages,Chicken Farm Broiler (Live),-14.75,60.39999999999998,-50.26999999999998,1.4300000000000068,0.0,-31.579999999999984,34.06,-31.30000000000001,-86.88,24.41999999999996,8.720000000000027
2025,Sialkot,Food & Beverages,Chilies Powder NATIONAL 200 gm Pa,0.0,0.0,0.0,0.0,0.0,0.0,0.0,0.0,0.0,0.0,0.0
2025,Sialkot,Food & Beverages,Cooked Beef at Average Hotel,0.0,0.0,0.0,0.0,0.0,0.0,0.0,0.0,0.0,0.0,0.0
2025,Sialkot,Food & Beverages,Cooked Daal at Average Hotel,-10.0,0.0,0.0,0.0,0.0,0.0,0.0,0.0,0.0,0.0,0.0
2025,Sialkot,Food & Beverages,Cooking Oil DALDA or Other Similar,0.0,40.070000000000164,0.0,0.0,0.0,0.0,0.0,0.0,0.0,0.0,0.0
2025,Sialkot,Food & Beverages,Curd (Dahi) Loose,0.0,0.0,0.0,0.0,0.0,0.0,0.0,0.0,0.0,0.0,0.0
2025,Sialkot,Food & Beverages,Eggs Hen (Farm),-16.389999999999986,18.71999999999997,-48.389999999999986,66.90999999999997,0.0,-20.92999999999995,21.810000000000002,7.509999999999991,12.620000000000005,32.39999999999998,12.399999999999977
2025,Sialkot,Food & Beverages,Garlic (Lehsun),30.389999999999986,-128.92999999999995,-360.28000000000003,-91.90000000000003,0.0,131.11,0.0,50.0,7.8799999999999955,-6.230000000000018,10.300000000000011
2025,Sialkot,Food & Beverages,Gur (Average Quality),-7.77000000000001,14.819999999999993,5.180000000000007,10.0,0.0,10.0,0.0,0.0,0.0,0.0,-38.69999999999999
2025,Sialkot,Food & Beverages,Milk fresh (Un-boiled),0.0,0.0,0.0,0.0,0.0,0.0,0.0,0.0,0.0,0.0,0.0
2025,Sialkot,Food & Beverages,Mustard Oil (Average Quality),0.0,0.0,-10.289999999999964,-29.710000000000036,0.0,0.0,0.0,0.0,0.0,0.0,0.0
2025,Sialkot,Food & Beverages,Mutton (Average Quality),0.0,0.0,0.0,0.0,0.0,0.0,0.0,0.0,0.0,0.0,0.0
2025,Sialkot,Food & Beverages,Onions,-32.75,-26.150000000000006,-13.079999999999991,-16.050000000000004,0.0,22.599999999999994,10.340000000000003,19.74000000000001,22.959999999999994,35.88000000000001,-51.58000000000001
2025,Sialkot,Food & Beverages,Potatoes,-23.370000000000005,-0.8099999999999952,-1.5799999999999983,0.7899999999999991,0.0,32.980000000000004,-8.010000000000005,0.5900000000000034,-4.570000000000007,-5.969999999999999,-3.4299999999999926
2025,Sialkot,Food & Beverages,Powdered Milk NIDO 390 gm Polyba,0.0,0.0,0.0,52.069999999999936,0.0,0.0,0.0,0.0,0.0,0.0,0.0
2025,Sialkot,Food & Beverages,Powdered Milk NIDO 390 gm Polybag,0.0,0.0,0.0,0.0,0.0,70.0,0.0,0.0,0.0,9.86999999999989,60.0
2025,Sialkot,Food & Beverages,Pulse Gram,-5.829999999999984,-37.52999999999997,19.72999999999996,-2.1999999999999886,0.0,-4.0400000000000205,-5.9599999999999795,-2.5299999999999727,-9.5,-15.51000000000002,-15.320000000000022
2025,Sialkot,Food & Beverages,Pulse Mash (Washed),-13.550000000000011,-22.480000000000018,-9.939999999999998,0.0,0.0,0.0,-10.0,-7.589999999999975,-12.410000000000025,0.0,-5.029999999999973
2025,Sialkot,Food & Beverages,Pulse Masoor (Washed),0.0,0.0,0.0,-10.0,0.0,0.0,0.0,-2.5400000000000205,-7.4599999999999795,0.0,-10.199999999999989
2025,Sialkot,Food & Beverages,Pulse Moong (Washed),0.0,7.480000000000018,2.519999999999982,0.0,0.0,-28.189999999999998,-34.339999999999975,10.0,-13.510000000000048,-3.9599999999999795,24.610000000000014
2025,Sialkot,Food & Beverages,Rice Basmati Broken (Average Qualit,0.0,-20.0,0.0,0.0,0.0,0.0,0.0,0.0,0.0,0.0,0.0
2025,Sialkot,Food & Beverages,Salt Powdered (NATIONAL/SHAN) 80,0.0,0.0,0.0,0.0,0.0,0.0,0.0,0.0,0.0,0.0,0.0
2025,Sialkot,Food & Beverages,Sugar Refined,11.530000000000001,12.95999999999998,-1.1999999999999886,8.699999999999989,0.0,7.850000000000023,-5.300000000000011,0.1699999999999875,0.9400000000000261,-2.280000000000001,-16.650000000000006
2025,Sialkot,Food & Beverages,Tea Lipton Yellow Label 190 gm Pack,0.0,-95.81,0.0,0.0,0.0,0.0,0.0,0.0,0.0,0.0,0.0
2025,Sialkot,Food & Beverages,Tea Prepared Ordinary,0.0,0.0,0.0,0.0,0.0,0.0,0.0,0.0,0.0,0.0,0.0
2025,Sialkot,Food & Beverages,Tomatoes,-62.21000000000001,9.730000000000004,0.3200000000000074,-35.580000000000005,0.0,47.13,21.25,120.83999999999999,89.55000000000001,-182.19,-43.46000000000001
2025,Sialkot,Food & Beverages,Vegetable Ghee DALDA/HABIB 2.5 kg,7.730000000000018,-14.920000000000073,0.0,0.0,0.0,0.0,0.0,0.0,0.0,0.0,0.0
2025,Sialkot,Food & Beverages,Vegetable Ghee DALDA/HABIB or Ot,0.0,-5.2999999999999545,0.0,-10.0,0.0,0.0,0.0,0.0,0.0,0.0,0.0
2025,Sialkot,Food & Beverages,Wheat Flour Bag,-16.190000000000055,-26.210000000000036,-82.36999999999989,-192.5200000000002,0.0,17.75999999999999,107.7800000000002,398.98,-41.99000000000001,16.0,54.69999999999982
2025,Sialkot,Food & Beverages,Chilies Powder NATIONAL 200 gm Packet,0.0,0.0,0.0,0.0,0.0,0.0,0.0,0.0,0.0,0.0,14.050000000000011
2025,Sialkot,Food & Beverages,"Cooking Oil DALDA or Other Similar Brand (SN), 5 Litre Tin",0.0,0.0,0.0,0.0,0.0,0.0,0.0,0.0,15.820000000000164,64.17999999999984,0.0
2025,Sialkot,Food & Beverages,Rice Basmati Broken (Average Quality),0.0,0.0,0.0,0.0,0.0,0.0,0.0,7.449999999999989,-3.509999999999991,-3.9399999999999977,0.0
2025,Sialkot,Food & Beverages,Salt Powdered (NATIONAL/SHAN) 800 gm Packet,0.0,0.0,0.0,0.0,0.0,0.0,0.0,0.0,0.0,0.0,0.0
2025,Sialkot,Food & Beverages,Tea Lipton Yellow Label 190 gm Packet,0.0,0.0,0.0,0.0,0.0,0.0,0.0,0.0,0.0,0.0,0.0
2025,Sialkot,Food & Beverages,Vegetable Ghee DALDA/HABIB 2.5 kg Tin,0.0,0.0,0.0,0.0,0.0,0.0,-6.289999999999964,-18.710000000000036,0.0,46.210000000000036,18.789999999999964
2025,Sialkot,Food & Beverages,Vegetable Ghee DALDA/HABIB or Other superior Quality 1 kg Pouch,0.0,0.0,0.0,0.0,0.0,0.0,0.0,0.0,8.769999999999982,7.230000000000018,7.0
2025,Sialkot,Household Equipment,Energy Saver Philips 14 Watt,0.0,0.0,0.0,0.0,0.0,0.0,0.0,0.0,0.0,0.0,0.0
2025,Sialkot,Household Equipment,Match Box,0.0,0.0,0.0,0.0,0.0,0.0,0.0,0.0,0.0,0.0,0.0
2025,Sialkot,Housing Water & Energy,Electricity Charges upto 50 Units,-0.04999999999999982,0.0,-0.3099999999999996,-0.9700000000000006,0.0,0.3200000000000003,0.3600000000000003,-0.41000000000000014,-0.16000000000000014,0.41000000000000014,0.7799999999999994
2025,Sialkot,Housing Water & Energy,Firewood Whole,0.0,0.0,0.0,0.0,0.0,0.0,0.0,0.0,0.0,0.0,0.0
2025,Sialkot,Housing Water & Energy,Gas Charges upto 3.3719 MMBTU,0.0,0.0,0.0,0.0,0.0,217.69000000000005,372.30999999999995,0.0,0.0,0.0,0.0
2025,Sialkot,Housing Water & Energy,LPG 11.67 kg Cylinder,-375.99000000000024,359.49000000000024,116.56999999999971,-333.25,0.0,22.870000000000346,-260.0400000000004,121.43000000000029,-138.1800000000003,189.54000000000042,365.5
2025,Sialkot,Miscellaneous,Cigarettes Capstan 20'S Packet,0.0,0.0,0.0,0.0,0.0,0.0,0.0,0.0,0.0,0.0,10.0
2025,Sialkot,Personal Care,Sufi Washing Soap 250 gm Cake,0.0,0.0,0.0,0.0,0.0,0.0,0.0,0.0,0.0,0.0,0.0
2025,Sialkot,Personal Care,Toilet Soap LIFEBUOY 115 gm,-0.519999999999996,8.049999999999997,0.0,0.0,0.0,-0.7999999999999972,-2.710000000000008,-1.4899999999999949,0.0,0.0,1.0799999999999983
2025,Sialkot,Transport & Communication,Hi-Speed Diesel,6.050000000000011,-7.300000000000011,0.0,-3.019999999999982,0.0,24.139999999999986,-0.37999999999999545,-7.029999999999973,4.589999999999975,5.480000000000018,-8.870000000000005
2025,Sialkot,Transport & Communication,Petrol Super,1.9000000000000057,-0.9900000000000091,-1.009999999999991,-2.0,0.0,17.389999999999986,-5.360000000000014,0.0,1.5900000000000318,0.18000000000000682,-1.9700000000000273
2025,Sialkot,Transport & Communication,Telephone Call Charges,0.0,0.0,0.0,0.0,0.0,0.0,0.0,0.0,0.0,0.0,0.0
2025,Sukkur,Apparel & Footwear,Gents Sandal Bata,0.0,0.0,0.0,0.0,0.0,0.0,0.0,0.0,0.0,0.0,0.0
2025,Sukkur,Apparel & Footwear,Gents Sponge Chappal Bata,0.0,0.0,0.0,0.0,0.0,0.0,0.0,0.0,0.0,0.0,0.0
2025,Sukkur,Apparel & Footwear,Georgette (Average Quality),0.0,0.0,0.0,0.0,0.0,0.0,0.0,0.0,0.0,0.0,0.0
2025,Sukkur,Apparel & Footwear,Ladies Sandal Bata,0.0,0.0,0.0,0.0,0.0,0.0,0.0,0.0,0.0,0.0,0.0
2025,Sukkur,Apparel & Footwear,Lawn Printed Gul Ahmed/Al Karam,0.0,0.0,0.0,0.0,0.0,0.0,0.0,0.0,0.0,0.0,0.0
2025,Sukkur,Apparel & Footwear,"Long Cloth 57"" Gul Ahmed/Al Karam",0.0,0.0,0.0,0.0,0.0,0.0,0.0,0.0,0.0,0.0,0.0
2025,Sukkur,Apparel & Footwear,Shirting (Average Quality),0.0,0.0,0.0,0.0,0.0,0.0,0.0,0.0,0.0,4.939999999999998,40.54999999999998
2025,Sukkur,Food & Beverages,Bananas (Kela) Local,35.53999999999999,21.830000000000013,7.72999999999999,0.0,0.0,-7.72999999999999,0.0,-37.94,-15.710000000000008,-3.719999999999999,0.0
2025,Sukkur,Food & Beverages,Beef with Bone (Average Quality),0.0,0.0,0.0,100.0,0.0,0.0,0.0,0.0,0.0,0.0,16.00999999999999
2025,Sukkur,Food & Beverages,Bread plain (Small Size),2.0799999999999983,0.0,0.0,0.0,0.0,0.0,0.0,20.0,0.0,0.0,0.0
2025,Sukkur,Food & Beverages,Chicken Farm Broiler (Live),3.0299999999999727,36.5,-38.579999999999984,3.4599999999999795,0.0,-54.23000000000002,38.0,-38.06,-88.59999999999997,36.170000000000016,40.69999999999999
2025,Sukkur,Food & Beverages,Chilies Powder NATIONAL 200 gm Pa,0.0,0.0,0.0,0.0,0.0,0.0,0.0,0.0,0.0,0.0,0.0
2025,Sukkur,Food & Beverages,Cooked Beef at Average Hotel,0.0,0.0,0.0,0.0,0.0,0.0,0.0,0.0,0.0,0.0,0.0
2025,Sukkur,Food & Beverages,Cooked Daal at Average Hotel,2.969999999999999,0.0,0.0,0.0,0.0,0.0,0.0,0.0,0.0,5.0800000000000125,0.0
2025,Sukkur,Food & Beverages,Cooking Oil DALDA or Other Similar,0.0,81.69000000000005,-15.039999999999964,15.039999999999964,0.0,0.0,0.0,0.0,0.0,0.0,0.0
2025,Sukkur,Food & Beverages,Curd (Dahi) Loose,0.0,0.0,0.0,0.0,0.0,0.0,0.0,0.0,0.0,0.0,6.469999999999999
2025,Sukkur,Food & Beverages,Eggs Hen (Farm),-6.25,10.110000000000014,-42.180000000000035,64.66999999999999,0.0,-24.159999999999968,29.639999999999986,15.120000000000005,13.670000000000016,18.72999999999996,17.460000000000036
2025,Sukkur,Food & Beverages,Garlic (Lehsun),30.779999999999973,-64.58999999999992,-129.89000000000004,-142.02000000000004,0.0,29.640000000000043,30.889999999999986,45.19,43.89999999999998,-43.89999999999998,22.94999999999999
2025,Sukkur,Food & Beverages,Gur (Average Quality),0.0,4.800000000000011,-4.800000000000011,19.5,0.0,40.5,0.0,-5.159999999999997,-27.069999999999993,-7.77000000000001,0.0
2025,Sukkur,Food & Beverages,Milk fresh (Un-boiled),0.0,0.0,0.0,0.0,0.0,0.0,0.0,0.0,0.0,0.0,0.0
2025,Sukkur,Food & Beverages,Mustard Oil (Average Quality),-3.7100000000000364,-22.99000000000001,-29.359999999999957,-22.50999999999999,0.0,25.029999999999973,24.74000000000001,15.259999999999991,0.0,0.0,9.480000000000018
2025,Sukkur,Food & Beverages,Mutton (Average Quality),0.0,0.0,49.24000000000001,50.75999999999999,0.0,0.0,0.0,0.0,0.0,0.0,32.700000000000045
2025,Sukkur,Food & Beverages,Onions,-22.879999999999995,-26.18,-11.530000000000001,-5.949999999999996,0.0,3.6599999999999966,14.770000000000003,17.229999999999997,22.959999999999994,34.65000000000002,-48.98000000000002
2025,Sukkur,Food & Beverages,Potatoes,-20.279999999999994,-5.310000000000002,5.310000000000002,-4.130000000000003,0.0,7.670000000000002,0.0,0.0,0.0,10.0,-11.32
2025,Sukkur,Food & Beverages,Powdered Milk NIDO 390 gm Polyba,0.0,0.0,0.0,0.0,0.0,0.0,0.0,0.0,0.0,0.0,0.0
2025,Sukkur,Food & Beverages,Powdered Milk NIDO 390 gm Polybag,0.0,0.0,0.0,0.0,0.0,24.799999999999955,25.200000000000045,0.0,0.0,0.0,0.0
2025,Sukkur,Food & Beverages,Pulse Gram,-20.53000000000003,-84.28999999999996,-3.170000000000016,13.339999999999975,0.0,0.0,0.0,0.0,-6.519999999999982,-20.0,0.0
2025,Sukkur,Food & Beverages,Pulse Mash (Washed),-25.269999999999982,-34.73000000000002,-5.079999999999984,-14.920000000000016,0.0,0.0,-2.5500000000000114,-7.569999999999993,0.0,0.0,0.0
2025,Sukkur,Food & Beverages,Pulse Masoor (Washed),0.0,-25.0,0.0,0.0,0.0,25.0,0.0,0.0,0.0,-20.0,0.0
2025,Sukkur,Food & Beverages,Pulse Moong (Washed),2.019999999999982,-30.0,0.0,14.910000000000025,0.0,5.089999999999975,-2.5500000000000114,-7.569999999999993,0.0,0.0,0.0
2025,Sukkur,Food & Beverages,Rice Basmati Broken (Average Qualit,0.0,0.0,-15.199999999999989,-4.800000000000011,0.0,0.0,0.0,0.0,0.0,0.0,0.0
2025,Sukkur,Food & Beverages,Rice IRRI-6/9 (Sindh/Punjab),0.0,0.0,-15.22999999999999,-4.77000000000001,0.0,2.930000000000007,1.9899999999999807,15.080000000000013,-15.539999999999992,-14.460000000000008,0.0
2025,Sukkur,Food & Beverages,Salt Powdered (NATIONAL/SHAN) 80,0.0,0.0,0.0,0.0,0.0,0.0,0.0,0.0,0.0,0.0,0.0
2025,Sukkur,Food & Beverages,Sugar Refined,13.079999999999984,12.730000000000018,1.039999999999992,3.740000000000009,0.0,8.429999999999978,-0.4199999999999875,4.97999999999999,-0.13999999999998636,5.3700000000000045,-24.82000000000002
2025,Sukkur,Food & Beverages,Tea Lipton Yellow Label 190 gm Pack,0.0,-59.00000000000006,-52.76999999999998,0.0,0.0,0.0,0.0,0.0,0.0,0.0,0.0
2025,Sukkur,Food & Beverages,Tea Prepared Ordinary,0.0,0.0,0.0,0.0,0.0,0.0,0.0,0.0,0.0,10.0,0.0
2025,Sukkur,Food & Beverages,Tomatoes,-59.99,12.36,-10.649999999999999,-7.040000000000003,0.0,43.57000000000001,40.83,55.14999999999999,59.26000000000002,-122.44000000000001,-60.86
2025,Sukkur,Food & Beverages,Vegetable Ghee DALDA/HABIB 2.5 kg,16.13000000000011,6.210000000000036,18.789999999999964,-10.099999999999909,0.0,0.0,0.0,0.0,0.0,0.0,0.0
2025,Sukkur,Food & Beverages,Vegetable Ghee DALDA/HABIB or Ot,0.0,12.029999999999973,-5.529999999999973,-5.470000000000027,0.0,0.0,0.0,0.0,0.0,0.0,0.0
2025,Sukkur,Food & Beverages,Wheat Flour Bag,-42.73000000000002,55.25999999999999,-208.97000000000003,-86.06999999999994,0.0,-45.01999999999998,149.0999999999999,609.9499999999998,17.640000000000327,3.2899999999999636,69.48999999999978
2025,Sukkur,Food & Beverages,Chilies Powder NATIONAL 200 gm Packet,0.0,0.0,0.0,0.0,0.0,0.0,0.0,0.0,20.0,0.0,0.0
2025,Sukkur,Food & Beverages,"Cooking Oil DALDA or Other Similar Brand (SN), 5 Litre Tin",0.0,0.0,0.0,0.0,0.0,0.0,-9.929999999999836,0.0,0.0,19.789999999999964,6.630000000000109
2025,Sukkur,Food & Beverages,Rice Basmati Broken (Average Quality),0.0,0.0,0.0,0.0,0.0,0.0,0.0,20.0,0.0,0.0,0.0
2025,Sukkur,Food & Beverages,Salt Powdered (NATIONAL/SHAN) 800 gm Packet,0.0,0.0,0.0,0.0,0.0,0.0,0.0,0.0,0.0,-1.3400000000000034,-3.8499999999999943
2025,Sukkur,Food & Beverages,Tea Lipton Yellow Label 190 gm Packet,0.0,0.0,0.0,0.0,0.0,0.0,0.0,0.0,0.0,0.0,0.0
2025,Sukkur,Food & Beverages,Vegetable Ghee DALDA/HABIB 2.5 kg Tin,0.0,0.0,0.0,0.0,0.0,0.0,-4.970000000000027,0.0,23.86999999999989,11.100000000000136,-14.970000000000027
2025,Sukkur,Food & Beverages,Vegetable Ghee DALDA/HABIB or Other superior Quality 1 kg Pouch,0.0,0.0,0.0,0.0,0.0,0.0,0.0,0.0,4.789999999999964,3.6900000000000546,7.519999999999982
2025,Sukkur,Household Equipment,Energy Saver Philips 14 Watt,0.0,0.0,0.0,0.0,0.0,0.0,0.0,0.0,0.0,0.0,0.0
2025,Sukkur,Household Equipment,Match Box,0.0,0.0,0.0,0.0,0.0,0.0,0.0,0.0,0.0,0.0,0.0
2025,Sukkur,Housing Water & Energy,Electricity Charges upto 50 Units,-0.04999999999999982,0.0,-0.3099999999999996,-0.9700000000000006,0.0,0.3200000000000003,0.3600000000000003,-0.41000000000000014,-0.16000000000000014,0.41000000000000014,0.7799999999999994
2025,Sukkur,Housing Water & Energy,Firewood Whole,0.0,0.0,0.0,0.0,0.0,0.0,0.0,0.0,0.0,200.0,0.0
2025,Sukkur,Housing Water & Energy,Gas Charges upto 3.3719 MMBTU,0.0,0.0,0.0,0.0,0.0,217.69000000000005,372.30999999999995,0.0,0.0,0.0,0.0
2025,Sukkur,Housing Water & Energy,LPG 11.67 kg Cylinder,-238.13999999999987,28.110000000000127,145.69999999999982,-173.80999999999995,0.0,-90.86000000000013,-228.7199999999998,120.0,0.0,55.940000000000055,289.05999999999995
2025,Sukkur,Miscellaneous,Cigarettes Capstan 20'S Packet,4.050000000000011,6.199999999999989,3.8000000000000114,0.0,0.0,0.0,0.0,0.0,0.0,0.0,0.0
2025,Sukkur,Personal Care,Sufi Washing Soap 250 gm Cake,0.0,0.0,0.0,0.0,0.0,0.0,0.0,0.0,0.0,0.0,0.0
2025,Sukkur,Personal Care,Toilet Soap LIFEBUOY 115 gm,0.0,0.0,0.0,0.0,0.0,0.0,0.0,0.0,4.280000000000001,1.8900000000000006,0.0
2025,Sukkur,Transport & Communication,Hi-Speed Diesel,6.0,-7.25,0.0,-3.019999999999982,0.0,24.129999999999995,-0.37999999999999545,-7.78000000000003,4.5,5.550000000000011,-8.95999999999998
2025,Sukkur,Transport & Communication,Petrol Super,2.2299999999999898,-1.3199999999999932,-1.0,-2.009999999999991,0.0,17.379999999999995,-5.360000000000014,0.0,0.8500000000000227,0.18000000000000682,-1.9800000000000182
2025,Sukkur,Transport & Communication,Telephone Call Charges,0.0,0.0,0.0,0.0,0.0,0.0,0.0,0.0,0.0,0.0,0.0
